draw,M,C,L,KD,MP,S,V,SD,ÖVR,bloc_1,bloc_2
1,70,25,19,22,22,99,30,62,0,176,173
2,71,25,19,22,22,99,29,62,0,175,174
3,69,25,19,22,22,100,30,62,0,177,172
4,70,25,19,21,23,99,30,62,0,177,172
5,71,25,19,22,21,100,30,61,0,176,173
6,71,25,19,22,22,99,29,62,0,175,174
7,70,26,19,22,22,99,30,61,0,177,172
8,70,25,19,22,22,99,30,62,0,176,173
9,71,25,19,22,22,99,29,62,0,175,174
10,71,25,19,22,21,100,29,62,0,175,174
11,71,25,19,22,21,100,29,62,0,175,174
12,71,25,19,22,22,98,29,63,0,174,175
13,71,26,19,22,22,98,29,62,0,175,174
14,71,25,19,22,22,99,29,62,0,175,174
15,71,25,19,22,21,100,29,62,0,175,174
16,71,25,20,22,22,99,29,61,0,175,174
17,71,25,19,22,21,99,30,62,0,175,174
18,71,25,19,22,22,99,29,62,0,175,174
19,70,25,19,22,21,100,30,62,0,176,173
20,71,25,19,22,22,98,30,62,0,175,174
21,71,25,19,22,22,99,29,62,0,175,174
22,71,25,19,22,22,99,29,62,0,175,174
23,70,25,19,22,22,99,30,62,0,176,173
24,70,25,19,22,22,100,29,62,0,176,173
25,71,25,19,22,22,99,30,61,0,176,173
26,71,25,19,22,22,100,29,61,0,176,173
27,70,25,19,22,22,100,29,62,0,176,173
28,70,25,19,22,22,99,30,62,0,176,173
29,71,25,20,22,22,98,29,62,0,174,175
30,71,25,19,22,22,99,29,62,0,175,174
31,71,25,19,22,21,99,29,63,0,174,175
32,70,25,19,22,22,99,30,62,0,176,173
33,70,25,19,22,22,100,30,61,0,177,172
34,70,25,20,21,22,99,31,61,0,177,172
35,71,25,19,22,22,99,29,62,0,175,174
36,71,25,19,22,22,98,30,62,0,175,174
37,71,25,19,22,22,99,29,62,0,175,174
38,71,25,19,22,21,99,30,62,0,175,174
39,71,25,19,22,22,99,30,61,0,176,173
40,71,25,19,22,22,99,29,62,0,175,174
41,71,25,20,22,22,99,29,61,0,175,174
42,71,25,19,22,22,99,29,62,0,175,174
43,70,25,19,22,22,99,30,62,0,176,173
44,71,25,19,22,22,99,29,62,0,175,174
45,71,25,19,22,22,99,29,62,0,175,174
46,71,26,19,22,22,98,29,62,0,175,174
47,71,25,19,22,22,98,31,61,0,176,173
48,70,25,19,22,22,99,30,62,0,176,173
49,71,25,19,22,22,99,29,62,0,175,174
50,71,25,19,22,22,99,29,62,0,175,174
51,70,25,18,22,22,100,30,62,0,177,172
52,71,25,19,22,22,99,29,62,0,175,174
53,71,25,19,22,22,98,30,62,0,175,174
54,71,25,19,22,22,99,30,61,0,176,173
55,71,25,19,22,22,99,29,62,0,175,174
56,71,25,19,22,22,99,29,62,0,175,174
57,70,25,19,22,22,99,30,62,0,176,173
58,70,25,19,22,22,99,30,62,0,176,173
59,70,25,19,21,22,99,30,63,0,176,173
60,71,25,19,22,22,99,29,62,0,175,174
61,70,26,19,22,23,98,30,61,0,177,172
62,70,25,19,22,22,99,30,62,0,176,173
63,71,26,19,22,22,98,29,62,0,175,174
64,70,25,19,21,23,99,30,62,0,177,172
65,70,25,19,22,22,100,30,61,0,177,172
66,71,25,19,22,22,99,30,61,0,176,173
67,71,25,19,22,22,99,29,62,0,175,174
68,70,25,19,22,22,99,30,62,0,176,173
69,71,25,19,22,22,99,29,62,0,175,174
70,70,25,19,22,22,99,30,62,0,176,173
71,71,25,19,22,22,99,29,62,0,175,174
72,71,25,19,22,22,99,29,62,0,175,174
73,71,25,19,22,22,98,30,62,0,175,174
74,71,25,19,22,21,99,29,63,0,174,175
75,71,25,19,21,22,99,30,62,0,176,173
76,71,25,20,22,22,98,29,62,0,174,175
77,70,25,19,22,22,99,30,62,0,176,173
78,71,25,19,21,22,99,30,62,0,176,173
79,70,25,19,22,22,100,29,62,0,176,173
80,71,25,19,22,21,99,30,62,0,175,174
81,71,26,20,22,23,98,28,61,0,175,174
82,71,25,19,22,22,99,29,62,0,175,174
83,71,26,19,22,22,99,29,61,0,176,173
84,70,25,19,22,22,99,31,61,0,177,172
85,70,25,19,22,22,99,30,62,0,176,173
86,70,25,19,22,22,99,30,62,0,176,173
87,71,25,19,22,22,99,29,62,0,175,174
88,70,25,19,22,22,99,31,61,0,177,172
89,71,25,19,21,22,99,30,62,0,176,173
90,70,25,19,22,22,99,30,62,0,176,173
91,71,25,19,22,22,99,29,62,0,175,174
92,71,25,19,22,22,99,30,61,0,176,173
93,71,25,19,22,22,99,29,62,0,175,174
94,71,25,19,22,22,99,29,62,0,175,174
95,70,25,19,22,22,99,29,63,0,175,174
96,71,25,19,22,22,98,29,63,0,174,175
97,71,25,19,22,22,98,30,62,0,175,174
98,70,25,19,22,21,99,30,63,0,175,174
99,70,25,19,22,22,100,30,61,0,177,172
100,71,25,19,22,22,99,30,61,0,176,173
101,71,25,19,22,22,99,30,61,0,176,173
102,70,25,19,22,22,99,30,62,0,176,173
103,71,25,19,22,22,99,29,62,0,175,174
104,71,25,19,22,22,99,29,62,0,175,174
105,71,25,19,22,22,99,29,62,0,175,174
106,71,25,19,22,22,99,29,62,0,175,174
107,72,25,19,22,22,98,29,62,0,174,175
108,70,26,19,22,22,99,30,61,0,177,172
109,71,25,20,22,21,99,29,62,0,174,175
110,70,25,19,22,22,99,30,62,0,176,173
111,71,25,19,23,22,98,29,62,0,174,175
112,71,25,19,22,21,99,30,62,0,175,174
113,70,26,19,22,22,99,29,62,0,176,173
114,71,25,19,22,22,100,29,61,0,176,173
115,71,26,19,22,22,98,29,62,0,175,174
116,71,25,19,22,22,99,29,62,0,175,174
117,70,25,19,21,22,100,30,62,0,177,172
118,71,25,19,22,22,99,29,62,0,175,174
119,70,25,19,22,22,99,30,62,0,176,173
120,71,25,19,22,22,100,29,61,0,176,173
121,71,25,19,22,22,98,29,63,0,174,175
122,71,25,19,22,21,99,30,62,0,175,174
123,70,25,19,22,22,100,30,61,0,177,172
124,70,25,19,22,22,99,30,62,0,176,173
125,71,25,19,22,22,99,29,62,0,175,174
126,70,25,19,22,22,99,29,63,0,175,174
127,71,25,20,22,22,99,29,61,0,175,174
128,71,25,19,22,22,99,29,62,0,175,174
129,71,25,19,22,22,99,29,62,0,175,174
130,70,25,19,22,21,100,30,62,0,176,173
131,71,25,19,22,22,99,30,61,0,176,173
132,70,25,19,22,22,99,30,62,0,176,173
133,70,25,19,22,22,100,30,61,0,177,172
134,70,25,19,21,22,100,30,62,0,177,172
135,71,25,19,22,22,99,29,62,0,175,174
136,70,25,19,21,22,100,30,62,0,177,172
137,71,25,19,22,21,99,30,62,0,175,174
138,72,25,19,22,21,99,29,62,0,174,175
139,72,25,19,22,22,98,30,61,0,175,174
140,70,25,19,22,22,99,30,62,0,176,173
141,71,25,19,22,22,99,29,62,0,175,174
142,71,25,19,22,22,98,30,62,0,175,174
143,70,25,19,22,22,99,30,62,0,176,173
144,70,25,19,22,22,98,30,63,0,175,174
145,71,25,19,22,22,99,29,62,0,175,174
146,70,25,19,22,22,100,30,61,0,177,172
147,70,25,19,22,22,99,31,61,0,177,172
148,70,25,19,22,22,99,30,62,0,176,173
149,71,25,19,22,22,98,30,62,0,175,174
150,72,25,19,22,22,99,29,61,0,175,174
151,70,25,19,22,22,99,30,62,0,176,173
152,70,25,19,22,22,99,30,62,0,176,173
153,70,25,19,22,22,99,30,62,0,176,173
154,70,25,19,22,22,100,29,62,0,176,173
155,71,25,19,22,22,99,29,62,0,175,174
156,70,25,19,22,22,100,30,61,0,177,172
157,71,25,19,22,22,99,29,62,0,175,174
158,71,25,19,22,21,99,30,62,0,175,174
159,71,25,19,22,22,100,29,61,0,176,173
160,70,25,19,22,22,99,30,62,0,176,173
161,70,25,19,21,22,100,30,62,0,177,172
162,70,25,19,22,22,99,30,62,0,176,173
163,70,25,19,22,22,99,30,62,0,176,173
164,71,25,19,22,22,99,29,62,0,175,174
165,71,25,19,22,22,99,29,62,0,175,174
166,70,25,20,22,22,99,30,61,0,176,173
167,70,25,19,22,22,99,30,62,0,176,173
168,71,25,20,22,22,99,29,61,0,175,174
169,71,25,19,22,22,99,28,63,0,174,175
170,70,25,19,22,22,99,30,62,0,176,173
171,71,25,19,22,22,99,29,62,0,175,174
172,71,25,19,22,22,99,29,62,0,175,174
173,71,25,19,22,22,99,29,62,0,175,174
174,71,25,19,22,22,98,30,62,0,175,174
175,71,25,19,22,21,99,30,62,0,175,174
176,71,25,19,22,22,99,29,62,0,175,174
177,70,25,19,21,22,100,30,62,0,177,172
178,70,25,19,22,22,99,30,62,0,176,173
179,71,25,19,22,22,99,29,62,0,175,174
180,71,25,19,22,22,99,29,62,0,175,174
181,71,25,19,22,21,99,30,62,0,175,174
182,71,25,19,22,22,99,29,62,0,175,174
183,70,25,19,23,22,98,29,63,0,174,175
184,70,25,19,22,22,99,30,62,0,176,173
185,71,25,19,22,22,99,30,61,0,176,173
186,70,25,19,22,22,99,30,62,0,176,173
187,70,25,19,22,22,100,30,61,0,177,172
188,71,25,19,22,22,99,29,62,0,175,174
189,70,26,19,22,22,98,29,63,0,175,174
190,71,25,19,22,21,99,30,62,0,175,174
191,71,25,19,22,22,99,29,62,0,175,174
192,70,25,19,22,22,99,30,62,0,176,173
193,71,25,19,22,22,99,29,62,0,175,174
194,71,25,19,22,22,98,30,62,0,175,174
195,71,25,19,22,22,99,29,62,0,175,174
196,70,25,19,22,22,99,30,62,0,176,173
197,71,25,19,22,22,100,29,61,0,176,173
198,70,25,19,22,22,99,30,62,0,176,173
199,71,25,19,22,22,99,30,61,0,176,173
200,71,25,19,22,22,99,29,62,0,175,174
201,70,25,19,22,22,99,30,62,0,176,173
202,70,25,19,22,22,99,30,62,0,176,173
203,70,25,19,22,22,100,29,62,0,176,173
204,70,25,19,22,22,99,30,62,0,176,173
205,70,25,19,22,22,99,30,62,0,176,173
206,70,25,19,22,22,100,29,62,0,176,173
207,71,25,19,22,22,99,29,62,0,175,174
208,71,25,19,22,21,99,29,63,0,174,175
209,70,24,19,22,22,100,30,62,0,176,173
210,70,25,19,22,22,99,30,62,0,176,173
211,72,25,19,22,22,99,28,62,0,174,175
212,70,25,19,22,22,99,30,62,0,176,173
213,70,25,19,22,22,99,30,62,0,176,173
214,70,25,19,22,22,99,30,62,0,176,173
215,71,25,19,22,22,99,29,62,0,175,174
216,71,25,19,22,22,99,29,62,0,175,174
217,72,25,19,22,22,98,29,62,0,174,175
218,71,25,19,22,22,99,29,62,0,175,174
219,71,25,19,22,22,99,29,62,0,175,174
220,70,25,19,22,22,98,30,63,0,175,174
221,70,25,19,22,22,100,29,62,0,176,173
222,71,25,20,22,22,98,29,62,0,174,175
223,71,25,19,22,22,99,29,62,0,175,174
224,70,25,19,22,22,99,30,62,0,176,173
225,71,25,19,22,22,99,29,62,0,175,174
226,71,25,19,22,22,99,29,62,0,175,174
227,71,25,19,22,22,99,29,62,0,175,174
228,70,26,19,22,22,99,29,62,0,176,173
229,71,25,19,22,22,99,29,62,0,175,174
230,70,26,19,22,22,99,29,62,0,176,173
231,70,26,19,22,22,99,29,62,0,176,173
232,71,25,20,22,21,99,30,61,0,175,174
233,71,25,19,22,22,99,29,62,0,175,174
234,71,25,19,22,22,99,29,62,0,175,174
235,71,25,19,22,22,99,29,62,0,175,174
236,71,25,19,22,22,99,29,62,0,175,174
237,71,25,19,22,22,99,29,62,0,175,174
238,71,25,19,22,22,99,30,61,0,176,173
239,70,25,19,22,22,99,30,62,0,176,173
240,71,25,19,22,22,99,29,62,0,175,174
241,70,25,20,22,21,100,29,62,0,175,174
242,70,25,20,22,22,99,29,62,0,175,174
243,71,25,19,22,22,99,30,61,0,176,173
244,72,26,19,22,22,98,28,62,0,174,175
245,69,25,19,22,22,100,30,62,0,177,172
246,71,25,19,22,22,99,29,62,0,175,174
247,71,25,19,22,22,99,29,62,0,175,174
248,71,25,19,22,21,99,29,63,0,174,175
249,71,25,19,21,22,99,30,62,0,176,173
250,71,25,19,22,22,99,29,62,0,175,174
251,70,25,19,22,22,99,30,62,0,176,173
252,70,25,20,22,22,99,29,62,0,175,174
253,70,25,19,22,22,98,30,63,0,175,174
254,70,25,19,22,22,100,30,61,0,177,172
255,70,25,19,22,22,99,30,62,0,176,173
256,71,25,19,22,22,99,29,62,0,175,174
257,71,25,19,22,22,99,29,62,0,175,174
258,71,25,19,22,22,99,29,62,0,175,174
259,71,25,19,22,22,98,30,62,0,175,174
260,71,25,19,21,22,99,30,62,0,176,173
261,70,25,19,22,21,100,30,62,0,176,173
262,71,25,19,22,22,99,29,62,0,175,174
263,70,25,19,22,22,99,30,62,0,176,173
264,70,26,19,22,22,98,30,62,0,176,173
265,70,25,19,22,22,99,30,62,0,176,173
266,70,25,19,22,22,99,30,62,0,176,173
267,70,25,19,22,22,99,30,62,0,176,173
268,70,25,19,22,22,99,30,62,0,176,173
269,71,25,19,22,22,99,29,62,0,175,174
270,71,25,19,22,22,99,29,62,0,175,174
271,70,25,19,21,22,100,30,62,0,177,172
272,71,25,19,22,22,99,29,62,0,175,174
273,71,25,19,22,22,100,29,61,0,176,173
274,71,25,19,22,21,100,29,62,0,175,174
275,70,25,19,22,22,99,30,62,0,176,173
276,71,26,19,22,21,99,29,62,0,175,174
277,71,25,19,22,22,99,29,62,0,175,174
278,71,25,19,22,22,99,30,61,0,176,173
279,70,25,19,22,22,99,30,62,0,176,173
280,70,25,19,22,21,100,30,62,0,176,173
281,70,25,19,22,22,99,30,62,0,176,173
282,70,25,19,22,22,99,30,62,0,176,173
283,70,25,19,22,22,99,30,62,0,176,173
284,72,25,19,22,22,98,29,62,0,174,175
285,71,26,19,22,22,98,29,62,0,175,174
286,71,25,19,22,22,98,30,62,0,175,174
287,71,25,19,22,21,100,29,62,0,175,174
288,70,25,19,22,22,99,30,62,0,176,173
289,70,25,19,22,22,99,30,62,0,176,173
290,71,25,19,23,22,98,29,62,0,174,175
291,70,25,19,23,22,98,30,62,0,175,174
292,71,25,19,22,22,99,29,62,0,175,174
293,71,25,20,22,22,98,30,61,0,175,174
294,70,25,19,22,22,99,30,62,0,176,173
295,70,25,19,22,21,100,30,62,0,176,173
296,69,25,19,22,22,100,30,62,0,177,172
297,70,25,19,22,22,99,30,62,0,176,173
298,71,25,19,22,22,99,30,61,0,176,173
299,71,25,19,22,22,99,30,61,0,176,173
300,71,25,19,22,22,100,29,61,0,176,173
301,70,25,19,22,22,100,30,61,0,177,172
302,71,25,19,22,22,99,29,62,0,175,174
303,71,26,19,22,22,99,28,62,0,175,174
304,72,25,19,22,22,99,29,61,0,175,174
305,72,25,20,21,21,99,29,62,0,174,175
306,71,26,19,22,22,98,29,62,0,175,174
307,70,25,20,21,22,99,30,62,0,176,173
308,71,25,20,22,22,98,29,62,0,174,175
309,70,25,19,22,22,99,30,62,0,176,173
310,70,25,19,22,22,99,30,62,0,176,173
311,70,25,19,22,22,99,30,62,0,176,173
312,70,25,19,22,22,99,30,62,0,176,173
313,70,25,19,22,22,100,30,61,0,177,172
314,70,25,19,22,22,98,30,63,0,175,174
315,70,25,19,22,22,99,30,62,0,176,173
316,70,25,19,22,22,99,30,62,0,176,173
317,70,25,20,22,22,98,30,62,0,175,174
318,70,25,19,22,22,99,30,62,0,176,173
319,71,25,19,22,22,99,29,62,0,175,174
320,70,25,18,22,22,100,29,63,0,176,173
321,71,25,19,22,22,99,29,62,0,175,174
322,71,25,19,22,22,99,29,62,0,175,174
323,71,25,19,22,22,99,30,61,0,176,173
324,71,25,19,22,22,99,29,62,0,175,174
325,71,25,19,22,21,100,29,62,0,175,174
326,70,25,19,22,22,99,30,62,0,176,173
327,70,24,18,22,22,99,31,63,0,176,173
328,70,25,19,22,21,100,30,62,0,176,173
329,71,26,19,22,22,99,28,62,0,175,174
330,71,25,19,22,22,99,29,62,0,175,174
331,70,25,19,22,22,99,30,62,0,176,173
332,71,25,19,22,22,99,29,62,0,175,174
333,70,25,19,22,22,99,30,62,0,176,173
334,71,26,19,22,22,98,29,62,0,175,174
335,71,25,19,22,22,99,29,62,0,175,174
336,71,25,19,22,22,99,29,62,0,175,174
337,70,25,19,22,22,99,30,62,0,176,173
338,71,25,19,22,22,99,29,62,0,175,174
339,71,25,19,22,22,99,29,62,0,175,174
340,70,25,20,22,22,99,29,62,0,175,174
341,71,26,19,22,22,99,28,62,0,175,174
342,70,25,19,22,22,99,29,63,0,175,174
343,71,25,19,22,21,99,30,62,0,175,174
344,71,25,19,22,22,99,30,61,0,176,173
345,70,26,19,22,21,99,30,62,0,176,173
346,70,25,19,22,22,100,30,61,0,177,172
347,71,25,19,22,22,99,29,62,0,175,174
348,70,25,19,22,22,100,29,62,0,176,173
349,70,26,19,22,22,99,30,61,0,177,172
350,71,25,19,22,22,99,29,62,0,175,174
351,70,26,19,22,22,98,29,63,0,175,174
352,71,25,19,22,22,99,29,62,0,175,174
353,71,25,19,22,22,99,29,62,0,175,174
354,70,25,19,22,22,99,30,62,0,176,173
355,71,25,19,22,22,99,30,61,0,176,173
356,70,25,19,22,22,100,29,62,0,176,173
357,71,25,19,22,22,99,30,61,0,176,173
358,71,25,19,22,22,98,30,62,0,175,174
359,71,25,19,22,22,99,29,62,0,175,174
360,71,26,19,22,22,98,29,62,0,175,174
361,70,25,19,21,22,100,30,62,0,177,172
362,71,25,19,22,21,99,30,62,0,175,174
363,71,25,19,22,22,99,29,62,0,175,174
364,71,25,19,22,22,99,29,62,0,175,174
365,71,25,19,22,22,99,29,62,0,175,174
366,71,25,19,22,22,99,29,62,0,175,174
367,70,25,19,22,22,99,30,62,0,176,173
368,71,25,19,22,22,98,30,62,0,175,174
369,71,25,19,22,22,99,29,62,0,175,174
370,70,25,19,22,22,99,30,62,0,176,173
371,71,25,19,22,22,99,30,61,0,176,173
372,71,25,19,22,22,99,29,62,0,175,174
373,70,25,19,22,22,100,29,62,0,176,173
374,71,25,19,22,22,99,29,62,0,175,174
375,71,25,19,22,22,99,30,61,0,176,173
376,70,25,19,22,22,99,30,62,0,176,173
377,71,25,19,22,22,99,30,61,0,176,173
378,70,25,19,22,22,99,30,62,0,176,173
379,70,24,19,22,22,100,30,62,0,176,173
380,71,25,19,22,22,99,30,61,0,176,173
381,71,26,19,22,22,98,29,62,0,175,174
382,70,25,19,22,22,99,30,62,0,176,173
383,71,25,19,22,22,99,29,62,0,175,174
384,71,25,19,22,22,98,30,62,0,175,174
385,71,25,19,22,22,98,29,63,0,174,175
386,71,25,19,22,22,99,29,62,0,175,174
387,71,25,19,22,22,99,29,62,0,175,174
388,71,25,19,22,21,99,30,62,0,175,174
389,71,26,19,22,22,98,29,62,0,175,174
390,70,25,19,22,22,99,30,62,0,176,173
391,71,25,19,22,22,99,29,62,0,175,174
392,70,25,19,22,22,99,30,62,0,176,173
393,71,25,19,22,21,99,30,62,0,175,174
394,71,25,19,22,22,99,29,62,0,175,174
395,70,25,19,22,22,100,29,62,0,176,173
396,70,25,19,22,22,99,31,61,0,177,172
397,71,25,19,22,22,99,30,61,0,176,173
398,71,25,19,22,22,98,30,62,0,175,174
399,70,25,19,22,22,99,29,63,0,175,174
400,72,25,19,22,22,98,29,62,0,174,175
401,71,26,19,22,22,98,29,62,0,175,174
402,71,25,19,22,22,99,30,61,0,176,173
403,70,25,19,22,22,99,30,62,0,176,173
404,71,25,19,22,22,99,29,62,0,175,174
405,71,25,19,22,22,99,29,62,0,175,174
406,70,25,19,22,22,100,30,61,0,177,172
407,70,25,19,22,22,99,30,62,0,176,173
408,71,25,19,22,21,99,30,62,0,175,174
409,72,25,19,22,22,99,28,62,0,174,175
410,71,25,19,22,22,99,29,62,0,175,174
411,71,25,19,22,22,99,29,62,0,175,174
412,71,25,19,22,22,99,29,62,0,175,174
413,72,25,20,22,22,99,28,61,0,174,175
414,71,25,19,22,22,99,29,62,0,175,174
415,70,25,19,22,22,100,30,61,0,177,172
416,71,25,19,22,22,99,29,62,0,175,174
417,70,25,18,22,22,100,30,62,0,177,172
418,70,25,19,22,22,99,30,62,0,176,173
419,70,25,19,22,22,99,30,62,0,176,173
420,70,25,19,22,22,100,30,61,0,177,172
421,71,26,19,22,22,98,29,62,0,175,174
422,71,25,19,22,22,98,30,62,0,175,174
423,71,26,19,22,22,98,29,62,0,175,174
424,71,25,19,22,22,99,29,62,0,175,174
425,71,25,19,22,21,100,30,61,0,176,173
426,71,25,19,22,21,99,30,62,0,175,174
427,71,25,19,22,22,99,29,62,0,175,174
428,70,26,19,22,22,99,29,62,0,176,173
429,70,25,19,22,22,99,29,63,0,175,174
430,71,26,19,22,22,98,29,62,0,175,174
431,70,26,19,22,22,99,29,62,0,176,173
432,71,25,19,22,21,99,30,62,0,175,174
433,71,25,18,22,22,99,30,62,0,176,173
434,71,25,19,22,22,99,29,62,0,175,174
435,71,25,19,22,22,99,29,62,0,175,174
436,70,25,19,22,22,99,30,62,0,176,173
437,70,25,19,21,22,100,30,62,0,177,172
438,71,25,19,22,21,99,30,62,0,175,174
439,71,25,19,22,22,99,29,62,0,175,174
440,71,25,19,22,22,99,29,62,0,175,174
441,71,25,19,23,21,99,29,62,0,174,175
442,71,25,19,22,22,99,30,61,0,176,173
443,71,25,19,22,21,99,30,62,0,175,174
444,70,25,19,22,22,99,30,62,0,176,173
445,71,25,19,22,22,99,29,62,0,175,174
446,71,25,19,22,22,99,29,62,0,175,174
447,71,25,19,22,21,99,31,61,0,176,173
448,71,25,19,21,22,99,30,62,0,176,173
449,70,25,19,22,22,100,30,61,0,177,172
450,71,25,20,22,22,98,30,61,0,175,174
451,70,25,19,22,22,99,30,62,0,176,173
452,70,25,19,22,22,99,30,62,0,176,173
453,71,25,19,22,22,99,29,62,0,175,174
454,70,25,19,22,22,100,30,61,0,177,172
455,71,25,19,22,22,99,29,62,0,175,174
456,71,25,19,22,21,100,30,61,0,176,173
457,71,25,19,22,21,99,30,62,0,175,174
458,70,25,19,22,21,100,30,62,0,176,173
459,71,25,19,22,22,99,29,62,0,175,174
460,70,25,19,22,22,99,30,62,0,176,173
461,71,25,19,22,22,99,30,61,0,176,173
462,70,25,19,22,22,100,30,61,0,177,172
463,71,25,19,22,22,99,29,62,0,175,174
464,71,26,19,22,22,99,29,61,0,176,173
465,70,25,19,22,22,99,30,62,0,176,173
466,71,25,20,22,23,98,29,61,0,175,174
467,71,25,19,22,22,98,30,62,0,175,174
468,70,25,19,22,22,99,30,62,0,176,173
469,70,25,19,22,22,99,30,62,0,176,173
470,71,25,19,22,22,99,29,62,0,175,174
471,71,25,19,22,21,99,30,62,0,175,174
472,70,25,20,22,22,99,29,62,0,175,174
473,70,25,19,22,21,100,30,62,0,176,173
474,71,25,19,22,22,99,29,62,0,175,174
475,70,25,19,22,22,99,30,62,0,176,173
476,71,25,19,22,22,99,29,62,0,175,174
477,71,25,19,22,22,99,29,62,0,175,174
478,70,25,19,22,22,99,30,62,0,176,173
479,69,25,19,22,22,100,30,62,0,177,172
480,71,25,19,22,22,99,29,62,0,175,174
481,70,25,19,22,22,99,30,62,0,176,173
482,71,26,19,22,22,98,29,62,0,175,174
483,71,25,19,22,22,98,30,62,0,175,174
484,71,25,20,22,22,98,29,62,0,174,175
485,70,25,19,22,22,99,30,62,0,176,173
486,70,25,19,22,21,100,30,62,0,176,173
487,70,25,19,22,21,100,30,62,0,176,173
488,70,25,19,22,22,99,30,62,0,176,173
489,71,25,19,22,22,99,29,62,0,175,174
490,70,25,19,22,22,100,29,62,0,176,173
491,71,25,19,22,22,99,29,62,0,175,174
492,71,25,19,22,22,99,29,62,0,175,174
493,70,25,19,22,22,99,30,62,0,176,173
494,71,26,19,22,22,99,28,62,0,175,174
495,70,25,19,22,22,100,29,62,0,176,173
496,70,25,19,22,22,99,30,62,0,176,173
497,70,25,19,22,22,100,29,62,0,176,173
498,70,25,19,22,22,100,30,61,0,177,172
499,71,26,19,22,22,99,29,61,0,176,173
500,70,25,19,23,22,98,30,62,0,175,174
501,71,25,19,22,21,99,30,62,0,175,174
502,70,25,19,22,22,100,29,62,0,176,173
503,71,25,19,22,22,98,30,62,0,175,174
504,71,25,19,22,22,99,29,62,0,175,174
505,70,25,19,22,22,100,29,62,0,176,173
506,70,25,19,22,22,99,30,62,0,176,173
507,71,25,19,22,22,99,29,62,0,175,174
508,71,25,19,22,22,99,29,62,0,175,174
509,71,25,19,22,22,99,29,62,0,175,174
510,70,25,20,22,21,99,30,62,0,175,174
511,71,25,19,21,22,99,30,62,0,176,173
512,71,25,19,22,22,100,28,62,0,175,174
513,71,25,19,22,22,99,29,62,0,175,174
514,71,25,19,22,22,99,30,61,0,176,173
515,71,25,19,22,22,99,30,61,0,176,173
516,70,25,19,22,21,99,31,62,0,176,173
517,70,25,19,22,22,100,29,62,0,176,173
518,71,25,19,22,22,99,29,62,0,175,174
519,71,25,19,22,22,99,29,62,0,175,174
520,71,26,19,22,22,98,29,62,0,175,174
521,71,25,19,22,22,98,30,62,0,175,174
522,70,25,19,22,22,99,30,62,0,176,173
523,71,25,19,22,22,99,29,62,0,175,174
524,71,25,19,22,21,99,30,62,0,175,174
525,70,25,19,22,22,100,29,62,0,176,173
526,70,25,19,22,22,100,29,62,0,176,173
527,70,25,19,22,22,99,30,62,0,176,173
528,71,25,19,22,22,99,29,62,0,175,174
529,71,25,19,22,22,99,29,62,0,175,174
530,70,25,19,22,22,99,30,62,0,176,173
531,70,25,19,22,22,99,30,62,0,176,173
532,70,25,19,22,22,99,30,62,0,176,173
533,71,25,19,22,22,99,30,61,0,176,173
534,70,25,19,22,22,99,30,62,0,176,173
535,71,25,20,22,22,98,29,62,0,174,175
536,71,25,20,22,21,99,30,61,0,175,174
537,70,25,19,22,22,99,30,62,0,176,173
538,71,26,19,22,22,98,29,62,0,175,174
539,71,25,19,23,22,98,29,62,0,174,175
540,70,25,19,22,21,100,30,62,0,176,173
541,70,25,19,22,22,99,30,62,0,176,173
542,71,25,19,22,22,99,29,62,0,175,174
543,71,25,19,22,22,100,29,61,0,176,173
544,71,25,19,22,22,99,29,62,0,175,174
545,70,25,19,22,22,99,30,62,0,176,173
546,71,25,19,22,22,98,30,62,0,175,174
547,70,25,19,22,22,100,30,61,0,177,172
548,71,25,19,22,22,99,29,62,0,175,174
549,70,25,19,22,23,99,30,61,0,177,172
550,71,25,19,22,22,99,29,62,0,175,174
551,71,25,19,22,22,99,29,62,0,175,174
552,71,25,19,22,22,99,30,61,0,176,173
553,71,25,19,22,22,98,30,62,0,175,174
554,71,25,19,22,22,99,29,62,0,175,174
555,71,25,19,22,22,99,29,62,0,175,174
556,71,25,19,22,22,98,30,62,0,175,174
557,71,25,19,22,22,99,29,62,0,175,174
558,71,25,19,22,22,99,29,62,0,175,174
559,72,25,19,22,22,98,29,62,0,174,175
560,70,26,19,22,22,99,29,62,0,176,173
561,70,25,19,22,22,99,30,62,0,176,173
562,71,25,19,22,22,99,29,62,0,175,174
563,71,25,19,22,22,99,30,61,0,176,173
564,70,25,19,22,21,100,30,62,0,176,173
565,71,25,19,22,22,99,29,62,0,175,174
566,70,25,19,22,22,99,30,62,0,176,173
567,71,25,19,22,22,99,29,62,0,175,174
568,71,25,20,22,22,99,29,61,0,175,174
569,70,25,19,22,22,99,30,62,0,176,173
570,71,25,19,22,22,99,29,62,0,175,174
571,71,25,19,22,22,99,29,62,0,175,174
572,71,25,19,23,22,98,29,62,0,174,175
573,70,25,18,22,22,100,30,62,0,177,172
574,71,25,19,22,22,99,29,62,0,175,174
575,71,25,19,22,22,99,30,61,0,176,173
576,71,25,19,22,22,98,29,63,0,174,175
577,71,25,19,22,22,98,30,62,0,175,174
578,70,25,19,22,22,99,30,62,0,176,173
579,70,25,19,22,22,99,29,63,0,175,174
580,71,25,19,22,22,99,29,62,0,175,174
581,69,25,19,22,22,100,30,62,0,177,172
582,71,25,19,22,22,99,29,62,0,175,174
583,71,25,19,22,22,99,29,62,0,175,174
584,71,25,20,22,23,97,29,62,0,174,175
585,71,25,19,22,22,99,29,62,0,175,174
586,70,25,19,22,22,99,30,62,0,176,173
587,71,25,19,22,21,100,29,62,0,175,174
588,71,25,19,22,22,98,30,62,0,175,174
589,71,25,19,22,22,99,29,62,0,175,174
590,71,25,19,22,22,99,29,62,0,175,174
591,70,25,19,22,22,99,30,62,0,176,173
592,70,25,19,22,22,98,31,62,0,176,173
593,70,25,19,22,23,99,29,62,0,176,173
594,71,25,19,22,22,99,29,62,0,175,174
595,71,25,19,22,22,99,30,61,0,176,173
596,70,25,19,22,22,99,30,62,0,176,173
597,71,25,19,22,22,99,29,62,0,175,174
598,70,25,19,22,22,99,30,62,0,176,173
599,71,25,19,22,22,98,30,62,0,175,174
600,71,25,19,22,22,99,29,62,0,175,174
601,70,25,19,22,22,100,29,62,0,176,173
602,70,25,19,22,22,99,30,62,0,176,173
603,70,25,19,22,22,99,30,62,0,176,173
604,71,25,19,22,22,99,29,62,0,175,174
605,70,25,19,22,22,100,29,62,0,176,173
606,71,25,19,22,22,99,29,62,0,175,174
607,70,25,19,22,22,99,30,62,0,176,173
608,70,25,19,22,22,99,30,62,0,176,173
609,70,25,19,22,22,99,30,62,0,176,173
610,71,25,19,22,22,99,30,61,0,176,173
611,71,25,19,23,23,98,29,61,0,175,174
612,70,25,19,22,22,99,30,62,0,176,173
613,70,25,19,22,22,100,30,61,0,177,172
614,70,25,19,22,22,99,30,62,0,176,173
615,71,25,19,22,22,99,29,62,0,175,174
616,71,25,19,22,22,99,29,62,0,175,174
617,72,25,19,22,22,98,30,61,0,175,174
618,70,25,19,22,22,99,30,62,0,176,173
619,71,25,19,22,21,99,30,62,0,175,174
620,71,25,20,21,22,99,29,62,0,175,174
621,71,26,19,22,22,98,29,62,0,175,174
622,70,25,19,21,22,100,30,62,0,177,172
623,70,25,19,22,22,99,29,63,0,175,174
624,71,26,19,22,22,98,29,62,0,175,174
625,71,25,19,22,22,99,29,62,0,175,174
626,71,25,20,22,21,99,29,62,0,174,175
627,70,25,19,22,22,99,29,63,0,175,174
628,70,25,19,22,22,99,30,62,0,176,173
629,71,25,19,22,22,100,29,61,0,176,173
630,70,25,19,22,22,99,30,62,0,176,173
631,71,25,19,22,22,98,30,62,0,175,174
632,71,25,19,22,22,99,29,62,0,175,174
633,71,26,19,22,22,98,29,62,0,175,174
634,71,25,20,21,22,99,29,62,0,175,174
635,70,25,19,22,22,100,29,62,0,176,173
636,70,25,19,22,22,99,30,62,0,176,173
637,70,25,19,22,22,99,30,62,0,176,173
638,71,25,19,22,22,99,29,62,0,175,174
639,70,25,19,22,22,99,30,62,0,176,173
640,71,25,19,22,21,99,30,62,0,175,174
641,71,25,19,22,22,99,29,62,0,175,174
642,70,25,19,22,22,99,30,62,0,176,173
643,72,26,19,22,22,98,29,61,0,175,174
644,71,26,19,22,22,98,29,62,0,175,174
645,71,25,19,22,22,99,29,62,0,175,174
646,70,25,19,22,22,99,30,62,0,176,173
647,70,25,19,22,22,99,31,61,0,177,172
648,71,25,19,22,22,100,28,62,0,175,174
649,70,25,19,22,22,99,30,62,0,176,173
650,70,25,19,22,22,99,30,62,0,176,173
651,70,25,19,22,22,99,30,62,0,176,173
652,71,25,19,22,22,99,29,62,0,175,174
653,71,25,19,22,21,100,29,62,0,175,174
654,72,25,19,22,22,98,29,62,0,174,175
655,70,25,19,22,22,99,30,62,0,176,173
656,71,25,20,22,22,98,29,62,0,174,175
657,71,25,19,22,23,98,30,61,0,176,173
658,71,26,19,22,22,99,29,61,0,176,173
659,71,25,19,22,22,99,29,62,0,175,174
660,71,25,19,22,22,99,30,61,0,176,173
661,71,25,19,22,21,99,30,62,0,175,174
662,71,25,19,22,22,99,29,62,0,175,174
663,72,25,20,22,22,98,29,61,0,174,175
664,71,25,19,22,22,98,29,63,0,174,175
665,70,25,19,22,22,99,30,62,0,176,173
666,71,25,19,22,21,99,29,63,0,174,175
667,70,25,19,22,22,99,30,62,0,176,173
668,71,25,19,22,22,99,29,62,0,175,174
669,71,25,20,22,22,97,29,63,0,173,176
670,71,25,19,22,21,99,30,62,0,175,174
671,71,26,19,22,22,99,29,61,0,176,173
672,71,25,19,22,22,99,29,62,0,175,174
673,71,25,19,22,22,99,29,62,0,175,174
674,70,25,20,22,21,99,30,62,0,175,174
675,71,25,19,22,22,99,29,62,0,175,174
676,71,25,19,22,22,99,29,62,0,175,174
677,70,26,19,22,22,99,30,61,0,177,172
678,72,25,19,22,22,98,29,62,0,174,175
679,71,25,19,21,22,99,30,62,0,176,173
680,71,25,19,22,22,99,29,62,0,175,174
681,70,24,19,22,22,100,30,62,0,176,173
682,71,25,19,22,22,99,29,62,0,175,174
683,71,25,19,21,22,99,30,62,0,176,173
684,71,25,19,22,22,99,29,62,0,175,174
685,71,25,19,22,22,99,30,61,0,176,173
686,71,25,19,22,22,99,29,62,0,175,174
687,71,25,19,22,22,98,30,62,0,175,174
688,71,25,19,22,22,98,30,62,0,175,174
689,70,25,19,22,22,99,30,62,0,176,173
690,71,26,19,22,22,98,29,62,0,175,174
691,70,25,19,22,22,100,30,61,0,177,172
692,71,25,19,22,21,99,30,62,0,175,174
693,71,25,19,22,21,99,30,62,0,175,174
694,70,25,19,22,21,100,31,61,0,177,172
695,71,26,19,22,22,98,29,62,0,175,174
696,71,25,19,22,22,99,29,62,0,175,174
697,71,25,19,22,22,99,30,61,0,176,173
698,70,25,19,22,22,99,30,62,0,176,173
699,71,25,19,22,22,99,29,62,0,175,174
700,71,25,19,22,22,99,29,62,0,175,174
701,72,26,19,22,22,98,28,62,0,174,175
702,71,25,19,22,21,100,29,62,0,175,174
703,70,25,19,22,21,100,30,62,0,176,173
704,71,25,19,22,22,98,30,62,0,175,174
705,70,25,19,22,22,99,30,62,0,176,173
706,71,25,19,22,22,99,29,62,0,175,174
707,71,25,19,22,22,99,29,62,0,175,174
708,71,25,19,22,22,99,29,62,0,175,174
709,71,25,19,22,21,99,30,62,0,175,174
710,70,25,19,22,22,99,30,62,0,176,173
711,72,25,19,22,22,98,29,62,0,174,175
712,71,25,20,21,22,99,29,62,0,175,174
713,70,25,19,22,22,99,30,62,0,176,173
714,71,25,19,22,22,98,30,62,0,175,174
715,70,25,19,22,22,99,30,62,0,176,173
716,71,25,19,22,22,99,30,61,0,176,173
717,70,25,19,22,22,100,29,62,0,176,173
718,71,25,19,22,22,99,30,61,0,176,173
719,71,25,19,22,22,99,29,62,0,175,174
720,71,25,19,22,22,99,29,62,0,175,174
721,71,25,19,22,22,99,29,62,0,175,174
722,71,25,19,22,22,99,29,62,0,175,174
723,72,25,19,22,22,98,29,62,0,174,175
724,71,25,19,22,22,99,29,62,0,175,174
725,70,25,19,22,22,99,30,62,0,176,173
726,70,25,20,22,22,99,29,62,0,175,174
727,71,25,19,22,21,100,29,62,0,175,174
728,70,25,19,22,22,99,30,62,0,176,173
729,70,25,19,22,22,99,30,62,0,176,173
730,71,26,19,22,22,98,29,62,0,175,174
731,71,25,19,22,21,99,30,62,0,175,174
732,71,25,19,21,22,100,29,62,0,176,173
733,70,25,19,22,22,99,30,62,0,176,173
734,71,25,19,22,22,99,29,62,0,175,174
735,71,25,19,22,22,99,29,62,0,175,174
736,70,25,19,22,22,99,30,62,0,176,173
737,70,25,19,22,22,99,30,62,0,176,173
738,71,25,19,22,22,99,29,62,0,175,174
739,71,25,19,21,22,99,30,62,0,176,173
740,71,25,19,22,22,99,29,62,0,175,174
741,71,25,19,22,22,99,29,62,0,175,174
742,71,25,19,22,22,98,30,62,0,175,174
743,71,26,19,22,22,98,29,62,0,175,174
744,71,25,19,22,21,99,30,62,0,175,174
745,71,25,19,22,22,99,30,61,0,176,173
746,70,25,19,22,22,100,29,62,0,176,173
747,71,25,19,22,22,99,29,62,0,175,174
748,71,25,19,22,22,99,29,62,0,175,174
749,71,25,19,22,22,99,29,62,0,175,174
750,70,25,19,22,22,99,30,62,0,176,173
751,70,25,19,22,22,99,30,62,0,176,173
752,70,25,19,22,22,99,30,62,0,176,173
753,71,25,19,22,22,99,29,62,0,175,174
754,71,25,19,22,22,98,30,62,0,175,174
755,71,25,19,22,22,98,30,62,0,175,174
756,71,26,19,22,22,98,29,62,0,175,174
757,70,25,19,22,22,99,30,62,0,176,173
758,71,24,19,22,22,99,30,62,0,175,174
759,70,25,19,22,22,99,30,62,0,176,173
760,71,25,19,22,21,99,31,61,0,176,173
761,71,25,19,22,22,98,30,62,0,175,174
762,71,25,19,22,22,99,29,62,0,175,174
763,71,25,19,22,22,99,29,62,0,175,174
764,71,25,19,22,22,99,30,61,0,176,173
765,70,25,19,22,22,99,30,62,0,176,173
766,72,25,19,22,21,98,30,62,0,174,175
767,71,25,19,22,22,99,29,62,0,175,174
768,70,25,19,22,22,99,30,62,0,176,173
769,71,25,19,22,22,99,29,62,0,175,174
770,71,25,19,22,22,98,30,62,0,175,174
771,71,24,19,22,22,99,30,62,0,175,174
772,70,25,19,22,22,100,30,61,0,177,172
773,71,25,19,22,22,99,29,62,0,175,174
774,70,25,19,22,21,99,30,63,0,175,174
775,71,25,19,22,22,99,29,62,0,175,174
776,71,25,19,22,22,99,29,62,0,175,174
777,70,25,19,22,22,100,29,62,0,176,173
778,70,25,19,22,22,99,30,62,0,176,173
779,70,26,19,22,21,100,29,62,0,176,173
780,71,25,19,22,21,99,29,63,0,174,175
781,71,25,19,22,21,99,30,62,0,175,174
782,70,24,19,22,22,99,31,62,0,176,173
783,70,25,19,22,22,99,29,63,0,175,174
784,71,25,19,22,22,99,29,62,0,175,174
785,70,25,19,22,22,100,29,62,0,176,173
786,71,25,19,22,22,99,29,62,0,175,174
787,71,25,19,22,22,98,30,62,0,175,174
788,70,24,19,22,21,100,31,62,0,176,173
789,71,25,19,22,22,99,30,61,0,176,173
790,71,25,19,22,22,99,29,62,0,175,174
791,71,25,19,22,22,99,29,62,0,175,174
792,70,26,19,22,22,99,29,62,0,176,173
793,71,25,19,22,22,99,29,62,0,175,174
794,71,25,19,22,22,99,29,62,0,175,174
795,72,25,19,22,22,98,29,62,0,174,175
796,70,25,20,22,22,99,29,62,0,175,174
797,70,25,19,22,22,100,29,62,0,176,173
798,71,25,19,22,22,99,29,62,0,175,174
799,70,25,19,22,22,100,29,62,0,176,173
800,70,25,19,22,22,99,30,62,0,176,173
801,71,26,19,22,22,99,28,62,0,175,174
802,71,25,19,22,22,99,30,61,0,176,173
803,72,25,19,22,21,99,29,62,0,174,175
804,71,26,19,22,22,98,29,62,0,175,174
805,71,25,19,22,22,99,29,62,0,175,174
806,70,25,19,22,22,99,30,62,0,176,173
807,71,25,19,22,21,100,29,62,0,175,174
808,70,25,19,22,22,99,30,62,0,176,173
809,72,26,19,22,22,98,28,62,0,174,175
810,71,25,19,22,22,99,30,61,0,176,173
811,71,25,19,22,21,100,30,61,0,176,173
812,71,25,19,22,22,99,30,61,0,176,173
813,71,25,19,22,22,99,29,62,0,175,174
814,71,25,19,22,22,99,29,62,0,175,174
815,70,25,19,22,22,100,29,62,0,176,173
816,71,25,19,22,22,99,29,62,0,175,174
817,70,25,19,22,22,100,30,61,0,177,172
818,71,25,19,22,22,99,29,62,0,175,174
819,71,25,19,22,22,99,29,62,0,175,174
820,71,25,19,22,22,99,29,62,0,175,174
821,71,25,19,22,22,99,29,62,0,175,174
822,71,25,19,22,22,98,30,62,0,175,174
823,71,25,19,22,22,100,29,61,0,176,173
824,71,25,19,22,21,99,30,62,0,175,174
825,70,25,19,22,22,100,29,62,0,176,173
826,71,25,19,22,21,100,29,62,0,175,174
827,71,25,19,22,22,99,29,62,0,175,174
828,70,25,19,23,22,99,29,62,0,175,174
829,70,25,19,22,22,99,30,62,0,176,173
830,70,25,19,22,22,100,30,61,0,177,172
831,71,25,19,22,21,99,30,62,0,175,174
832,70,25,19,22,22,99,29,63,0,175,174
833,70,25,19,22,22,99,30,62,0,176,173
834,71,25,19,22,22,99,29,62,0,175,174
835,71,25,19,22,22,99,29,62,0,175,174
836,70,26,19,22,22,99,29,62,0,176,173
837,70,25,19,22,22,99,30,62,0,176,173
838,71,25,19,21,21,99,30,63,0,175,174
839,70,25,19,22,21,100,30,62,0,176,173
840,71,25,19,22,22,99,29,62,0,175,174
841,70,25,19,22,22,100,29,62,0,176,173
842,70,25,19,22,22,99,30,62,0,176,173
843,71,26,19,22,22,98,29,62,0,175,174
844,70,25,19,22,22,100,29,62,0,176,173
845,71,25,19,22,22,99,29,62,0,175,174
846,70,25,19,22,22,99,30,62,0,176,173
847,70,25,19,22,22,99,30,62,0,176,173
848,70,25,19,22,22,100,29,62,0,176,173
849,71,25,19,22,23,99,29,61,0,176,173
850,70,25,19,21,22,100,30,62,0,177,172
851,71,25,19,22,22,99,29,62,0,175,174
852,71,25,20,22,22,98,29,62,0,174,175
853,71,25,19,22,22,99,29,62,0,175,174
854,71,25,19,22,22,100,29,61,0,176,173
855,71,25,19,22,22,99,30,61,0,176,173
856,70,25,19,22,22,99,30,62,0,176,173
857,71,25,19,22,21,99,29,63,0,174,175
858,71,26,19,22,22,99,28,62,0,175,174
859,71,25,19,22,23,98,29,62,0,175,174
860,70,25,19,22,22,99,30,62,0,176,173
861,71,25,20,22,22,98,29,62,0,174,175
862,71,25,19,22,22,99,29,62,0,175,174
863,70,25,19,22,21,100,30,62,0,176,173
864,70,25,19,22,22,100,29,62,0,176,173
865,70,25,19,22,22,100,30,61,0,177,172
866,71,25,19,22,21,99,30,62,0,175,174
867,71,25,19,22,22,99,29,62,0,175,174
868,70,25,19,22,22,99,30,62,0,176,173
869,70,25,20,22,22,99,29,62,0,175,174
870,70,25,19,22,22,100,29,62,0,176,173
871,72,26,19,22,22,98,29,61,0,175,174
872,70,25,19,22,22,100,30,61,0,177,172
873,71,25,19,21,22,99,30,62,0,176,173
874,71,25,19,22,22,99,29,62,0,175,174
875,70,25,19,22,22,99,30,62,0,176,173
876,71,25,19,22,22,99,29,62,0,175,174
877,70,25,19,22,22,99,30,62,0,176,173
878,71,25,19,22,22,99,29,62,0,175,174
879,70,25,19,22,22,99,30,62,0,176,173
880,70,25,19,22,22,100,29,62,0,176,173
881,71,25,19,22,22,99,30,61,0,176,173
882,71,25,19,22,22,98,30,62,0,175,174
883,71,25,19,22,22,99,29,62,0,175,174
884,70,25,19,22,22,99,30,62,0,176,173
885,70,25,19,22,22,99,30,62,0,176,173
886,70,25,19,22,22,99,30,62,0,176,173
887,71,25,19,22,22,100,29,61,0,176,173
888,71,25,19,22,21,99,30,62,0,175,174
889,70,25,19,22,22,99,30,62,0,176,173
890,70,25,19,22,22,99,30,62,0,176,173
891,70,25,19,22,22,99,30,62,0,176,173
892,70,25,19,22,22,99,30,62,0,176,173
893,71,25,20,22,22,98,29,62,0,174,175
894,69,25,19,22,22,100,30,62,0,177,172
895,71,25,19,22,22,99,30,61,0,176,173
896,70,25,19,22,22,100,30,61,0,177,172
897,70,26,20,22,22,98,29,62,0,175,174
898,71,25,19,22,22,99,29,62,0,175,174
899,71,25,19,22,22,99,29,62,0,175,174
900,71,25,19,22,21,99,30,62,0,175,174
901,72,26,19,22,22,98,28,62,0,174,175
902,71,25,19,22,22,99,29,62,0,175,174
903,71,25,19,22,22,99,29,62,0,175,174
904,71,25,19,22,22,99,29,62,0,175,174
905,71,25,19,22,22,98,30,62,0,175,174
906,71,25,19,22,21,99,30,62,0,175,174
907,71,25,19,22,22,99,30,61,0,176,173
908,70,25,19,22,22,99,30,62,0,176,173
909,71,25,19,22,22,99,29,62,0,175,174
910,72,26,19,22,22,97,28,63,0,173,176
911,71,25,19,22,21,99,30,62,0,175,174
912,70,25,19,22,22,99,30,62,0,176,173
913,70,25,19,22,22,99,29,63,0,175,174
914,71,25,19,22,22,99,30,61,0,176,173
915,71,25,19,22,22,99,29,62,0,175,174
916,70,25,19,22,22,99,30,62,0,176,173
917,70,25,19,22,22,99,30,62,0,176,173
918,70,25,19,22,21,100,30,62,0,176,173
919,71,25,19,22,21,99,30,62,0,175,174
920,71,25,19,22,22,98,30,62,0,175,174
921,70,25,20,22,21,99,30,62,0,175,174
922,70,26,19,22,22,99,30,61,0,177,172
923,71,25,19,22,22,99,29,62,0,175,174
924,71,25,19,22,22,99,30,61,0,176,173
925,71,25,19,22,22,99,30,61,0,176,173
926,71,25,19,22,21,99,30,62,0,175,174
927,71,25,19,22,22,98,30,62,0,175,174
928,70,25,19,22,22,99,30,62,0,176,173
929,70,25,19,22,22,99,30,62,0,176,173
930,70,25,19,22,22,99,30,62,0,176,173
931,71,25,19,22,22,99,30,61,0,176,173
932,70,25,19,22,22,100,30,61,0,177,172
933,70,25,20,22,22,98,30,62,0,175,174
934,71,25,19,22,22,99,29,62,0,175,174
935,71,25,19,22,21,99,30,62,0,175,174
936,71,25,19,22,22,100,29,61,0,176,173
937,70,25,19,22,22,99,30,62,0,176,173
938,72,25,19,22,22,99,29,61,0,175,174
939,72,25,19,22,22,98,29,62,0,174,175
940,71,25,19,22,22,99,29,62,0,175,174
941,71,25,19,22,22,99,30,61,0,176,173
942,70,25,19,22,22,99,30,62,0,176,173
943,71,25,19,22,22,99,29,62,0,175,174
944,71,25,19,22,21,99,30,62,0,175,174
945,71,25,19,22,22,99,29,62,0,175,174
946,69,25,19,22,22,100,30,62,0,177,172
947,71,25,19,22,22,99,29,62,0,175,174
948,70,25,19,22,21,100,30,62,0,176,173
949,71,25,19,22,22,99,29,62,0,175,174
950,71,25,19,22,22,100,29,61,0,176,173
951,71,25,19,22,22,99,29,62,0,175,174
952,71,25,19,22,22,99,29,62,0,175,174
953,71,25,19,22,22,99,29,62,0,175,174
954,70,25,19,22,22,100,29,62,0,176,173
955,71,25,19,22,22,99,29,62,0,175,174
956,71,25,19,22,22,99,29,62,0,175,174
957,71,25,19,22,21,99,30,62,0,175,174
958,70,25,19,22,22,99,30,62,0,176,173
959,70,25,19,22,22,99,30,62,0,176,173
960,71,25,19,22,22,99,29,62,0,175,174
961,70,25,19,22,22,99,30,62,0,176,173
962,71,25,19,22,22,99,29,62,0,175,174
963,71,25,19,22,22,99,29,62,0,175,174
964,71,25,19,22,22,99,29,62,0,175,174
965,71,25,19,22,22,99,29,62,0,175,174
966,71,25,19,22,22,99,30,61,0,176,173
967,70,25,19,22,22,100,30,61,0,177,172
968,71,25,19,22,22,99,29,62,0,175,174
969,71,26,20,22,23,98,28,61,0,175,174
970,70,25,19,22,22,99,29,63,0,175,174
971,70,25,19,22,22,99,30,62,0,176,173
972,71,25,19,22,22,98,29,63,0,174,175
973,70,25,19,22,22,99,30,62,0,176,173
974,71,25,19,22,22,99,29,62,0,175,174
975,71,25,19,21,22,99,30,62,0,176,173
976,71,25,19,22,22,99,30,61,0,176,173
977,69,25,19,22,22,99,30,63,0,176,173
978,71,25,20,22,22,98,29,62,0,174,175
979,70,25,19,22,22,100,30,61,0,177,172
980,71,25,19,22,22,98,30,62,0,175,174
981,70,25,19,21,22,101,30,61,0,178,171
982,70,25,19,23,22,99,29,62,0,175,174
983,71,25,19,22,22,99,29,62,0,175,174
984,70,25,19,22,22,100,29,62,0,176,173
985,71,25,20,22,22,98,29,62,0,174,175
986,71,25,19,22,22,98,30,62,0,175,174
987,71,25,19,22,21,99,30,62,0,175,174
988,71,25,19,22,22,99,29,62,0,175,174
989,71,25,19,22,22,99,30,61,0,176,173
990,71,25,19,22,22,100,29,61,0,176,173
991,69,24,19,21,22,101,31,62,0,178,171
992,71,25,19,22,22,99,30,61,0,176,173
993,70,25,19,22,22,100,30,61,0,177,172
994,70,25,19,22,22,99,30,62,0,176,173
995,71,25,19,22,22,99,29,62,0,175,174
996,71,25,19,22,22,99,29,62,0,175,174
997,70,25,20,22,22,98,30,62,0,175,174
998,70,25,19,22,22,99,30,62,0,176,173
999,70,25,19,22,22,99,30,62,0,176,173
1000,71,25,19,22,21,99,29,63,0,174,175
1001,71,26,19,22,22,98,29,62,0,175,174
1002,70,25,19,22,22,98,30,63,0,175,174
1003,71,25,19,22,22,99,29,62,0,175,174
1004,71,25,19,22,21,99,30,62,0,175,174
1005,71,25,19,22,23,99,28,62,0,175,174
1006,71,26,19,22,22,98,29,62,0,175,174
1007,71,25,19,22,22,99,29,62,0,175,174
1008,71,25,19,22,23,99,28,62,0,175,174
1009,71,25,19,22,22,99,29,62,0,175,174
1010,71,25,19,22,22,99,29,62,0,175,174
1011,71,25,19,22,21,100,29,62,0,175,174
1012,71,25,19,22,22,99,29,62,0,175,174
1013,70,25,19,22,22,99,30,62,0,176,173
1014,71,25,19,22,22,99,29,62,0,175,174
1015,71,25,19,22,22,99,29,62,0,175,174
1016,71,25,19,22,22,99,29,62,0,175,174
1017,71,25,19,22,22,99,29,62,0,175,174
1018,71,25,19,22,22,99,29,62,0,175,174
1019,72,25,19,22,22,98,29,62,0,174,175
1020,71,25,19,22,22,99,29,62,0,175,174
1021,71,25,19,22,22,99,29,62,0,175,174
1022,71,25,19,22,21,99,30,62,0,175,174
1023,71,25,19,22,23,98,30,61,0,176,173
1024,70,26,19,22,22,99,30,61,0,177,172
1025,71,25,19,22,21,100,29,62,0,175,174
1026,71,26,19,22,22,99,29,61,0,176,173
1027,70,25,19,22,22,100,29,62,0,176,173
1028,70,26,19,22,22,99,30,61,0,177,172
1029,71,25,19,22,22,99,29,62,0,175,174
1030,71,25,19,22,21,99,29,63,0,174,175
1031,70,25,19,22,22,100,29,62,0,176,173
1032,70,26,20,22,22,99,29,61,0,176,173
1033,71,25,19,22,22,99,29,62,0,175,174
1034,70,25,19,22,22,99,30,62,0,176,173
1035,71,25,19,22,22,99,29,62,0,175,174
1036,71,25,19,22,22,99,29,62,0,175,174
1037,71,25,19,22,22,99,29,62,0,175,174
1038,70,25,19,22,21,100,30,62,0,176,173
1039,69,25,19,22,22,99,31,62,0,177,172
1040,70,25,19,22,22,100,30,61,0,177,172
1041,70,25,19,22,21,100,30,62,0,176,173
1042,70,25,19,22,22,99,29,63,0,175,174
1043,70,25,19,22,22,99,30,62,0,176,173
1044,70,25,19,22,22,100,29,62,0,176,173
1045,71,25,19,22,22,98,30,62,0,175,174
1046,71,25,19,22,22,99,29,62,0,175,174
1047,70,25,19,22,22,99,30,62,0,176,173
1048,72,25,19,22,22,98,29,62,0,174,175
1049,71,26,19,22,22,98,30,61,0,176,173
1050,71,25,19,22,22,99,30,61,0,176,173
1051,71,25,19,22,21,99,30,62,0,175,174
1052,70,25,19,22,22,99,30,62,0,176,173
1053,70,25,19,22,22,99,30,62,0,176,173
1054,71,25,19,22,22,99,29,62,0,175,174
1055,71,26,19,22,22,98,29,62,0,175,174
1056,71,25,19,22,22,98,30,62,0,175,174
1057,70,25,19,22,22,100,29,62,0,176,173
1058,71,25,19,22,22,99,30,61,0,176,173
1059,70,25,19,22,22,100,30,61,0,177,172
1060,71,25,19,22,22,99,29,62,0,175,174
1061,70,25,19,22,22,99,30,62,0,176,173
1062,71,25,19,22,22,99,29,62,0,175,174
1063,70,25,19,22,22,99,30,62,0,176,173
1064,71,25,19,21,22,99,30,62,0,176,173
1065,71,25,19,22,22,100,29,61,0,176,173
1066,70,25,19,22,22,100,29,62,0,176,173
1067,70,25,19,22,22,100,30,61,0,177,172
1068,71,25,19,22,21,98,30,63,0,174,175
1069,70,25,19,22,22,99,30,62,0,176,173
1070,70,25,19,23,22,99,29,62,0,175,174
1071,71,25,19,22,22,99,29,62,0,175,174
1072,70,25,20,22,22,99,30,61,0,176,173
1073,71,25,19,22,22,99,29,62,0,175,174
1074,70,25,19,22,22,99,30,62,0,176,173
1075,71,25,19,22,22,99,29,62,0,175,174
1076,70,25,19,22,22,99,30,62,0,176,173
1077,71,25,19,21,22,99,30,62,0,176,173
1078,70,25,19,22,21,100,30,62,0,176,173
1079,71,25,19,22,22,99,29,62,0,175,174
1080,69,25,19,22,22,99,31,62,0,177,172
1081,70,25,19,22,22,100,29,62,0,176,173
1082,70,25,19,22,22,99,30,62,0,176,173
1083,71,25,19,22,22,99,29,62,0,175,174
1084,70,25,19,22,22,99,30,62,0,176,173
1085,70,25,19,22,21,100,30,62,0,176,173
1086,71,25,19,22,22,99,29,62,0,175,174
1087,71,25,19,22,22,99,29,62,0,175,174
1088,69,25,19,22,22,100,30,62,0,177,172
1089,70,25,19,22,22,100,30,61,0,177,172
1090,70,25,19,22,22,99,30,62,0,176,173
1091,71,25,19,22,22,99,29,62,0,175,174
1092,70,25,19,22,22,100,29,62,0,176,173
1093,70,25,19,22,22,99,30,62,0,176,173
1094,70,25,19,22,22,99,30,62,0,176,173
1095,71,25,19,22,22,98,30,62,0,175,174
1096,70,25,19,22,22,99,30,62,0,176,173
1097,70,25,19,22,22,99,30,62,0,176,173
1098,71,25,19,22,22,99,29,62,0,175,174
1099,72,25,19,22,22,98,29,62,0,174,175
1100,70,25,19,22,22,99,30,62,0,176,173
1101,71,25,19,22,22,99,29,62,0,175,174
1102,70,25,19,22,22,99,30,62,0,176,173
1103,70,25,19,22,22,99,30,62,0,176,173
1104,70,25,19,22,21,100,30,62,0,176,173
1105,70,25,19,22,22,99,30,62,0,176,173
1106,71,26,19,22,22,98,29,62,0,175,174
1107,71,25,19,22,22,99,29,62,0,175,174
1108,71,25,19,22,22,99,29,62,0,175,174
1109,70,25,19,22,22,99,30,62,0,176,173
1110,71,25,19,22,22,99,29,62,0,175,174
1111,70,25,19,22,22,99,30,62,0,176,173
1112,71,25,19,23,21,99,29,62,0,174,175
1113,71,24,20,22,22,99,29,62,0,174,175
1114,70,26,19,22,22,99,29,62,0,176,173
1115,71,25,19,21,22,99,30,62,0,176,173
1116,71,25,19,22,21,99,30,62,0,175,174
1117,70,25,19,22,22,99,30,62,0,176,173
1118,71,26,19,22,22,99,29,61,0,176,173
1119,72,25,19,22,22,98,29,62,0,174,175
1120,70,25,19,22,22,99,30,62,0,176,173
1121,71,25,19,22,22,99,29,62,0,175,174
1122,70,25,19,22,22,99,30,62,0,176,173
1123,71,25,19,22,22,98,30,62,0,175,174
1124,70,25,19,22,22,99,30,62,0,176,173
1125,70,25,19,22,22,99,30,62,0,176,173
1126,71,25,19,22,22,99,29,62,0,175,174
1127,71,25,19,22,22,99,30,61,0,176,173
1128,71,25,19,22,22,99,29,62,0,175,174
1129,71,25,19,22,22,99,29,62,0,175,174
1130,71,25,19,21,22,100,29,62,0,176,173
1131,70,25,19,22,22,99,30,62,0,176,173
1132,71,25,19,22,21,99,30,62,0,175,174
1133,71,25,19,22,22,99,30,61,0,176,173
1134,71,25,19,22,22,99,29,62,0,175,174
1135,71,25,19,22,22,99,29,62,0,175,174
1136,70,25,19,22,22,99,30,62,0,176,173
1137,71,25,19,22,22,98,30,62,0,175,174
1138,70,25,19,22,22,99,30,62,0,176,173
1139,71,25,19,22,22,99,30,61,0,176,173
1140,71,25,19,22,22,99,29,62,0,175,174
1141,71,25,19,22,22,99,29,62,0,175,174
1142,70,25,19,22,22,99,29,63,0,175,174
1143,71,25,19,21,22,100,29,62,0,176,173
1144,71,25,19,22,22,98,29,63,0,174,175
1145,70,25,19,22,22,99,30,62,0,176,173
1146,71,25,19,22,22,98,29,63,0,174,175
1147,71,26,19,22,21,99,29,62,0,175,174
1148,70,25,19,22,22,99,30,62,0,176,173
1149,71,25,19,22,22,99,29,62,0,175,174
1150,71,26,19,22,22,99,28,62,0,175,174
1151,71,25,19,22,22,99,29,62,0,175,174
1152,70,25,19,22,22,99,30,62,0,176,173
1153,71,25,19,22,22,99,29,62,0,175,174
1154,71,26,19,22,22,98,29,62,0,175,174
1155,70,25,19,22,22,99,29,63,0,175,174
1156,70,25,19,22,22,99,30,62,0,176,173
1157,70,25,19,22,22,99,30,62,0,176,173
1158,71,25,19,22,22,99,29,62,0,175,174
1159,71,25,19,22,22,98,30,62,0,175,174
1160,70,25,19,22,22,99,30,62,0,176,173
1161,71,25,19,22,22,98,30,62,0,175,174
1162,71,25,19,22,22,99,30,61,0,176,173
1163,70,25,19,22,22,100,30,61,0,177,172
1164,72,25,20,22,21,98,29,62,0,173,176
1165,71,25,19,22,22,99,30,61,0,176,173
1166,71,26,19,22,22,98,30,61,0,176,173
1167,71,25,19,22,22,99,29,62,0,175,174
1168,70,25,19,22,22,99,30,62,0,176,173
1169,71,25,19,22,22,98,30,62,0,175,174
1170,71,26,19,22,22,98,29,62,0,175,174
1171,71,25,19,22,22,98,29,63,0,174,175
1172,70,25,19,22,22,99,30,62,0,176,173
1173,71,25,19,22,22,99,29,62,0,175,174
1174,70,25,19,22,22,100,29,62,0,176,173
1175,70,25,19,22,22,99,31,61,0,177,172
1176,71,25,19,22,21,100,30,61,0,176,173
1177,71,25,19,22,22,98,29,63,0,174,175
1178,71,25,19,22,22,99,29,62,0,175,174
1179,70,25,19,22,22,99,30,62,0,176,173
1180,70,25,19,22,22,99,30,62,0,176,173
1181,71,25,19,22,22,99,29,62,0,175,174
1182,71,25,19,22,22,99,29,62,0,175,174
1183,70,25,19,22,22,99,30,62,0,176,173
1184,70,25,19,22,21,100,30,62,0,176,173
1185,70,25,19,22,22,99,30,62,0,176,173
1186,71,25,19,22,22,99,28,63,0,174,175
1187,71,25,19,22,21,99,30,62,0,175,174
1188,71,25,19,22,22,99,29,62,0,175,174
1189,71,25,19,22,22,98,30,62,0,175,174
1190,71,26,19,22,22,99,29,61,0,176,173
1191,72,26,19,22,22,97,29,62,0,174,175
1192,70,26,19,22,21,99,30,62,0,176,173
1193,70,25,19,22,22,99,30,62,0,176,173
1194,71,25,19,22,22,99,30,61,0,176,173
1195,71,26,19,22,22,99,29,61,0,176,173
1196,71,25,19,22,22,99,29,62,0,175,174
1197,71,25,19,22,22,99,29,62,0,175,174
1198,71,25,19,22,22,98,30,62,0,175,174
1199,71,25,19,22,22,99,29,62,0,175,174
1200,70,25,19,22,21,100,29,63,0,175,174
1201,70,25,19,22,22,99,31,61,0,177,172
1202,71,25,19,22,22,99,29,62,0,175,174
1203,71,25,19,22,22,99,30,61,0,176,173
1204,72,25,19,22,22,98,29,62,0,174,175
1205,71,25,19,22,21,99,30,62,0,175,174
1206,72,26,20,22,22,97,29,61,0,174,175
1207,71,25,20,22,23,98,29,61,0,175,174
1208,70,26,19,23,22,98,29,62,0,175,174
1209,70,25,19,22,22,99,30,62,0,176,173
1210,70,25,19,22,22,99,30,62,0,176,173
1211,70,25,19,22,22,100,30,61,0,177,172
1212,70,25,20,22,22,99,29,62,0,175,174
1213,71,25,19,22,22,99,29,62,0,175,174
1214,71,25,19,22,22,99,29,62,0,175,174
1215,71,25,19,22,22,99,29,62,0,175,174
1216,71,25,19,22,22,99,29,62,0,175,174
1217,70,25,19,22,22,99,30,62,0,176,173
1218,70,25,20,22,22,98,30,62,0,175,174
1219,71,25,19,22,22,98,30,62,0,175,174
1220,71,25,19,22,22,99,30,61,0,176,173
1221,71,26,19,22,22,98,29,62,0,175,174
1222,70,25,19,22,22,99,30,62,0,176,173
1223,70,25,19,22,22,100,29,62,0,176,173
1224,71,25,19,22,22,99,29,62,0,175,174
1225,70,25,19,22,22,99,30,62,0,176,173
1226,71,25,19,22,22,99,29,62,0,175,174
1227,71,25,19,22,22,99,29,62,0,175,174
1228,71,25,19,22,22,99,29,62,0,175,174
1229,70,25,19,22,22,99,30,62,0,176,173
1230,70,25,19,22,22,99,30,62,0,176,173
1231,71,25,19,22,22,99,29,62,0,175,174
1232,70,25,19,22,22,99,30,62,0,176,173
1233,71,25,19,22,23,99,29,61,0,176,173
1234,71,25,19,22,22,100,29,61,0,176,173
1235,71,25,19,22,22,99,29,62,0,175,174
1236,71,25,19,22,22,99,29,62,0,175,174
1237,70,25,19,22,22,99,30,62,0,176,173
1238,70,25,19,22,22,100,29,62,0,176,173
1239,71,25,19,23,22,98,30,61,0,175,174
1240,70,25,19,22,22,99,30,62,0,176,173
1241,70,25,20,22,22,99,30,61,0,176,173
1242,70,25,19,22,22,99,30,62,0,176,173
1243,71,25,19,22,22,99,30,61,0,176,173
1244,70,25,19,22,22,99,30,62,0,176,173
1245,70,25,19,22,22,99,30,62,0,176,173
1246,70,25,19,22,22,100,29,62,0,176,173
1247,71,25,19,22,22,99,30,61,0,176,173
1248,71,26,19,22,22,99,29,61,0,176,173
1249,70,25,19,22,22,99,30,62,0,176,173
1250,70,25,19,22,22,99,30,62,0,176,173
1251,70,25,19,22,22,99,30,62,0,176,173
1252,70,25,19,22,22,99,30,62,0,176,173
1253,71,25,19,22,22,99,30,61,0,176,173
1254,71,25,19,22,22,98,30,62,0,175,174
1255,70,25,19,22,22,99,29,63,0,175,174
1256,70,25,19,22,22,99,30,62,0,176,173
1257,70,25,19,22,22,99,30,62,0,176,173
1258,70,26,19,22,22,99,29,62,0,176,173
1259,70,25,19,22,22,100,30,61,0,177,172
1260,70,25,19,22,22,99,30,62,0,176,173
1261,70,25,19,22,22,99,30,62,0,176,173
1262,71,25,19,22,22,99,29,62,0,175,174
1263,71,26,19,22,22,98,29,62,0,175,174
1264,71,26,19,22,22,98,29,62,0,175,174
1265,71,25,19,22,22,98,30,62,0,175,174
1266,70,25,19,22,22,99,30,62,0,176,173
1267,71,25,19,22,22,99,29,62,0,175,174
1268,71,25,19,22,22,99,29,62,0,175,174
1269,70,25,19,22,22,99,30,62,0,176,173
1270,71,25,19,22,22,98,30,62,0,175,174
1271,70,25,19,22,22,99,30,62,0,176,173
1272,70,25,19,22,22,99,30,62,0,176,173
1273,71,25,19,22,22,99,29,62,0,175,174
1274,71,25,20,22,22,99,29,61,0,175,174
1275,71,25,20,22,22,98,29,62,0,174,175
1276,70,25,19,22,22,99,30,62,0,176,173
1277,70,25,19,22,22,99,30,62,0,176,173
1278,70,25,19,22,22,99,30,62,0,176,173
1279,70,25,19,22,22,99,30,62,0,176,173
1280,71,25,19,22,22,99,29,62,0,175,174
1281,70,25,19,22,22,99,30,62,0,176,173
1282,70,25,20,22,22,99,29,62,0,175,174
1283,71,25,19,21,22,99,30,62,0,176,173
1284,70,25,19,22,22,100,30,61,0,177,172
1285,70,25,19,22,22,100,29,62,0,176,173
1286,70,25,19,22,22,99,30,62,0,176,173
1287,71,25,19,22,22,99,30,61,0,176,173
1288,71,25,19,22,22,99,30,61,0,176,173
1289,70,25,19,22,22,99,30,62,0,176,173
1290,71,25,19,22,22,98,30,62,0,175,174
1291,71,25,20,22,21,99,29,62,0,174,175
1292,70,26,19,22,22,98,30,62,0,176,173
1293,71,25,19,22,22,99,29,62,0,175,174
1294,71,25,19,22,22,99,29,62,0,175,174
1295,71,26,20,22,22,98,28,62,0,174,175
1296,71,25,19,22,21,100,29,62,0,175,174
1297,71,25,19,22,22,99,29,62,0,175,174
1298,71,25,19,22,22,99,29,62,0,175,174
1299,70,25,19,22,22,99,30,62,0,176,173
1300,70,25,19,22,22,100,30,61,0,177,172
1301,70,25,19,22,22,99,30,62,0,176,173
1302,70,26,19,22,21,99,29,63,0,175,174
1303,71,25,19,22,22,99,29,62,0,175,174
1304,71,25,19,22,22,99,29,62,0,175,174
1305,71,25,19,22,22,98,30,62,0,175,174
1306,71,25,19,22,22,99,29,62,0,175,174
1307,72,25,19,22,21,99,29,62,0,174,175
1308,71,25,19,22,22,99,29,62,0,175,174
1309,70,25,19,22,22,100,30,61,0,177,172
1310,70,25,19,22,22,99,30,62,0,176,173
1311,70,25,19,22,22,100,29,62,0,176,173
1312,70,25,20,22,22,99,29,62,0,175,174
1313,70,25,19,22,22,100,29,62,0,176,173
1314,70,25,19,22,21,100,30,62,0,176,173
1315,71,25,19,22,21,99,30,62,0,175,174
1316,70,25,19,22,22,99,30,62,0,176,173
1317,71,25,19,22,22,99,29,62,0,175,174
1318,70,25,19,22,22,99,30,62,0,176,173
1319,70,25,19,22,22,99,30,62,0,176,173
1320,72,25,19,22,22,98,29,62,0,174,175
1321,70,25,19,22,22,99,30,62,0,176,173
1322,70,25,19,22,22,100,29,62,0,176,173
1323,71,25,19,22,22,99,30,61,0,176,173
1324,71,25,19,22,22,99,30,61,0,176,173
1325,71,25,19,22,22,99,29,62,0,175,174
1326,70,25,19,22,22,100,30,61,0,177,172
1327,70,25,19,22,21,100,30,62,0,176,173
1328,71,25,19,22,22,99,29,62,0,175,174
1329,71,25,19,22,22,99,29,62,0,175,174
1330,71,26,19,21,22,99,29,62,0,176,173
1331,72,25,19,22,22,98,30,61,0,175,174
1332,70,25,19,23,22,98,30,62,0,175,174
1333,70,25,19,22,22,99,30,62,0,176,173
1334,70,25,19,22,22,99,30,62,0,176,173
1335,70,25,19,22,21,100,30,62,0,176,173
1336,70,25,19,22,22,99,30,62,0,176,173
1337,71,26,19,22,22,99,29,61,0,176,173
1338,71,25,20,22,22,98,29,62,0,174,175
1339,71,25,19,22,21,99,29,63,0,174,175
1340,71,25,19,22,22,99,29,62,0,175,174
1341,71,25,19,22,22,99,29,62,0,175,174
1342,71,25,20,22,21,99,29,62,0,174,175
1343,71,25,19,22,22,99,29,62,0,175,174
1344,71,25,19,22,22,99,29,62,0,175,174
1345,70,25,19,22,21,100,29,63,0,175,174
1346,70,25,19,22,22,99,30,62,0,176,173
1347,71,25,19,22,22,99,29,62,0,175,174
1348,71,25,19,22,22,99,30,61,0,176,173
1349,71,25,19,22,22,99,29,62,0,175,174
1350,71,25,19,22,22,99,29,62,0,175,174
1351,71,25,19,22,22,99,29,62,0,175,174
1352,71,25,19,22,21,100,29,62,0,175,174
1353,71,25,19,22,22,99,29,62,0,175,174
1354,71,26,19,22,22,98,30,61,0,176,173
1355,70,25,19,22,22,99,30,62,0,176,173
1356,72,25,19,22,22,98,29,62,0,174,175
1357,71,26,19,22,22,98,29,62,0,175,174
1358,70,25,19,22,22,99,30,62,0,176,173
1359,70,25,19,22,22,99,30,62,0,176,173
1360,70,25,19,22,22,99,30,62,0,176,173
1361,71,25,19,22,23,98,29,62,0,175,174
1362,71,26,19,22,22,98,29,62,0,175,174
1363,71,26,19,22,22,98,29,62,0,175,174
1364,71,25,19,22,21,99,30,62,0,175,174
1365,71,26,19,22,22,98,29,62,0,175,174
1366,70,25,19,22,22,99,29,63,0,175,174
1367,71,26,19,22,22,98,29,62,0,175,174
1368,71,25,19,22,22,99,29,62,0,175,174
1369,70,25,19,22,22,99,30,62,0,176,173
1370,72,25,19,22,22,97,29,63,0,173,176
1371,70,25,19,22,22,99,30,62,0,176,173
1372,70,25,19,22,22,100,30,61,0,177,172
1373,71,25,19,22,22,100,29,61,0,176,173
1374,70,25,19,22,22,99,30,62,0,176,173
1375,70,25,19,22,22,98,31,62,0,176,173
1376,70,25,19,22,22,99,30,62,0,176,173
1377,70,25,19,22,22,99,30,62,0,176,173
1378,71,25,19,22,22,99,29,62,0,175,174
1379,71,25,20,22,21,99,29,62,0,174,175
1380,69,24,19,22,22,100,31,62,0,177,172
1381,71,25,19,22,22,99,29,62,0,175,174
1382,71,25,19,22,22,99,30,61,0,176,173
1383,70,25,19,22,22,99,30,62,0,176,173
1384,70,25,19,22,22,99,30,62,0,176,173
1385,71,25,19,22,22,99,29,62,0,175,174
1386,71,25,19,21,22,99,30,62,0,176,173
1387,71,25,19,22,22,99,30,61,0,176,173
1388,70,25,19,22,22,99,30,62,0,176,173
1389,71,25,19,22,22,99,29,62,0,175,174
1390,70,25,19,22,22,99,31,61,0,177,172
1391,70,26,20,22,21,98,30,62,0,175,174
1392,70,25,19,22,22,99,30,62,0,176,173
1393,70,25,19,22,22,99,30,62,0,176,173
1394,71,26,19,22,22,98,29,62,0,175,174
1395,70,25,19,22,22,100,29,62,0,176,173
1396,70,25,19,22,22,99,30,62,0,176,173
1397,70,25,19,22,22,99,30,62,0,176,173
1398,70,25,19,22,22,99,30,62,0,176,173
1399,71,25,20,22,22,98,29,62,0,174,175
1400,70,25,19,22,22,99,30,62,0,176,173
1401,71,25,19,22,22,99,29,62,0,175,174
1402,70,25,19,22,22,99,30,62,0,176,173
1403,70,25,19,22,22,99,30,62,0,176,173
1404,71,25,19,22,22,99,29,62,0,175,174
1405,70,25,19,22,22,99,30,62,0,176,173
1406,71,25,19,22,22,99,30,61,0,176,173
1407,70,25,19,22,22,99,30,62,0,176,173
1408,71,25,20,22,22,98,29,62,0,174,175
1409,71,25,20,22,22,98,29,62,0,174,175
1410,71,25,19,22,22,99,29,62,0,175,174
1411,70,25,19,22,22,99,30,62,0,176,173
1412,71,25,19,22,22,99,29,62,0,175,174
1413,70,25,20,22,22,99,30,61,0,176,173
1414,72,25,19,22,22,98,28,63,0,173,176
1415,70,25,19,22,22,99,30,62,0,176,173
1416,70,25,19,22,21,100,30,62,0,176,173
1417,70,25,19,22,22,99,30,62,0,176,173
1418,71,25,19,22,22,99,29,62,0,175,174
1419,70,25,19,22,21,100,30,62,0,176,173
1420,72,25,19,22,21,99,30,61,0,175,174
1421,71,25,19,22,23,99,29,61,0,176,173
1422,71,25,19,22,22,99,29,62,0,175,174
1423,71,25,19,22,22,99,29,62,0,175,174
1424,70,25,19,22,22,99,30,62,0,176,173
1425,71,25,19,22,22,99,29,62,0,175,174
1426,71,25,19,22,22,99,29,62,0,175,174
1427,71,25,19,22,22,99,29,62,0,175,174
1428,70,25,19,22,22,100,29,62,0,176,173
1429,72,25,19,22,22,98,29,62,0,174,175
1430,70,25,19,22,22,100,29,62,0,176,173
1431,70,25,19,22,22,99,30,62,0,176,173
1432,71,25,19,22,22,98,30,62,0,175,174
1433,70,25,19,22,22,99,30,62,0,176,173
1434,71,26,19,22,22,98,29,62,0,175,174
1435,71,26,19,22,22,98,29,62,0,175,174
1436,71,25,19,22,21,99,29,63,0,174,175
1437,72,25,19,22,22,98,29,62,0,174,175
1438,71,25,19,22,22,99,29,62,0,175,174
1439,71,25,19,23,22,98,29,62,0,174,175
1440,71,25,19,22,22,99,29,62,0,175,174
1441,70,25,19,23,22,100,29,61,0,176,173
1442,71,25,19,22,22,99,29,62,0,175,174
1443,70,25,19,22,22,100,29,62,0,176,173
1444,71,25,19,22,22,99,29,62,0,175,174
1445,71,25,19,22,21,99,30,62,0,175,174
1446,71,25,19,22,22,98,30,62,0,175,174
1447,71,25,19,22,22,99,29,62,0,175,174
1448,70,25,19,22,22,99,30,62,0,176,173
1449,71,25,19,22,22,99,29,62,0,175,174
1450,71,25,19,22,23,98,29,62,0,175,174
1451,71,24,19,22,22,100,29,62,0,175,174
1452,70,25,19,22,22,99,30,62,0,176,173
1453,70,25,19,22,22,99,30,62,0,176,173
1454,71,25,19,22,22,99,29,62,0,175,174
1455,70,25,19,22,22,99,31,61,0,177,172
1456,71,25,19,22,22,99,29,62,0,175,174
1457,70,25,19,22,22,99,30,62,0,176,173
1458,70,25,19,22,21,100,30,62,0,176,173
1459,71,25,19,22,22,99,29,62,0,175,174
1460,71,25,19,22,22,98,30,62,0,175,174
1461,71,25,19,22,22,99,29,62,0,175,174
1462,71,25,19,22,22,100,29,61,0,176,173
1463,71,25,19,22,22,99,29,62,0,175,174
1464,71,25,19,22,21,99,30,62,0,175,174
1465,70,25,19,22,22,99,29,63,0,175,174
1466,70,25,19,22,22,100,29,62,0,176,173
1467,71,26,19,21,22,100,29,61,0,177,172
1468,71,25,19,22,21,99,30,62,0,175,174
1469,71,25,19,22,22,99,30,61,0,176,173
1470,71,25,19,22,22,99,29,62,0,175,174
1471,71,25,19,22,22,99,29,62,0,175,174
1472,71,25,19,22,22,99,29,62,0,175,174
1473,71,25,19,22,21,100,30,61,0,176,173
1474,70,25,19,22,21,100,30,62,0,176,173
1475,71,25,19,22,22,99,30,61,0,176,173
1476,70,25,19,22,22,100,29,62,0,176,173
1477,70,25,18,22,22,100,30,62,0,177,172
1478,70,26,19,22,22,99,29,62,0,176,173
1479,71,26,19,22,22,98,29,62,0,175,174
1480,71,26,20,22,22,98,28,62,0,174,175
1481,71,25,19,22,22,98,30,62,0,175,174
1482,71,25,19,22,22,99,29,62,0,175,174
1483,71,25,19,22,21,99,30,62,0,175,174
1484,71,25,19,22,22,99,29,62,0,175,174
1485,70,25,19,21,22,100,30,62,0,177,172
1486,71,25,19,22,22,99,29,62,0,175,174
1487,71,25,19,22,22,98,30,62,0,175,174
1488,71,25,19,22,22,99,29,62,0,175,174
1489,71,25,19,22,22,98,30,62,0,175,174
1490,70,25,19,22,22,100,29,62,0,176,173
1491,71,25,19,22,22,99,29,62,0,175,174
1492,70,25,19,22,22,99,30,62,0,176,173
1493,71,25,20,22,22,99,29,61,0,175,174
1494,71,25,20,22,22,99,29,61,0,175,174
1495,70,25,19,22,22,99,30,62,0,176,173
1496,70,25,19,22,22,99,30,62,0,176,173
1497,71,25,19,22,21,99,30,62,0,175,174
1498,70,25,19,22,22,99,30,62,0,176,173
1499,71,25,19,22,21,99,30,62,0,175,174
1500,71,25,19,22,22,99,29,62,0,175,174
1501,71,25,19,22,22,98,29,63,0,174,175
1502,70,25,19,22,22,99,30,62,0,176,173
1503,71,25,19,22,22,99,29,62,0,175,174
1504,71,25,19,22,22,98,30,62,0,175,174
1505,71,24,20,22,22,98,30,62,0,174,175
1506,70,25,19,22,22,99,30,62,0,176,173
1507,71,25,19,22,22,100,29,61,0,176,173
1508,70,25,19,22,22,99,30,62,0,176,173
1509,70,25,18,22,22,99,30,63,0,176,173
1510,71,25,19,22,22,99,29,62,0,175,174
1511,69,25,19,22,22,100,31,61,0,178,171
1512,72,25,19,22,22,98,29,62,0,174,175
1513,70,25,19,22,22,99,30,62,0,176,173
1514,71,26,19,22,22,98,29,62,0,175,174
1515,71,25,19,22,22,99,30,61,0,176,173
1516,71,25,19,22,22,98,30,62,0,175,174
1517,70,25,19,22,22,100,29,62,0,176,173
1518,71,25,19,22,21,99,30,62,0,175,174
1519,71,25,19,22,21,99,30,62,0,175,174
1520,71,25,19,22,22,99,29,62,0,175,174
1521,71,25,19,22,22,99,29,62,0,175,174
1522,70,25,19,22,22,99,30,62,0,176,173
1523,70,25,19,22,22,99,29,63,0,175,174
1524,71,25,19,22,22,99,29,62,0,175,174
1525,70,25,19,22,22,100,29,62,0,176,173
1526,70,25,19,22,22,100,29,62,0,176,173
1527,70,25,19,22,22,99,30,62,0,176,173
1528,70,25,19,22,22,99,29,63,0,175,174
1529,71,25,19,23,22,98,30,61,0,175,174
1530,71,25,19,22,22,99,29,62,0,175,174
1531,70,25,19,22,22,100,29,62,0,176,173
1532,70,25,19,22,22,99,30,62,0,176,173
1533,70,25,19,22,23,98,30,62,0,176,173
1534,70,25,19,22,21,100,30,62,0,176,173
1535,71,26,19,22,22,98,29,62,0,175,174
1536,70,25,19,22,22,99,30,62,0,176,173
1537,71,26,19,22,22,98,29,62,0,175,174
1538,71,25,19,22,22,99,30,61,0,176,173
1539,71,25,19,22,22,99,30,61,0,176,173
1540,70,25,19,22,22,99,30,62,0,176,173
1541,70,25,19,22,22,99,30,62,0,176,173
1542,71,25,19,22,22,98,30,62,0,175,174
1543,71,26,19,22,22,98,29,62,0,175,174
1544,70,26,19,22,22,99,30,61,0,177,172
1545,70,25,19,22,22,100,29,62,0,176,173
1546,71,25,19,22,22,98,30,62,0,175,174
1547,71,25,19,22,22,99,30,61,0,176,173
1548,70,25,19,22,22,99,30,62,0,176,173
1549,71,25,19,22,22,99,29,62,0,175,174
1550,70,25,19,22,22,99,30,62,0,176,173
1551,71,25,19,22,22,99,29,62,0,175,174
1552,70,25,19,22,22,99,30,62,0,176,173
1553,70,25,19,22,22,99,30,62,0,176,173
1554,70,25,19,22,22,99,30,62,0,176,173
1555,70,25,19,22,22,99,30,62,0,176,173
1556,70,25,19,23,22,98,30,62,0,175,174
1557,71,25,19,22,21,99,30,62,0,175,174
1558,71,25,19,22,22,99,29,62,0,175,174
1559,70,25,19,22,22,100,29,62,0,176,173
1560,71,25,19,22,22,99,29,62,0,175,174
1561,71,25,20,22,22,99,29,61,0,175,174
1562,71,25,19,22,21,99,30,62,0,175,174
1563,70,25,19,22,22,99,30,62,0,176,173
1564,70,25,19,22,22,99,30,62,0,176,173
1565,70,25,19,22,22,100,29,62,0,176,173
1566,70,25,19,22,22,99,30,62,0,176,173
1567,70,25,19,22,22,100,29,62,0,176,173
1568,71,25,19,22,22,99,29,62,0,175,174
1569,70,25,19,22,22,99,30,62,0,176,173
1570,71,25,19,22,22,98,29,63,0,174,175
1571,70,24,19,22,22,99,30,63,0,175,174
1572,71,25,19,22,22,99,29,62,0,175,174
1573,71,25,19,22,22,99,29,62,0,175,174
1574,70,25,19,22,22,99,30,62,0,176,173
1575,71,25,19,22,22,98,30,62,0,175,174
1576,70,25,19,22,22,100,30,61,0,177,172
1577,71,25,19,22,22,99,29,62,0,175,174
1578,70,25,19,22,22,99,30,62,0,176,173
1579,70,25,19,22,22,99,30,62,0,176,173
1580,71,25,19,22,22,99,30,61,0,176,173
1581,71,25,19,22,22,99,30,61,0,176,173
1582,71,25,19,22,22,98,30,62,0,175,174
1583,70,25,19,22,22,100,30,61,0,177,172
1584,71,25,19,22,22,99,29,62,0,175,174
1585,71,25,19,22,22,99,29,62,0,175,174
1586,70,25,19,22,21,100,30,62,0,176,173
1587,70,25,19,22,22,99,30,62,0,176,173
1588,71,25,19,22,22,99,29,62,0,175,174
1589,70,25,19,22,22,99,30,62,0,176,173
1590,71,25,19,22,22,99,30,61,0,176,173
1591,69,25,19,22,22,99,31,62,0,177,172
1592,70,25,19,22,21,100,30,62,0,176,173
1593,71,25,19,22,21,99,30,62,0,175,174
1594,71,25,19,22,22,99,29,62,0,175,174
1595,71,25,19,22,22,99,29,62,0,175,174
1596,71,25,19,22,21,100,29,62,0,175,174
1597,71,25,19,22,22,99,29,62,0,175,174
1598,70,26,19,22,22,99,29,62,0,176,173
1599,71,26,20,22,22,98,29,61,0,175,174
1600,71,25,19,22,21,99,30,62,0,175,174
1601,70,25,19,22,22,99,30,62,0,176,173
1602,70,25,19,22,22,99,30,62,0,176,173
1603,70,26,19,22,22,99,29,62,0,176,173
1604,70,25,19,22,22,99,30,62,0,176,173
1605,71,25,19,22,21,99,29,63,0,174,175
1606,71,25,19,21,22,99,30,62,0,176,173
1607,71,25,19,22,22,99,29,62,0,175,174
1608,70,25,19,22,22,99,30,62,0,176,173
1609,70,25,19,22,21,100,31,61,0,177,172
1610,70,25,19,23,22,99,29,62,0,175,174
1611,71,25,19,22,22,100,29,61,0,176,173
1612,71,25,19,22,22,99,29,62,0,175,174
1613,71,25,19,22,22,98,30,62,0,175,174
1614,71,25,19,22,22,99,29,62,0,175,174
1615,70,25,19,22,22,99,30,62,0,176,173
1616,71,25,19,22,22,99,29,62,0,175,174
1617,70,25,19,22,22,99,30,62,0,176,173
1618,71,26,19,22,22,98,30,61,0,176,173
1619,70,25,19,22,22,98,30,63,0,175,174
1620,70,25,19,22,22,99,30,62,0,176,173
1621,71,25,19,22,22,99,29,62,0,175,174
1622,71,25,19,22,21,99,30,62,0,175,174
1623,71,25,19,22,22,98,30,62,0,175,174
1624,71,25,19,22,22,99,29,62,0,175,174
1625,70,25,19,22,22,100,29,62,0,176,173
1626,70,25,19,22,21,99,30,63,0,175,174
1627,70,25,19,22,22,99,30,62,0,176,173
1628,71,25,20,22,21,99,29,62,0,174,175
1629,70,25,19,22,22,99,30,62,0,176,173
1630,71,25,19,22,22,99,30,61,0,176,173
1631,70,25,19,22,22,99,30,62,0,176,173
1632,71,25,19,22,21,100,30,61,0,176,173
1633,71,25,19,22,22,99,29,62,0,175,174
1634,70,26,19,22,22,99,29,62,0,176,173
1635,70,25,19,22,22,99,29,63,0,175,174
1636,71,25,19,22,22,98,29,63,0,174,175
1637,70,25,19,22,22,99,30,62,0,176,173
1638,71,25,19,22,22,99,29,62,0,175,174
1639,71,25,19,22,22,99,29,62,0,175,174
1640,70,26,19,22,22,99,29,62,0,176,173
1641,70,25,19,22,22,99,30,62,0,176,173
1642,71,25,19,22,21,100,29,62,0,175,174
1643,70,25,19,22,21,100,30,62,0,176,173
1644,70,25,19,22,22,99,30,62,0,176,173
1645,70,25,19,22,22,99,30,62,0,176,173
1646,71,25,20,22,21,99,29,62,0,174,175
1647,71,25,19,22,22,99,29,62,0,175,174
1648,70,26,19,22,22,98,30,62,0,176,173
1649,71,25,19,22,22,98,29,63,0,174,175
1650,71,25,19,22,22,99,29,62,0,175,174
1651,71,25,19,22,22,99,30,61,0,176,173
1652,70,25,19,22,22,100,29,62,0,176,173
1653,71,25,19,22,22,99,29,62,0,175,174
1654,70,26,19,22,22,98,30,62,0,176,173
1655,71,25,19,22,22,99,29,62,0,175,174
1656,70,25,19,22,22,99,30,62,0,176,173
1657,71,25,19,22,22,99,29,62,0,175,174
1658,71,25,19,22,22,98,30,62,0,175,174
1659,71,25,19,22,21,99,30,62,0,175,174
1660,70,25,19,22,22,100,29,62,0,176,173
1661,71,25,19,22,22,99,29,62,0,175,174
1662,71,25,19,22,22,99,29,62,0,175,174
1663,71,25,19,22,21,99,29,63,0,174,175
1664,70,25,19,22,22,99,30,62,0,176,173
1665,71,25,19,22,22,99,29,62,0,175,174
1666,71,25,20,22,22,98,29,62,0,174,175
1667,70,26,19,22,22,99,30,61,0,177,172
1668,71,25,19,22,21,100,29,62,0,175,174
1669,71,25,19,22,22,99,29,62,0,175,174
1670,71,25,19,22,22,99,29,62,0,175,174
1671,71,25,20,22,22,98,29,62,0,174,175
1672,70,25,19,22,22,99,30,62,0,176,173
1673,71,25,20,22,22,98,29,62,0,174,175
1674,70,25,19,22,23,99,30,61,0,177,172
1675,71,26,19,22,21,99,29,62,0,175,174
1676,71,25,19,22,22,99,29,62,0,175,174
1677,71,25,19,22,22,99,29,62,0,175,174
1678,70,25,19,22,22,99,30,62,0,176,173
1679,70,25,19,22,22,99,30,62,0,176,173
1680,71,25,20,22,22,98,29,62,0,174,175
1681,71,25,19,22,22,99,29,62,0,175,174
1682,71,25,19,22,22,98,30,62,0,175,174
1683,71,25,19,22,22,99,29,62,0,175,174
1684,71,25,19,22,22,99,29,62,0,175,174
1685,70,25,19,22,22,99,30,62,0,176,173
1686,70,25,19,22,22,100,29,62,0,176,173
1687,70,25,19,22,22,100,30,61,0,177,172
1688,72,25,19,22,22,99,29,61,0,175,174
1689,70,25,19,22,22,100,30,61,0,177,172
1690,71,25,19,22,22,99,29,62,0,175,174
1691,70,25,20,22,21,99,30,62,0,175,174
1692,70,25,19,22,22,99,30,62,0,176,173
1693,71,25,19,22,22,99,29,62,0,175,174
1694,71,25,19,22,22,99,29,62,0,175,174
1695,70,25,19,22,22,99,31,61,0,177,172
1696,71,25,19,22,22,99,29,62,0,175,174
1697,70,25,19,22,22,99,30,62,0,176,173
1698,71,25,20,22,22,99,29,61,0,175,174
1699,70,25,19,22,22,99,30,62,0,176,173
1700,71,25,19,22,22,99,29,62,0,175,174
1701,70,25,19,22,22,99,30,62,0,176,173
1702,71,25,19,22,21,99,30,62,0,175,174
1703,70,25,19,22,22,99,30,62,0,176,173
1704,70,25,19,22,22,99,30,62,0,176,173
1705,71,25,20,22,23,98,28,62,0,174,175
1706,70,26,19,22,22,99,29,62,0,176,173
1707,70,25,19,22,22,99,30,62,0,176,173
1708,72,26,19,22,22,98,29,61,0,175,174
1709,70,25,19,22,22,99,30,62,0,176,173
1710,71,25,20,22,23,98,29,61,0,175,174
1711,70,25,19,22,22,100,29,62,0,176,173
1712,70,25,19,22,22,99,30,62,0,176,173
1713,71,25,19,22,22,99,29,62,0,175,174
1714,71,25,19,22,22,99,29,62,0,175,174
1715,70,25,19,22,22,99,30,62,0,176,173
1716,70,26,19,22,22,99,29,62,0,176,173
1717,71,25,19,22,22,98,29,63,0,174,175
1718,71,25,20,22,22,99,28,62,0,174,175
1719,71,25,19,22,22,98,30,62,0,175,174
1720,70,25,19,22,22,99,30,62,0,176,173
1721,71,25,19,22,22,99,29,62,0,175,174
1722,70,25,19,22,22,100,30,61,0,177,172
1723,71,25,19,22,22,99,29,62,0,175,174
1724,70,25,19,22,22,99,30,62,0,176,173
1725,71,25,19,22,22,99,29,62,0,175,174
1726,70,25,19,22,21,100,30,62,0,176,173
1727,71,25,19,22,22,98,30,62,0,175,174
1728,70,25,19,22,22,99,30,62,0,176,173
1729,70,25,19,22,22,100,29,62,0,176,173
1730,70,25,19,22,22,99,30,62,0,176,173
1731,70,25,19,22,22,99,30,62,0,176,173
1732,70,25,19,22,22,99,30,62,0,176,173
1733,71,25,19,22,22,99,29,62,0,175,174
1734,71,25,19,22,22,99,29,62,0,175,174
1735,71,25,19,22,22,99,29,62,0,175,174
1736,70,26,20,22,22,98,29,62,0,175,174
1737,71,25,19,22,22,99,30,61,0,176,173
1738,71,25,19,22,21,100,29,62,0,175,174
1739,71,25,19,22,22,99,29,62,0,175,174
1740,71,25,19,22,22,99,29,62,0,175,174
1741,70,25,19,22,23,99,29,62,0,176,173
1742,70,25,19,22,22,99,29,63,0,175,174
1743,71,25,19,22,22,99,29,62,0,175,174
1744,71,25,19,22,22,98,30,62,0,175,174
1745,71,25,19,22,22,99,29,62,0,175,174
1746,70,25,19,22,22,99,30,62,0,176,173
1747,70,25,19,22,22,99,30,62,0,176,173
1748,70,25,19,22,22,100,29,62,0,176,173
1749,71,25,19,22,22,98,30,62,0,175,174
1750,72,25,19,22,22,98,29,62,0,174,175
1751,71,26,19,22,22,98,29,62,0,175,174
1752,70,25,19,22,21,100,30,62,0,176,173
1753,70,25,19,22,22,99,30,62,0,176,173
1754,71,25,19,22,22,99,29,62,0,175,174
1755,71,25,19,22,22,99,29,62,0,175,174
1756,70,25,19,22,22,100,29,62,0,176,173
1757,70,25,19,22,22,99,30,62,0,176,173
1758,70,25,19,22,22,99,30,62,0,176,173
1759,71,26,19,22,23,98,29,61,0,176,173
1760,71,25,19,22,22,98,30,62,0,175,174
1761,71,25,19,22,22,99,29,62,0,175,174
1762,70,25,19,22,22,99,30,62,0,176,173
1763,70,25,19,22,22,99,30,62,0,176,173
1764,70,25,19,22,22,99,30,62,0,176,173
1765,71,25,19,22,22,99,29,62,0,175,174
1766,70,25,19,22,22,100,29,62,0,176,173
1767,71,25,19,22,22,99,29,62,0,175,174
1768,70,26,19,22,22,99,29,62,0,176,173
1769,71,26,20,22,22,98,29,61,0,175,174
1770,70,25,19,22,21,100,30,62,0,176,173
1771,71,24,19,22,21,100,30,62,0,175,174
1772,71,25,20,22,22,98,29,62,0,174,175
1773,71,25,19,22,21,99,30,62,0,175,174
1774,71,25,18,22,22,101,29,61,0,177,172
1775,70,25,19,22,22,99,30,62,0,176,173
1776,71,25,19,22,22,99,29,62,0,175,174
1777,70,25,19,22,22,99,30,62,0,176,173
1778,70,25,19,22,22,100,30,61,0,177,172
1779,71,25,19,22,22,99,29,62,0,175,174
1780,70,25,19,22,22,99,29,63,0,175,174
1781,71,25,20,22,22,98,29,62,0,174,175
1782,71,25,20,22,22,99,29,61,0,175,174
1783,71,25,19,22,22,98,29,63,0,174,175
1784,70,25,19,22,22,100,29,62,0,176,173
1785,70,25,20,22,22,99,29,62,0,175,174
1786,70,25,20,22,22,99,30,61,0,176,173
1787,70,25,19,22,22,100,30,61,0,177,172
1788,71,25,19,22,22,99,29,62,0,175,174
1789,70,25,19,22,22,99,30,62,0,176,173
1790,71,25,19,22,22,99,29,62,0,175,174
1791,71,25,20,22,22,99,29,61,0,175,174
1792,71,25,19,22,22,99,29,62,0,175,174
1793,71,25,19,22,21,100,29,62,0,175,174
1794,70,25,19,22,22,99,30,62,0,176,173
1795,70,25,19,22,22,99,30,62,0,176,173
1796,71,25,19,22,22,99,29,62,0,175,174
1797,71,25,19,22,22,100,29,61,0,176,173
1798,71,25,19,22,21,99,30,62,0,175,174
1799,71,25,19,22,22,99,29,62,0,175,174
1800,71,26,19,22,22,99,29,61,0,176,173
1801,71,25,20,22,22,98,29,62,0,174,175
1802,71,25,19,22,22,99,29,62,0,175,174
1803,71,25,19,22,22,99,29,62,0,175,174
1804,70,25,19,22,22,99,30,62,0,176,173
1805,71,25,19,22,22,98,29,63,0,174,175
1806,70,25,19,22,22,99,30,62,0,176,173
1807,71,25,19,22,22,99,29,62,0,175,174
1808,70,25,19,22,22,99,30,62,0,176,173
1809,71,25,19,22,22,99,29,62,0,175,174
1810,71,25,19,22,22,99,29,62,0,175,174
1811,70,25,19,22,22,99,30,62,0,176,173
1812,70,25,19,22,22,100,29,62,0,176,173
1813,71,25,19,22,22,99,29,62,0,175,174
1814,71,25,19,22,22,99,30,61,0,176,173
1815,70,25,19,22,22,100,30,61,0,177,172
1816,70,25,19,22,22,99,29,63,0,175,174
1817,70,25,20,22,22,99,30,61,0,176,173
1818,70,25,19,22,22,100,30,61,0,177,172
1819,71,25,19,22,22,98,30,62,0,175,174
1820,71,25,19,22,21,100,29,62,0,175,174
1821,70,25,19,22,22,99,30,62,0,176,173
1822,70,25,19,22,22,99,30,62,0,176,173
1823,70,26,19,22,22,99,29,62,0,176,173
1824,71,25,19,22,22,99,29,62,0,175,174
1825,71,25,19,22,22,99,29,62,0,175,174
1826,71,25,20,22,22,98,29,62,0,174,175
1827,70,25,19,22,22,99,30,62,0,176,173
1828,70,25,19,22,22,99,30,62,0,176,173
1829,70,25,19,23,22,99,29,62,0,175,174
1830,70,25,19,22,22,99,30,62,0,176,173
1831,71,25,19,22,22,99,29,62,0,175,174
1832,70,25,19,22,22,99,30,62,0,176,173
1833,71,26,19,22,22,99,29,61,0,176,173
1834,71,25,19,22,22,98,30,62,0,175,174
1835,71,25,19,22,22,99,29,62,0,175,174
1836,71,25,19,22,22,99,29,62,0,175,174
1837,71,25,19,22,22,99,29,62,0,175,174
1838,71,25,19,22,22,99,30,61,0,176,173
1839,70,25,19,22,22,100,29,62,0,176,173
1840,70,25,19,22,22,100,29,62,0,176,173
1841,71,25,19,22,22,99,29,62,0,175,174
1842,71,25,19,22,21,99,30,62,0,175,174
1843,71,25,19,22,22,99,29,62,0,175,174
1844,70,25,19,22,22,99,30,62,0,176,173
1845,71,25,19,22,22,99,30,61,0,176,173
1846,71,25,19,22,22,99,29,62,0,175,174
1847,71,25,19,22,22,99,30,61,0,176,173
1848,71,25,19,22,22,99,30,61,0,176,173
1849,70,25,19,22,22,99,30,62,0,176,173
1850,71,25,19,22,22,99,29,62,0,175,174
1851,71,25,19,22,22,99,30,61,0,176,173
1852,71,25,19,22,21,100,29,62,0,175,174
1853,71,25,19,22,22,99,30,61,0,176,173
1854,71,25,19,22,21,99,30,62,0,175,174
1855,70,25,19,22,21,99,30,63,0,175,174
1856,71,25,19,22,21,99,30,62,0,175,174
1857,70,25,19,22,21,100,30,62,0,176,173
1858,71,25,20,22,22,98,29,62,0,174,175
1859,70,25,19,22,21,100,30,62,0,176,173
1860,70,25,19,22,22,99,30,62,0,176,173
1861,71,26,20,21,22,98,29,62,0,175,174
1862,70,25,19,22,22,99,30,62,0,176,173
1863,71,26,19,22,22,98,29,62,0,175,174
1864,71,25,19,22,22,99,29,62,0,175,174
1865,70,25,19,22,22,99,30,62,0,176,173
1866,70,25,19,22,22,99,30,62,0,176,173
1867,71,25,19,22,22,99,30,61,0,176,173
1868,71,25,19,22,22,99,29,62,0,175,174
1869,71,25,19,22,22,99,29,62,0,175,174
1870,71,25,19,22,22,99,29,62,0,175,174
1871,70,25,19,22,22,99,30,62,0,176,173
1872,71,25,19,22,22,99,29,62,0,175,174
1873,71,25,19,22,22,99,30,61,0,176,173
1874,71,25,19,22,22,100,29,61,0,176,173
1875,71,25,19,22,22,99,30,61,0,176,173
1876,71,25,19,22,22,99,29,62,0,175,174
1877,70,25,19,22,23,99,30,61,0,177,172
1878,71,25,19,22,22,99,29,62,0,175,174
1879,70,26,19,22,22,99,29,62,0,176,173
1880,70,25,19,22,22,99,30,62,0,176,173
1881,70,25,20,22,22,99,29,62,0,175,174
1882,70,25,19,22,22,99,30,62,0,176,173
1883,71,25,20,22,22,98,29,62,0,174,175
1884,71,25,20,22,22,98,29,62,0,174,175
1885,71,25,19,21,22,99,30,62,0,176,173
1886,71,25,19,22,22,99,29,62,0,175,174
1887,71,25,19,22,22,99,30,61,0,176,173
1888,71,25,19,22,22,99,29,62,0,175,174
1889,71,25,19,22,22,99,29,62,0,175,174
1890,70,25,19,22,22,99,29,63,0,175,174
1891,71,25,19,22,22,99,29,62,0,175,174
1892,70,25,19,22,22,100,29,62,0,176,173
1893,71,25,19,22,22,99,29,62,0,175,174
1894,70,25,19,22,22,100,29,62,0,176,173
1895,70,25,19,22,22,99,30,62,0,176,173
1896,70,25,19,22,22,99,30,62,0,176,173
1897,71,25,19,22,21,99,29,63,0,174,175
1898,71,25,19,22,22,99,29,62,0,175,174
1899,70,25,19,22,22,100,29,62,0,176,173
1900,70,25,19,22,22,100,30,61,0,177,172
1901,70,25,19,22,22,100,30,61,0,177,172
1902,70,25,19,22,22,99,30,62,0,176,173
1903,71,25,19,22,22,99,29,62,0,175,174
1904,71,25,20,22,22,98,29,62,0,174,175
1905,71,25,19,22,22,99,29,62,0,175,174
1906,71,25,19,22,22,99,30,61,0,176,173
1907,71,25,19,22,22,98,30,62,0,175,174
1908,70,25,19,23,21,99,30,62,0,175,174
1909,71,25,19,22,22,99,29,62,0,175,174
1910,70,25,19,22,22,99,30,62,0,176,173
1911,71,25,19,22,22,99,29,62,0,175,174
1912,70,25,19,22,22,99,29,63,0,175,174
1913,70,25,19,22,22,100,30,61,0,177,172
1914,71,25,20,22,22,98,29,62,0,174,175
1915,71,25,19,22,22,99,29,62,0,175,174
1916,70,25,19,22,22,100,29,62,0,176,173
1917,71,25,19,22,22,99,29,62,0,175,174
1918,71,25,19,22,22,100,29,61,0,176,173
1919,71,26,20,22,21,98,29,62,0,174,175
1920,71,26,20,22,22,98,29,61,0,175,174
1921,70,25,19,22,22,99,30,62,0,176,173
1922,70,25,19,22,22,99,30,62,0,176,173
1923,71,25,19,22,22,99,29,62,0,175,174
1924,71,25,19,22,22,98,30,62,0,175,174
1925,70,25,19,22,22,100,30,61,0,177,172
1926,71,25,19,22,21,99,30,62,0,175,174
1927,70,25,19,22,22,99,30,62,0,176,173
1928,71,26,19,22,22,99,29,61,0,176,173
1929,71,26,19,22,21,99,30,61,0,176,173
1930,70,25,19,22,22,100,30,61,0,177,172
1931,71,25,19,22,22,99,29,62,0,175,174
1932,71,25,20,22,22,98,29,62,0,174,175
1933,70,26,19,22,22,99,29,62,0,176,173
1934,70,25,19,22,21,100,30,62,0,176,173
1935,71,25,19,22,22,99,29,62,0,175,174
1936,71,25,19,22,22,99,29,62,0,175,174
1937,71,25,19,22,22,99,29,62,0,175,174
1938,70,25,19,22,22,99,30,62,0,176,173
1939,71,26,19,22,22,99,28,62,0,175,174
1940,72,25,19,22,22,98,28,63,0,173,176
1941,70,25,19,22,22,99,30,62,0,176,173
1942,71,25,19,22,22,99,29,62,0,175,174
1943,70,25,19,22,22,99,30,62,0,176,173
1944,71,25,19,22,22,99,29,62,0,175,174
1945,70,25,19,22,22,100,30,61,0,177,172
1946,70,25,19,22,22,99,30,62,0,176,173
1947,71,25,19,22,22,99,29,62,0,175,174
1948,70,25,19,22,23,98,30,62,0,176,173
1949,71,25,19,22,22,99,29,62,0,175,174
1950,72,25,19,22,22,98,29,62,0,174,175
1951,71,25,19,22,22,98,30,62,0,175,174
1952,70,25,19,22,22,99,30,62,0,176,173
1953,71,25,19,22,22,99,29,62,0,175,174
1954,71,25,19,22,21,99,29,63,0,174,175
1955,71,25,19,22,22,99,30,61,0,176,173
1956,70,25,19,22,22,99,30,62,0,176,173
1957,71,26,19,22,21,98,30,62,0,175,174
1958,71,25,19,22,22,99,29,62,0,175,174
1959,70,25,19,22,22,100,30,61,0,177,172
1960,71,26,19,22,22,98,29,62,0,175,174
1961,70,25,18,22,22,100,30,62,0,177,172
1962,70,25,19,22,22,99,30,62,0,176,173
1963,70,25,19,22,21,100,30,62,0,176,173
1964,70,25,19,22,22,99,30,62,0,176,173
1965,71,25,19,22,22,99,29,62,0,175,174
1966,70,25,19,22,22,99,30,62,0,176,173
1967,71,25,19,22,22,99,30,61,0,176,173
1968,71,25,19,22,22,99,29,62,0,175,174
1969,70,25,19,22,22,99,30,62,0,176,173
1970,71,25,19,22,22,99,29,62,0,175,174
1971,70,25,19,22,22,99,30,62,0,176,173
1972,71,25,19,22,22,99,30,61,0,176,173
1973,70,25,19,22,22,100,29,62,0,176,173
1974,70,25,19,22,22,100,29,62,0,176,173
1975,71,25,19,22,22,99,29,62,0,175,174
1976,71,25,19,22,22,99,29,62,0,175,174
1977,70,25,19,22,22,100,29,62,0,176,173
1978,70,25,19,22,22,99,30,62,0,176,173
1979,70,25,19,22,22,100,29,62,0,176,173
1980,71,25,19,22,21,100,29,62,0,175,174
1981,71,25,20,22,22,98,29,62,0,174,175
1982,71,25,19,22,22,100,29,61,0,176,173
1983,71,25,19,22,22,99,29,62,0,175,174
1984,69,25,19,22,23,100,29,62,0,177,172
1985,71,25,19,22,22,99,29,62,0,175,174
1986,71,25,19,22,22,99,29,62,0,175,174
1987,71,25,19,22,22,99,30,61,0,176,173
1988,70,25,19,22,22,100,30,61,0,177,172
1989,71,26,19,22,22,98,29,62,0,175,174
1990,70,25,19,22,22,100,29,62,0,176,173
1991,71,26,19,22,22,98,29,62,0,175,174
1992,70,25,19,22,22,99,30,62,0,176,173
1993,70,25,20,22,23,98,29,62,0,175,174
1994,70,25,19,22,22,99,30,62,0,176,173
1995,71,25,19,22,22,99,29,62,0,175,174
1996,70,25,19,22,22,99,30,62,0,176,173
1997,71,25,19,22,22,99,29,62,0,175,174
1998,70,25,19,22,22,99,30,62,0,176,173
1999,70,25,19,22,22,99,30,62,0,176,173
2000,70,25,19,22,22,99,30,62,0,176,173
2001,71,25,19,22,22,99,29,62,0,175,174
2002,71,25,20,22,22,98,30,61,0,175,174
2003,71,25,19,22,22,99,29,62,0,175,174
2004,70,25,19,22,22,99,30,62,0,176,173
2005,71,25,19,22,22,99,29,62,0,175,174
2006,71,25,19,22,22,99,29,62,0,175,174
2007,69,25,19,22,22,99,30,63,0,176,173
2008,71,25,19,22,22,99,29,62,0,175,174
2009,71,25,19,22,21,100,29,62,0,175,174
2010,70,25,19,22,22,99,30,62,0,176,173
2011,70,25,19,22,22,100,29,62,0,176,173
2012,71,26,19,22,22,99,29,61,0,176,173
2013,71,25,19,22,22,99,29,62,0,175,174
2014,71,25,19,22,21,99,31,61,0,176,173
2015,71,25,19,22,22,99,29,62,0,175,174
2016,71,26,19,22,22,98,29,62,0,175,174
2017,70,25,20,22,22,99,29,62,0,175,174
2018,71,25,19,22,22,99,29,62,0,175,174
2019,70,25,19,22,22,100,29,62,0,176,173
2020,71,25,19,22,21,99,29,63,0,174,175
2021,70,26,19,22,21,99,30,62,0,176,173
2022,71,25,19,22,22,99,29,62,0,175,174
2023,71,25,20,22,21,98,30,62,0,174,175
2024,71,25,19,22,23,99,29,61,0,176,173
2025,71,25,19,22,22,99,29,62,0,175,174
2026,70,25,19,22,22,99,29,63,0,175,174
2027,70,24,19,22,22,100,30,62,0,176,173
2028,70,25,19,22,21,100,30,62,0,176,173
2029,71,25,19,22,22,99,30,61,0,176,173
2030,71,25,19,22,21,99,30,62,0,175,174
2031,71,25,19,22,22,99,29,62,0,175,174
2032,71,25,19,22,22,99,30,61,0,176,173
2033,71,25,19,22,22,99,29,62,0,175,174
2034,70,25,19,22,22,99,30,62,0,176,173
2035,71,25,19,22,22,99,29,62,0,175,174
2036,71,25,19,22,22,99,29,62,0,175,174
2037,71,25,19,22,22,99,28,63,0,174,175
2038,71,25,19,22,22,99,30,61,0,176,173
2039,71,25,19,22,22,99,29,62,0,175,174
2040,71,25,19,22,22,99,29,62,0,175,174
2041,70,25,19,22,22,99,30,62,0,176,173
2042,71,25,19,22,22,99,29,62,0,175,174
2043,70,25,19,22,22,99,30,62,0,176,173
2044,70,25,19,22,22,99,29,63,0,175,174
2045,70,25,19,22,22,99,30,62,0,176,173
2046,70,25,19,22,22,99,30,62,0,176,173
2047,70,26,19,22,22,99,29,62,0,176,173
2048,71,25,19,22,22,99,29,62,0,175,174
2049,69,25,19,22,22,100,30,62,0,177,172
2050,70,25,19,22,22,100,30,61,0,177,172
2051,71,25,19,22,22,99,29,62,0,175,174
2052,71,25,19,22,21,99,30,62,0,175,174
2053,70,25,19,22,22,100,29,62,0,176,173
2054,70,25,19,22,22,99,30,62,0,176,173
2055,71,25,19,22,22,99,29,62,0,175,174
2056,71,25,19,22,22,99,29,62,0,175,174
2057,71,25,19,22,22,99,29,62,0,175,174
2058,70,25,19,22,22,100,30,61,0,177,172
2059,71,25,19,22,22,99,29,62,0,175,174
2060,71,25,19,22,22,99,29,62,0,175,174
2061,70,25,19,22,22,99,30,62,0,176,173
2062,71,25,19,23,21,99,29,62,0,174,175
2063,70,25,19,22,22,99,30,62,0,176,173
2064,70,25,19,22,22,99,29,63,0,175,174
2065,71,25,19,22,21,99,30,62,0,175,174
2066,70,25,19,22,22,99,30,62,0,176,173
2067,70,25,19,22,21,100,30,62,0,176,173
2068,69,25,19,22,22,100,30,62,0,177,172
2069,71,25,19,22,22,99,29,62,0,175,174
2070,70,25,20,22,22,99,29,62,0,175,174
2071,71,25,19,22,22,99,29,62,0,175,174
2072,70,25,19,21,22,100,30,62,0,177,172
2073,71,26,19,22,22,99,28,62,0,175,174
2074,70,25,19,22,22,99,30,62,0,176,173
2075,70,25,19,22,21,99,30,63,0,175,174
2076,71,25,20,22,22,98,29,62,0,174,175
2077,71,25,19,22,22,99,29,62,0,175,174
2078,70,25,19,22,22,99,30,62,0,176,173
2079,70,25,19,22,22,99,30,62,0,176,173
2080,71,25,19,22,22,98,29,63,0,174,175
2081,71,25,19,22,21,99,30,62,0,175,174
2082,70,25,19,22,22,99,30,62,0,176,173
2083,70,25,19,22,22,99,30,62,0,176,173
2084,70,25,19,22,23,99,29,62,0,176,173
2085,72,25,19,22,22,98,29,62,0,174,175
2086,71,25,19,22,22,99,29,62,0,175,174
2087,71,25,19,21,21,100,30,62,0,176,173
2088,70,25,19,22,22,99,30,62,0,176,173
2089,71,25,19,22,22,99,29,62,0,175,174
2090,71,25,19,22,22,99,29,62,0,175,174
2091,70,25,19,22,22,100,29,62,0,176,173
2092,70,25,19,22,22,99,30,62,0,176,173
2093,71,25,19,21,22,99,30,62,0,176,173
2094,70,25,19,22,22,99,30,62,0,176,173
2095,71,25,19,22,22,99,29,62,0,175,174
2096,70,25,19,22,22,99,30,62,0,176,173
2097,70,25,19,22,22,99,30,62,0,176,173
2098,71,25,19,22,22,99,30,61,0,176,173
2099,71,25,19,22,22,99,30,61,0,176,173
2100,70,25,19,22,22,99,30,62,0,176,173
2101,70,25,19,22,22,99,30,62,0,176,173
2102,71,25,19,22,22,98,30,62,0,175,174
2103,71,25,20,22,21,99,29,62,0,174,175
2104,71,25,19,22,22,99,29,62,0,175,174
2105,71,25,19,22,22,99,30,61,0,176,173
2106,70,25,19,22,22,99,30,62,0,176,173
2107,70,25,19,22,22,100,29,62,0,176,173
2108,71,25,19,23,22,98,29,62,0,174,175
2109,70,25,19,22,22,99,30,62,0,176,173
2110,71,26,19,22,21,99,29,62,0,175,174
2111,70,25,19,21,22,100,30,62,0,177,172
2112,70,25,19,22,22,99,30,62,0,176,173
2113,71,25,20,22,22,98,29,62,0,174,175
2114,71,25,19,22,22,99,29,62,0,175,174
2115,70,25,20,22,22,100,29,61,0,176,173
2116,71,25,19,22,22,99,29,62,0,175,174
2117,71,25,19,22,22,99,29,62,0,175,174
2118,71,25,19,22,22,99,29,62,0,175,174
2119,71,26,19,22,22,98,29,62,0,175,174
2120,70,25,19,22,22,99,29,63,0,175,174
2121,70,25,19,22,21,99,31,62,0,176,173
2122,70,25,19,22,22,99,30,62,0,176,173
2123,70,26,19,22,22,99,30,61,0,177,172
2124,72,25,19,22,22,98,28,63,0,173,176
2125,71,25,19,22,22,99,29,62,0,175,174
2126,70,25,19,22,22,99,30,62,0,176,173
2127,71,26,19,22,22,98,29,62,0,175,174
2128,71,25,19,22,21,100,29,62,0,175,174
2129,70,25,19,22,22,99,30,62,0,176,173
2130,71,25,19,22,22,98,30,62,0,175,174
2131,72,25,19,22,22,99,29,61,0,175,174
2132,71,25,19,22,22,99,29,62,0,175,174
2133,71,24,19,22,22,98,30,63,0,174,175
2134,71,25,19,22,22,99,29,62,0,175,174
2135,70,25,19,22,22,99,30,62,0,176,173
2136,71,26,19,22,22,98,29,62,0,175,174
2137,71,25,19,22,22,99,29,62,0,175,174
2138,71,26,19,22,22,98,28,63,0,174,175
2139,71,25,19,23,21,99,29,62,0,174,175
2140,70,25,19,22,22,99,30,62,0,176,173
2141,71,25,19,22,22,99,29,62,0,175,174
2142,70,25,19,22,22,99,30,62,0,176,173
2143,71,25,19,22,22,99,29,62,0,175,174
2144,71,25,19,21,22,99,30,62,0,176,173
2145,71,25,19,22,22,99,29,62,0,175,174
2146,70,25,19,22,22,99,30,62,0,176,173
2147,70,25,19,22,22,99,30,62,0,176,173
2148,72,25,19,22,22,98,29,62,0,174,175
2149,71,25,20,22,22,99,29,61,0,175,174
2150,71,25,19,22,22,99,29,62,0,175,174
2151,70,25,19,22,22,100,29,62,0,176,173
2152,71,25,19,22,21,99,30,62,0,175,174
2153,71,25,19,22,22,98,29,63,0,174,175
2154,70,25,19,22,22,99,30,62,0,176,173
2155,71,25,19,22,21,99,30,62,0,175,174
2156,71,25,19,22,22,99,29,62,0,175,174
2157,70,25,19,22,22,99,30,62,0,176,173
2158,71,25,19,22,22,98,29,63,0,174,175
2159,72,25,20,22,22,98,29,61,0,174,175
2160,70,25,19,22,22,99,30,62,0,176,173
2161,70,25,19,22,22,99,30,62,0,176,173
2162,70,25,19,23,22,99,29,62,0,175,174
2163,71,25,19,22,22,99,29,62,0,175,174
2164,70,25,19,22,22,100,29,62,0,176,173
2165,71,25,19,22,22,99,29,62,0,175,174
2166,71,25,19,22,22,99,29,62,0,175,174
2167,70,25,19,22,22,99,30,62,0,176,173
2168,71,25,19,22,22,99,30,61,0,176,173
2169,71,25,19,22,22,99,29,62,0,175,174
2170,70,26,19,22,22,99,29,62,0,176,173
2171,71,25,19,22,22,99,29,62,0,175,174
2172,71,25,19,22,22,99,29,62,0,175,174
2173,70,26,19,22,22,99,30,61,0,177,172
2174,71,25,19,22,22,99,29,62,0,175,174
2175,70,25,19,22,22,100,29,62,0,176,173
2176,71,25,19,22,22,99,29,62,0,175,174
2177,71,25,19,22,22,99,30,61,0,176,173
2178,71,25,19,22,22,99,29,62,0,175,174
2179,71,25,19,22,23,98,29,62,0,175,174
2180,70,25,19,22,22,99,30,62,0,176,173
2181,70,25,19,22,22,100,29,62,0,176,173
2182,71,25,19,22,22,99,30,61,0,176,173
2183,71,25,20,22,21,100,29,61,0,175,174
2184,70,25,19,22,22,100,29,62,0,176,173
2185,71,25,19,22,22,99,29,62,0,175,174
2186,70,25,20,22,21,99,30,62,0,175,174
2187,70,25,19,22,22,99,30,62,0,176,173
2188,71,25,19,22,22,99,29,62,0,175,174
2189,71,25,19,22,22,99,29,62,0,175,174
2190,70,25,19,22,22,99,29,63,0,175,174
2191,71,25,19,22,21,99,30,62,0,175,174
2192,71,25,19,22,22,99,29,62,0,175,174
2193,70,25,19,22,22,99,30,62,0,176,173
2194,70,26,19,22,22,99,29,62,0,176,173
2195,70,25,19,22,22,99,30,62,0,176,173
2196,71,25,19,22,22,99,30,61,0,176,173
2197,71,25,20,22,22,99,29,61,0,175,174
2198,70,25,19,22,22,99,30,62,0,176,173
2199,71,25,19,21,22,99,30,62,0,176,173
2200,70,25,19,22,22,99,30,62,0,176,173
2201,71,25,19,22,21,99,30,62,0,175,174
2202,70,25,19,22,22,99,30,62,0,176,173
2203,71,25,19,22,22,99,29,62,0,175,174
2204,70,25,19,22,22,100,30,61,0,177,172
2205,71,25,19,22,22,99,30,61,0,176,173
2206,71,25,19,22,22,98,30,62,0,175,174
2207,70,25,19,22,22,99,30,62,0,176,173
2208,70,25,19,22,22,99,31,61,0,177,172
2209,71,25,19,22,22,99,29,62,0,175,174
2210,71,25,19,22,22,99,29,62,0,175,174
2211,71,25,20,22,22,98,29,62,0,174,175
2212,70,25,19,22,22,100,29,62,0,176,173
2213,70,25,19,22,22,99,30,62,0,176,173
2214,71,25,19,22,22,99,29,62,0,175,174
2215,70,24,19,22,22,100,30,62,0,176,173
2216,70,25,19,22,22,100,30,61,0,177,172
2217,71,25,19,22,22,99,29,62,0,175,174
2218,71,25,19,22,22,98,30,62,0,175,174
2219,70,25,20,22,22,98,30,62,0,175,174
2220,71,25,19,22,22,99,29,62,0,175,174
2221,71,25,19,22,22,99,30,61,0,176,173
2222,71,25,20,22,22,98,29,62,0,174,175
2223,71,25,19,22,22,99,29,62,0,175,174
2224,71,25,20,22,22,98,29,62,0,174,175
2225,70,25,19,22,22,99,30,62,0,176,173
2226,71,25,19,22,22,99,29,62,0,175,174
2227,70,26,19,22,22,99,30,61,0,177,172
2228,71,25,19,22,22,99,29,62,0,175,174
2229,71,25,19,22,22,98,30,62,0,175,174
2230,71,25,19,22,22,99,30,61,0,176,173
2231,71,25,19,22,22,98,29,63,0,174,175
2232,71,25,20,22,22,98,29,62,0,174,175
2233,69,25,19,22,22,100,30,62,0,177,172
2234,70,25,20,22,21,99,30,62,0,175,174
2235,70,25,19,22,22,99,30,62,0,176,173
2236,72,25,19,22,22,98,29,62,0,174,175
2237,71,25,19,22,22,100,29,61,0,176,173
2238,70,25,19,22,22,99,30,62,0,176,173
2239,70,25,19,22,21,99,30,63,0,175,174
2240,71,25,19,22,22,99,29,62,0,175,174
2241,71,25,19,22,22,99,30,61,0,176,173
2242,71,25,19,22,22,99,29,62,0,175,174
2243,71,25,19,22,22,99,29,62,0,175,174
2244,70,25,19,22,22,99,30,62,0,176,173
2245,71,25,19,22,22,99,29,62,0,175,174
2246,71,25,19,22,21,100,30,61,0,176,173
2247,71,25,19,22,22,99,29,62,0,175,174
2248,70,25,19,22,22,99,30,62,0,176,173
2249,71,25,20,22,22,98,29,62,0,174,175
2250,71,25,19,22,22,98,29,63,0,174,175
2251,70,25,19,22,22,99,30,62,0,176,173
2252,70,25,19,22,22,100,29,62,0,176,173
2253,71,25,19,22,22,99,30,61,0,176,173
2254,70,25,19,22,22,99,30,62,0,176,173
2255,69,25,19,22,23,100,30,61,0,178,171
2256,71,25,19,22,22,99,29,62,0,175,174
2257,70,25,19,22,21,100,30,62,0,176,173
2258,71,25,19,22,21,99,30,62,0,175,174
2259,71,25,19,22,22,99,29,62,0,175,174
2260,71,26,19,22,22,98,29,62,0,175,174
2261,70,25,19,22,22,99,30,62,0,176,173
2262,70,25,20,22,22,99,29,62,0,175,174
2263,70,25,19,22,21,99,31,62,0,176,173
2264,71,26,19,22,22,98,29,62,0,175,174
2265,71,25,19,22,22,99,29,62,0,175,174
2266,70,25,19,22,22,99,30,62,0,176,173
2267,71,25,19,22,22,99,29,62,0,175,174
2268,70,25,19,22,22,99,30,62,0,176,173
2269,71,25,19,22,22,99,30,61,0,176,173
2270,70,26,19,21,22,98,30,63,0,176,173
2271,71,25,19,22,22,99,29,62,0,175,174
2272,71,25,19,22,22,99,29,62,0,175,174
2273,71,25,19,22,22,99,29,62,0,175,174
2274,70,25,19,22,22,99,30,62,0,176,173
2275,70,25,19,22,22,99,30,62,0,176,173
2276,70,25,19,22,22,99,30,62,0,176,173
2277,70,25,19,22,22,99,30,62,0,176,173
2278,70,25,19,22,22,100,29,62,0,176,173
2279,71,25,19,22,22,99,29,62,0,175,174
2280,71,25,20,22,22,98,29,62,0,174,175
2281,71,25,19,22,22,99,30,61,0,176,173
2282,71,26,19,22,22,98,29,62,0,175,174
2283,71,25,19,22,22,99,29,62,0,175,174
2284,71,25,19,22,22,98,29,63,0,174,175
2285,71,25,19,22,22,99,29,62,0,175,174
2286,70,25,19,22,22,99,30,62,0,176,173
2287,71,25,19,22,22,99,30,61,0,176,173
2288,70,25,19,22,22,99,30,62,0,176,173
2289,70,25,19,22,22,99,29,63,0,175,174
2290,71,25,19,22,22,98,30,62,0,175,174
2291,70,25,19,22,22,100,29,62,0,176,173
2292,70,25,19,22,22,100,30,61,0,177,172
2293,70,25,19,22,22,99,30,62,0,176,173
2294,70,25,19,22,22,99,30,62,0,176,173
2295,70,25,19,22,21,100,30,62,0,176,173
2296,70,25,19,22,22,100,29,62,0,176,173
2297,70,25,19,22,21,100,30,62,0,176,173
2298,71,25,19,22,22,99,29,62,0,175,174
2299,70,25,20,22,22,99,30,61,0,176,173
2300,70,25,19,22,22,99,30,62,0,176,173
2301,70,25,19,22,21,100,30,62,0,176,173
2302,71,25,19,22,21,99,30,62,0,175,174
2303,71,25,19,22,22,99,29,62,0,175,174
2304,71,25,19,22,22,99,29,62,0,175,174
2305,71,25,19,22,21,100,29,62,0,175,174
2306,71,25,19,22,22,98,29,63,0,174,175
2307,71,25,19,22,22,99,29,62,0,175,174
2308,72,25,19,22,22,99,29,61,0,175,174
2309,71,25,19,22,22,99,29,62,0,175,174
2310,70,25,19,22,22,99,30,62,0,176,173
2311,70,25,20,22,22,99,29,62,0,175,174
2312,71,25,19,22,22,99,29,62,0,175,174
2313,71,25,19,22,22,99,29,62,0,175,174
2314,71,25,19,22,22,98,30,62,0,175,174
2315,71,25,19,21,22,99,30,62,0,176,173
2316,70,25,19,22,22,98,30,63,0,175,174
2317,71,25,19,22,22,99,29,62,0,175,174
2318,70,25,19,22,22,100,30,61,0,177,172
2319,71,25,19,23,21,98,29,63,0,173,176
2320,71,25,19,23,22,98,29,62,0,174,175
2321,71,25,20,22,22,98,29,62,0,174,175
2322,72,26,19,22,22,98,28,62,0,174,175
2323,70,25,19,22,22,99,30,62,0,176,173
2324,70,25,19,22,22,99,29,63,0,175,174
2325,70,25,19,22,22,99,30,62,0,176,173
2326,70,25,19,22,22,99,30,62,0,176,173
2327,70,25,19,22,22,99,30,62,0,176,173
2328,70,25,19,22,21,100,30,62,0,176,173
2329,71,26,19,22,22,98,29,62,0,175,174
2330,71,25,19,22,22,99,29,62,0,175,174
2331,71,25,19,22,22,99,29,62,0,175,174
2332,71,25,19,22,22,99,29,62,0,175,174
2333,71,25,19,22,22,99,30,61,0,176,173
2334,71,25,19,22,22,99,30,61,0,176,173
2335,71,26,19,22,22,99,29,61,0,176,173
2336,70,25,19,22,22,99,30,62,0,176,173
2337,70,25,19,22,22,99,30,62,0,176,173
2338,71,25,19,22,22,99,29,62,0,175,174
2339,71,25,19,22,22,99,29,62,0,175,174
2340,70,25,19,22,22,99,30,62,0,176,173
2341,71,26,19,22,22,98,29,62,0,175,174
2342,71,25,19,22,22,99,29,62,0,175,174
2343,71,25,19,22,22,99,29,62,0,175,174
2344,71,25,19,22,22,99,29,62,0,175,174
2345,71,25,19,22,22,99,29,62,0,175,174
2346,70,25,19,22,22,99,30,62,0,176,173
2347,71,25,19,22,22,99,30,61,0,176,173
2348,70,25,19,22,22,99,29,63,0,175,174
2349,70,25,19,22,22,99,30,62,0,176,173
2350,72,25,19,22,21,99,29,62,0,174,175
2351,71,25,19,22,21,99,30,62,0,175,174
2352,71,25,19,22,22,99,29,62,0,175,174
2353,70,25,19,22,21,99,30,63,0,175,174
2354,70,25,19,22,22,99,30,62,0,176,173
2355,70,25,19,22,22,100,30,61,0,177,172
2356,70,25,19,22,22,100,30,61,0,177,172
2357,71,25,19,22,22,98,30,62,0,175,174
2358,70,25,19,22,22,99,30,62,0,176,173
2359,71,25,20,22,22,98,29,62,0,174,175
2360,71,25,19,22,22,98,30,62,0,175,174
2361,71,25,19,22,22,99,30,61,0,176,173
2362,71,25,19,22,22,99,30,61,0,176,173
2363,70,25,19,22,22,99,30,62,0,176,173
2364,71,25,20,22,21,99,29,62,0,174,175
2365,71,25,19,22,22,99,29,62,0,175,174
2366,71,25,19,22,22,99,29,62,0,175,174
2367,71,25,19,22,22,99,29,62,0,175,174
2368,70,25,19,22,22,99,30,62,0,176,173
2369,70,26,19,22,21,99,29,63,0,175,174
2370,70,26,19,22,22,98,30,62,0,176,173
2371,71,25,19,22,21,99,30,62,0,175,174
2372,70,25,19,22,22,99,30,62,0,176,173
2373,71,25,19,22,22,99,29,62,0,175,174
2374,70,25,19,22,22,99,30,62,0,176,173
2375,71,25,19,22,22,99,30,61,0,176,173
2376,71,25,20,22,22,98,29,62,0,174,175
2377,70,25,19,22,22,99,30,62,0,176,173
2378,71,25,19,22,22,99,29,62,0,175,174
2379,70,25,19,22,22,99,30,62,0,176,173
2380,70,26,19,22,22,98,30,62,0,176,173
2381,70,25,19,22,22,100,29,62,0,176,173
2382,71,25,19,22,22,98,30,62,0,175,174
2383,71,25,19,22,22,99,28,63,0,174,175
2384,71,25,19,22,22,99,29,62,0,175,174
2385,71,25,19,22,22,99,29,62,0,175,174
2386,71,26,19,22,22,99,28,62,0,175,174
2387,70,25,19,22,22,99,30,62,0,176,173
2388,70,25,19,22,22,99,30,62,0,176,173
2389,70,25,19,22,22,99,30,62,0,176,173
2390,71,25,19,22,22,99,29,62,0,175,174
2391,71,25,19,22,22,99,29,62,0,175,174
2392,70,26,19,22,22,99,30,61,0,177,172
2393,71,25,19,22,22,99,29,62,0,175,174
2394,70,25,19,23,22,99,29,62,0,175,174
2395,70,25,20,22,22,99,29,62,0,175,174
2396,70,25,19,22,22,100,30,61,0,177,172
2397,70,25,19,22,22,100,30,61,0,177,172
2398,71,25,19,22,22,99,29,62,0,175,174
2399,71,25,19,22,22,99,29,62,0,175,174
2400,70,25,19,22,21,100,30,62,0,176,173
2401,70,25,19,22,22,99,30,62,0,176,173
2402,70,25,19,22,23,99,29,62,0,176,173
2403,71,25,19,22,22,99,29,62,0,175,174
2404,71,25,19,22,22,99,29,62,0,175,174
2405,70,25,19,22,22,99,30,62,0,176,173
2406,71,25,19,22,22,99,29,62,0,175,174
2407,70,25,19,22,21,100,30,62,0,176,173
2408,71,25,19,22,22,99,29,62,0,175,174
2409,70,25,19,22,22,99,30,62,0,176,173
2410,70,25,19,22,22,99,30,62,0,176,173
2411,71,25,19,22,22,99,29,62,0,175,174
2412,71,25,19,22,22,99,29,62,0,175,174
2413,71,25,19,22,22,99,30,61,0,176,173
2414,71,25,19,22,22,99,29,62,0,175,174
2415,70,25,19,22,22,99,30,62,0,176,173
2416,71,25,19,22,21,99,30,62,0,175,174
2417,70,25,19,22,22,99,30,62,0,176,173
2418,71,25,19,22,22,99,29,62,0,175,174
2419,70,25,19,22,22,99,30,62,0,176,173
2420,70,25,19,22,22,99,30,62,0,176,173
2421,71,25,19,22,21,99,29,63,0,174,175
2422,70,25,19,22,22,99,30,62,0,176,173
2423,71,25,20,22,23,98,29,61,0,175,174
2424,71,25,19,22,22,99,29,62,0,175,174
2425,70,25,19,22,22,99,30,62,0,176,173
2426,71,25,20,22,22,98,29,62,0,174,175
2427,71,25,19,22,22,99,29,62,0,175,174
2428,70,25,19,22,22,100,29,62,0,176,173
2429,72,25,20,22,22,98,28,62,0,173,176
2430,71,25,19,22,22,98,30,62,0,175,174
2431,71,25,19,22,21,99,29,63,0,174,175
2432,71,25,19,22,21,100,29,62,0,175,174
2433,70,25,19,22,22,99,30,62,0,176,173
2434,71,25,19,22,21,100,29,62,0,175,174
2435,71,25,19,22,22,99,29,62,0,175,174
2436,70,25,19,22,22,100,29,62,0,176,173
2437,71,25,19,22,22,99,29,62,0,175,174
2438,70,25,19,22,22,99,29,63,0,175,174
2439,70,25,19,22,22,99,30,62,0,176,173
2440,72,25,20,22,21,99,29,61,0,174,175
2441,70,25,19,22,22,99,30,62,0,176,173
2442,71,25,19,22,22,99,29,62,0,175,174
2443,71,25,19,22,22,99,29,62,0,175,174
2444,70,25,19,22,22,99,30,62,0,176,173
2445,71,25,19,22,21,99,30,62,0,175,174
2446,71,25,19,22,22,99,29,62,0,175,174
2447,71,25,19,22,22,99,29,62,0,175,174
2448,71,25,19,21,22,99,30,62,0,176,173
2449,71,25,19,22,22,99,29,62,0,175,174
2450,71,25,19,22,22,99,29,62,0,175,174
2451,69,25,19,22,23,99,30,62,0,177,172
2452,71,25,19,22,21,99,30,62,0,175,174
2453,70,25,19,22,22,99,30,62,0,176,173
2454,71,25,19,22,22,99,29,62,0,175,174
2455,70,25,19,22,22,99,30,62,0,176,173
2456,70,25,19,22,22,99,30,62,0,176,173
2457,71,25,19,22,22,99,29,62,0,175,174
2458,70,25,19,22,22,100,30,61,0,177,172
2459,70,25,19,22,22,99,30,62,0,176,173
2460,70,25,19,22,22,99,30,62,0,176,173
2461,71,25,19,22,22,99,30,61,0,176,173
2462,71,25,19,22,22,99,30,61,0,176,173
2463,71,25,19,22,22,98,30,62,0,175,174
2464,71,25,19,22,22,99,29,62,0,175,174
2465,70,25,20,22,22,99,29,62,0,175,174
2466,70,25,19,22,22,99,30,62,0,176,173
2467,71,25,19,22,21,99,30,62,0,175,174
2468,70,25,19,22,21,100,30,62,0,176,173
2469,71,25,19,22,22,99,29,62,0,175,174
2470,70,25,19,22,22,99,30,62,0,176,173
2471,70,25,19,22,22,99,30,62,0,176,173
2472,71,25,19,22,22,99,29,62,0,175,174
2473,71,25,20,22,22,99,29,61,0,175,174
2474,71,25,19,22,22,99,29,62,0,175,174
2475,70,25,19,22,22,100,29,62,0,176,173
2476,71,25,19,22,22,99,30,61,0,176,173
2477,70,25,20,22,22,99,29,62,0,175,174
2478,70,25,19,22,22,100,29,62,0,176,173
2479,70,25,19,22,22,100,29,62,0,176,173
2480,71,25,19,22,22,99,29,62,0,175,174
2481,71,25,19,22,22,99,30,61,0,176,173
2482,71,25,19,22,22,99,29,62,0,175,174
2483,70,25,19,22,22,99,30,62,0,176,173
2484,71,25,19,22,22,99,29,62,0,175,174
2485,70,25,19,22,22,99,30,62,0,176,173
2486,71,25,19,22,22,99,29,62,0,175,174
2487,70,25,19,22,22,99,29,63,0,175,174
2488,70,25,19,22,22,99,31,61,0,177,172
2489,71,26,19,22,22,98,29,62,0,175,174
2490,71,26,19,22,22,99,28,62,0,175,174
2491,71,25,19,22,22,99,30,61,0,176,173
2492,70,25,19,22,22,100,29,62,0,176,173
2493,71,25,19,22,22,99,29,62,0,175,174
2494,70,25,19,22,22,99,30,62,0,176,173
2495,70,25,19,22,22,99,30,62,0,176,173
2496,70,25,19,22,22,99,30,62,0,176,173
2497,70,25,19,22,22,99,30,62,0,176,173
2498,71,25,19,22,22,99,29,62,0,175,174
2499,71,25,19,22,22,99,29,62,0,175,174
2500,70,25,19,22,22,100,29,62,0,176,173
2501,71,25,19,22,22,99,29,62,0,175,174
2502,71,25,19,22,22,99,29,62,0,175,174
2503,71,25,19,22,22,99,29,62,0,175,174
2504,70,25,19,22,22,99,30,62,0,176,173
2505,71,25,20,22,22,98,29,62,0,174,175
2506,72,25,19,22,21,99,30,61,0,175,174
2507,71,25,19,22,22,99,30,61,0,176,173
2508,70,25,19,22,22,99,30,62,0,176,173
2509,70,25,19,22,22,99,29,63,0,175,174
2510,70,25,19,22,22,99,30,62,0,176,173
2511,71,25,19,22,22,99,29,62,0,175,174
2512,71,25,19,22,22,99,29,62,0,175,174
2513,70,25,19,22,22,99,30,62,0,176,173
2514,71,25,19,22,21,99,29,63,0,174,175
2515,70,25,19,22,22,99,30,62,0,176,173
2516,70,25,19,22,22,99,29,63,0,175,174
2517,71,25,19,22,22,99,29,62,0,175,174
2518,71,25,19,22,22,98,30,62,0,175,174
2519,71,25,19,21,22,100,29,62,0,176,173
2520,71,25,19,22,22,99,29,62,0,175,174
2521,71,25,19,22,22,99,29,62,0,175,174
2522,70,25,20,22,22,99,29,62,0,175,174
2523,71,25,19,22,21,99,30,62,0,175,174
2524,70,25,19,22,22,99,30,62,0,176,173
2525,71,25,20,22,22,98,29,62,0,174,175
2526,71,26,19,22,22,98,29,62,0,175,174
2527,71,24,19,22,22,99,30,62,0,175,174
2528,70,25,19,22,21,100,30,62,0,176,173
2529,71,25,19,22,22,99,29,62,0,175,174
2530,71,25,19,22,22,99,29,62,0,175,174
2531,71,25,19,22,22,100,29,61,0,176,173
2532,70,25,19,22,22,99,30,62,0,176,173
2533,70,25,19,22,22,99,30,62,0,176,173
2534,71,25,19,22,22,99,30,61,0,176,173
2535,70,25,19,22,22,99,30,62,0,176,173
2536,70,25,19,21,22,100,30,62,0,177,172
2537,71,25,19,22,22,99,29,62,0,175,174
2538,71,25,20,22,22,99,29,61,0,175,174
2539,70,25,19,22,22,99,29,63,0,175,174
2540,71,25,19,22,22,99,30,61,0,176,173
2541,71,25,19,22,22,99,29,62,0,175,174
2542,71,25,19,22,22,99,28,63,0,174,175
2543,71,25,19,22,22,99,29,62,0,175,174
2544,70,25,19,22,22,100,29,62,0,176,173
2545,71,25,19,22,22,99,29,62,0,175,174
2546,71,25,19,22,22,99,29,62,0,175,174
2547,70,25,19,22,22,99,30,62,0,176,173
2548,70,25,19,22,22,100,29,62,0,176,173
2549,70,25,19,22,22,99,30,62,0,176,173
2550,70,25,19,22,22,99,30,62,0,176,173
2551,72,25,19,22,22,98,29,62,0,174,175
2552,71,25,19,22,22,99,29,62,0,175,174
2553,71,25,19,22,22,99,29,62,0,175,174
2554,71,25,19,22,22,99,29,62,0,175,174
2555,71,25,19,22,21,99,30,62,0,175,174
2556,70,25,19,22,22,99,29,63,0,175,174
2557,70,25,19,22,22,100,30,61,0,177,172
2558,71,25,19,22,22,99,29,62,0,175,174
2559,70,25,19,22,22,100,29,62,0,176,173
2560,71,25,19,22,21,100,29,62,0,175,174
2561,70,26,19,22,23,98,29,62,0,176,173
2562,71,25,19,22,22,99,30,61,0,176,173
2563,71,25,19,22,22,98,30,62,0,175,174
2564,70,25,19,22,22,99,30,62,0,176,173
2565,70,25,19,22,22,99,30,62,0,176,173
2566,70,25,19,22,22,100,30,61,0,177,172
2567,70,25,19,22,22,99,30,62,0,176,173
2568,70,25,19,21,22,99,30,63,0,176,173
2569,70,25,19,22,22,99,30,62,0,176,173
2570,70,25,19,22,22,99,30,62,0,176,173
2571,71,25,19,22,22,99,29,62,0,175,174
2572,71,25,19,22,22,99,30,61,0,176,173
2573,70,25,19,22,22,99,30,62,0,176,173
2574,72,25,19,22,22,98,29,62,0,174,175
2575,71,25,19,22,22,99,29,62,0,175,174
2576,71,25,19,22,22,99,29,62,0,175,174
2577,71,26,20,21,22,98,29,62,0,175,174
2578,70,26,19,22,22,99,30,61,0,177,172
2579,71,25,19,22,22,99,29,62,0,175,174
2580,70,25,19,22,22,100,30,61,0,177,172
2581,70,25,19,22,22,99,30,62,0,176,173
2582,70,25,19,22,22,99,30,62,0,176,173
2583,71,25,19,22,22,99,29,62,0,175,174
2584,71,25,19,22,22,99,29,62,0,175,174
2585,71,26,19,22,21,99,29,62,0,175,174
2586,71,25,19,22,22,99,29,62,0,175,174
2587,70,25,19,22,23,99,30,61,0,177,172
2588,71,25,19,22,22,98,30,62,0,175,174
2589,70,25,19,22,22,100,29,62,0,176,173
2590,71,25,19,22,22,99,30,61,0,176,173
2591,71,25,19,23,21,99,29,62,0,174,175
2592,70,25,19,22,22,99,30,62,0,176,173
2593,71,25,19,22,22,99,29,62,0,175,174
2594,71,25,19,22,21,99,30,62,0,175,174
2595,71,25,19,22,21,99,29,63,0,174,175
2596,70,25,19,22,22,99,30,62,0,176,173
2597,71,25,19,22,22,99,29,62,0,175,174
2598,70,25,19,22,22,99,30,62,0,176,173
2599,72,25,19,22,22,98,29,62,0,174,175
2600,71,25,19,22,21,100,29,62,0,175,174
2601,71,25,19,22,22,99,29,62,0,175,174
2602,71,25,20,22,22,98,30,61,0,175,174
2603,71,26,19,22,22,99,29,61,0,176,173
2604,71,25,19,22,22,99,29,62,0,175,174
2605,71,25,19,22,22,98,30,62,0,175,174
2606,71,25,19,22,22,99,30,61,0,176,173
2607,71,25,19,22,22,99,29,62,0,175,174
2608,70,25,19,22,22,99,30,62,0,176,173
2609,71,25,19,22,22,99,30,61,0,176,173
2610,70,25,19,22,22,100,29,62,0,176,173
2611,71,25,19,22,22,99,29,62,0,175,174
2612,71,25,19,22,22,99,29,62,0,175,174
2613,69,26,19,22,22,99,30,62,0,177,172
2614,71,25,19,22,22,99,29,62,0,175,174
2615,70,25,19,22,22,100,29,62,0,176,173
2616,71,25,19,22,22,99,29,62,0,175,174
2617,71,25,19,22,21,99,29,63,0,174,175
2618,71,25,19,22,22,99,29,62,0,175,174
2619,71,25,19,22,22,98,30,62,0,175,174
2620,71,25,19,22,22,99,29,62,0,175,174
2621,71,25,19,22,23,98,29,62,0,175,174
2622,70,25,19,22,22,99,30,62,0,176,173
2623,70,25,19,22,22,99,30,62,0,176,173
2624,71,25,19,23,22,98,29,62,0,174,175
2625,70,25,19,22,22,99,30,62,0,176,173
2626,71,25,19,22,22,99,29,62,0,175,174
2627,71,25,19,22,22,99,29,62,0,175,174
2628,71,25,19,22,22,98,30,62,0,175,174
2629,71,25,20,22,22,98,30,61,0,175,174
2630,71,25,19,22,22,99,29,62,0,175,174
2631,72,25,19,22,22,98,29,62,0,174,175
2632,71,25,20,22,21,99,29,62,0,174,175
2633,71,25,19,22,22,99,29,62,0,175,174
2634,70,25,19,22,22,99,30,62,0,176,173
2635,71,25,19,22,21,99,30,62,0,175,174
2636,71,25,19,22,22,99,29,62,0,175,174
2637,70,26,19,22,22,99,29,62,0,176,173
2638,71,25,19,22,22,99,29,62,0,175,174
2639,71,25,19,22,21,99,30,62,0,175,174
2640,71,25,19,22,22,99,29,62,0,175,174
2641,70,25,19,22,22,99,30,62,0,176,173
2642,71,25,19,22,22,99,29,62,0,175,174
2643,71,25,19,21,22,99,30,62,0,176,173
2644,71,25,19,22,22,99,30,61,0,176,173
2645,70,25,19,22,22,99,30,62,0,176,173
2646,71,25,19,22,22,99,29,62,0,175,174
2647,70,25,19,22,22,99,30,62,0,176,173
2648,70,25,19,22,22,99,30,62,0,176,173
2649,72,25,19,22,22,99,29,61,0,175,174
2650,69,25,19,22,22,100,30,62,0,177,172
2651,70,25,19,22,22,100,29,62,0,176,173
2652,71,25,19,22,22,99,29,62,0,175,174
2653,71,25,19,22,22,99,29,62,0,175,174
2654,70,25,19,22,22,99,30,62,0,176,173
2655,70,25,19,22,22,100,29,62,0,176,173
2656,70,25,19,22,22,99,30,62,0,176,173
2657,71,25,19,22,22,98,30,62,0,175,174
2658,70,26,19,22,22,99,30,61,0,177,172
2659,70,25,19,22,22,99,30,62,0,176,173
2660,71,25,19,22,22,99,29,62,0,175,174
2661,71,25,19,22,22,98,30,62,0,175,174
2662,71,25,19,22,22,99,29,62,0,175,174
2663,71,25,19,22,22,99,30,61,0,176,173
2664,70,25,19,22,22,99,30,62,0,176,173
2665,70,25,19,22,22,99,30,62,0,176,173
2666,71,25,19,22,22,99,30,61,0,176,173
2667,70,25,19,22,22,99,30,62,0,176,173
2668,71,25,19,22,22,99,29,62,0,175,174
2669,71,25,19,22,21,99,30,62,0,175,174
2670,70,25,19,22,22,99,30,62,0,176,173
2671,70,25,19,22,22,99,30,62,0,176,173
2672,71,25,19,22,22,99,29,62,0,175,174
2673,71,25,19,22,22,99,29,62,0,175,174
2674,71,25,19,22,22,99,29,62,0,175,174
2675,70,25,19,22,22,99,30,62,0,176,173
2676,71,25,19,22,22,98,29,63,0,174,175
2677,71,25,19,22,22,99,30,61,0,176,173
2678,70,25,19,22,22,99,30,62,0,176,173
2679,71,25,19,22,22,98,30,62,0,175,174
2680,71,26,19,22,22,98,29,62,0,175,174
2681,71,25,19,22,22,99,29,62,0,175,174
2682,71,25,19,22,22,99,30,61,0,176,173
2683,71,25,19,22,22,99,29,62,0,175,174
2684,71,25,19,22,22,99,29,62,0,175,174
2685,70,25,19,22,21,99,30,63,0,175,174
2686,71,26,19,22,21,99,29,62,0,175,174
2687,71,25,20,22,22,98,29,62,0,174,175
2688,70,25,19,22,22,99,30,62,0,176,173
2689,70,25,19,22,21,100,30,62,0,176,173
2690,71,25,19,22,22,99,30,61,0,176,173
2691,71,25,19,22,22,99,30,61,0,176,173
2692,71,25,19,22,22,99,29,62,0,175,174
2693,69,25,19,22,22,99,30,63,0,176,173
2694,70,25,19,22,22,100,30,61,0,177,172
2695,71,25,19,22,22,99,29,62,0,175,174
2696,70,25,19,22,22,100,29,62,0,176,173
2697,70,26,19,22,22,99,29,62,0,176,173
2698,70,25,19,22,22,99,30,62,0,176,173
2699,71,25,19,22,22,99,29,62,0,175,174
2700,70,25,19,22,22,99,30,62,0,176,173
2701,70,25,19,22,22,99,29,63,0,175,174
2702,70,25,19,22,22,99,30,62,0,176,173
2703,71,25,19,22,22,99,29,62,0,175,174
2704,70,25,19,22,21,100,30,62,0,176,173
2705,70,25,19,22,22,99,30,62,0,176,173
2706,72,25,19,22,22,99,29,61,0,175,174
2707,70,25,19,22,22,99,30,62,0,176,173
2708,71,25,19,22,22,100,29,61,0,176,173
2709,71,26,19,22,22,97,29,63,0,174,175
2710,72,25,19,22,22,98,29,62,0,174,175
2711,70,25,19,22,22,99,30,62,0,176,173
2712,71,26,19,22,22,99,29,61,0,176,173
2713,70,25,19,22,22,99,30,62,0,176,173
2714,71,25,19,22,21,99,30,62,0,175,174
2715,70,25,19,22,22,99,30,62,0,176,173
2716,71,25,19,22,22,99,29,62,0,175,174
2717,70,25,19,22,22,99,31,61,0,177,172
2718,71,25,19,22,22,99,29,62,0,175,174
2719,70,25,19,22,22,100,29,62,0,176,173
2720,71,25,19,22,22,99,29,62,0,175,174
2721,71,25,19,22,22,99,29,62,0,175,174
2722,71,26,19,22,22,97,30,62,0,175,174
2723,71,25,20,22,22,98,29,62,0,174,175
2724,71,25,19,21,22,100,29,62,0,176,173
2725,70,25,19,22,22,100,30,61,0,177,172
2726,70,25,20,22,22,99,29,62,0,175,174
2727,70,25,19,22,22,100,30,61,0,177,172
2728,71,25,19,22,22,99,29,62,0,175,174
2729,71,25,19,22,22,99,29,62,0,175,174
2730,71,25,19,22,22,99,29,62,0,175,174
2731,71,25,19,22,22,98,30,62,0,175,174
2732,71,26,19,22,22,98,29,62,0,175,174
2733,70,25,19,22,22,99,30,62,0,176,173
2734,71,25,19,22,22,99,29,62,0,175,174
2735,71,25,19,22,22,99,29,62,0,175,174
2736,71,25,19,22,22,99,29,62,0,175,174
2737,71,25,20,22,22,99,28,62,0,174,175
2738,70,25,19,22,22,99,30,62,0,176,173
2739,70,25,19,22,22,99,31,61,0,177,172
2740,70,25,19,22,22,99,29,63,0,175,174
2741,70,25,20,22,22,99,29,62,0,175,174
2742,71,26,19,22,22,99,29,61,0,176,173
2743,70,25,19,22,22,99,30,62,0,176,173
2744,71,25,19,22,22,99,29,62,0,175,174
2745,70,25,19,22,22,99,30,62,0,176,173
2746,71,25,19,22,22,99,30,61,0,176,173
2747,70,25,19,22,22,100,29,62,0,176,173
2748,70,25,19,22,22,99,30,62,0,176,173
2749,70,25,19,22,22,99,30,62,0,176,173
2750,70,25,19,22,22,99,30,62,0,176,173
2751,70,25,19,22,22,99,30,62,0,176,173
2752,71,25,20,22,22,99,29,61,0,175,174
2753,71,25,19,22,22,99,29,62,0,175,174
2754,70,25,19,22,22,99,30,62,0,176,173
2755,71,25,19,22,22,99,29,62,0,175,174
2756,70,25,20,22,22,99,29,62,0,175,174
2757,70,25,19,22,22,99,30,62,0,176,173
2758,70,25,19,22,22,99,30,62,0,176,173
2759,71,25,19,22,22,98,30,62,0,175,174
2760,70,25,19,22,22,99,30,62,0,176,173
2761,71,25,19,22,22,99,29,62,0,175,174
2762,71,25,19,22,22,99,29,62,0,175,174
2763,71,25,19,22,22,99,30,61,0,176,173
2764,70,25,19,22,22,99,30,62,0,176,173
2765,71,25,19,22,22,99,29,62,0,175,174
2766,70,25,19,22,21,99,30,63,0,175,174
2767,71,25,19,22,22,98,29,63,0,174,175
2768,70,25,19,22,22,100,29,62,0,176,173
2769,71,25,19,22,22,99,29,62,0,175,174
2770,70,25,19,22,22,100,30,61,0,177,172
2771,71,25,19,22,22,99,29,62,0,175,174
2772,70,25,19,22,22,99,30,62,0,176,173
2773,71,25,19,22,22,99,29,62,0,175,174
2774,71,25,19,22,22,99,29,62,0,175,174
2775,70,25,19,22,22,99,30,62,0,176,173
2776,71,25,19,22,22,99,29,62,0,175,174
2777,71,25,19,22,22,99,29,62,0,175,174
2778,71,25,19,21,22,99,30,62,0,176,173
2779,70,25,19,22,21,100,30,62,0,176,173
2780,71,25,19,22,22,99,29,62,0,175,174
2781,71,25,19,22,22,99,29,62,0,175,174
2782,70,25,19,22,22,99,30,62,0,176,173
2783,70,25,19,22,22,100,29,62,0,176,173
2784,71,25,19,22,22,99,29,62,0,175,174
2785,71,25,19,23,23,98,28,62,0,174,175
2786,71,25,19,22,22,99,30,61,0,176,173
2787,71,25,19,22,22,98,29,63,0,174,175
2788,71,25,19,22,22,99,29,62,0,175,174
2789,71,25,19,22,22,99,30,61,0,176,173
2790,71,25,19,22,22,99,29,62,0,175,174
2791,72,25,19,22,22,99,28,62,0,174,175
2792,71,25,19,22,22,99,30,61,0,176,173
2793,71,25,19,22,22,99,29,62,0,175,174
2794,70,25,19,22,22,99,30,62,0,176,173
2795,71,25,19,22,22,99,29,62,0,175,174
2796,70,26,19,22,22,99,29,62,0,176,173
2797,71,25,19,22,22,99,29,62,0,175,174
2798,71,25,19,22,22,99,29,62,0,175,174
2799,71,25,19,22,22,99,30,61,0,176,173
2800,71,25,19,22,22,99,29,62,0,175,174
2801,71,25,20,22,22,99,29,61,0,175,174
2802,71,25,19,22,22,99,29,62,0,175,174
2803,71,26,19,22,22,98,29,62,0,175,174
2804,70,25,19,22,22,99,30,62,0,176,173
2805,71,25,19,22,22,98,30,62,0,175,174
2806,71,25,19,22,22,99,29,62,0,175,174
2807,71,25,19,22,22,99,30,61,0,176,173
2808,70,25,19,22,22,99,30,62,0,176,173
2809,72,25,19,22,22,98,29,62,0,174,175
2810,71,25,19,22,21,99,30,62,0,175,174
2811,71,25,19,22,22,99,29,62,0,175,174
2812,70,25,19,22,22,99,30,62,0,176,173
2813,71,26,20,22,22,98,29,61,0,175,174
2814,70,25,19,22,22,100,30,61,0,177,172
2815,71,25,19,22,22,99,29,62,0,175,174
2816,71,25,19,22,22,99,29,62,0,175,174
2817,71,25,19,22,22,99,29,62,0,175,174
2818,71,25,19,22,22,99,29,62,0,175,174
2819,70,25,19,22,22,99,30,62,0,176,173
2820,71,25,19,22,22,99,29,62,0,175,174
2821,71,25,19,22,22,99,29,62,0,175,174
2822,70,25,19,22,22,100,29,62,0,176,173
2823,70,26,19,22,22,98,30,62,0,176,173
2824,70,25,19,22,22,99,30,62,0,176,173
2825,71,25,20,22,22,99,28,62,0,174,175
2826,70,25,19,22,22,99,30,62,0,176,173
2827,71,25,19,22,22,99,29,62,0,175,174
2828,72,25,19,21,22,99,29,62,0,175,174
2829,70,25,19,22,22,99,30,62,0,176,173
2830,71,25,19,22,22,99,29,62,0,175,174
2831,70,25,19,22,22,99,30,62,0,176,173
2832,70,25,19,22,22,99,30,62,0,176,173
2833,70,25,19,22,21,100,30,62,0,176,173
2834,70,25,19,22,22,100,29,62,0,176,173
2835,70,25,20,22,22,99,29,62,0,175,174
2836,70,25,19,22,22,100,30,61,0,177,172
2837,71,25,19,22,22,99,29,62,0,175,174
2838,70,25,19,22,22,99,30,62,0,176,173
2839,70,25,19,22,22,99,30,62,0,176,173
2840,69,25,19,22,22,99,30,63,0,176,173
2841,70,25,19,22,22,100,29,62,0,176,173
2842,71,25,19,22,22,99,29,62,0,175,174
2843,70,26,19,22,22,99,30,61,0,177,172
2844,71,25,19,22,22,99,29,62,0,175,174
2845,72,25,19,22,21,99,29,62,0,174,175
2846,69,25,19,22,22,100,30,62,0,177,172
2847,70,25,19,22,22,100,30,61,0,177,172
2848,70,25,19,22,22,100,29,62,0,176,173
2849,70,25,19,22,22,99,30,62,0,176,173
2850,71,25,20,22,22,99,29,61,0,175,174
2851,71,25,19,22,21,99,30,62,0,175,174
2852,71,25,19,22,22,99,30,61,0,176,173
2853,71,25,19,22,21,99,30,62,0,175,174
2854,71,25,19,22,21,99,30,62,0,175,174
2855,71,25,20,22,21,99,29,62,0,174,175
2856,70,25,19,22,22,99,29,63,0,175,174
2857,71,25,19,22,21,99,29,63,0,174,175
2858,70,25,19,22,22,99,30,62,0,176,173
2859,72,26,19,22,22,98,28,62,0,174,175
2860,70,25,19,22,22,99,30,62,0,176,173
2861,71,25,19,22,22,100,29,61,0,176,173
2862,70,24,19,21,22,100,30,63,0,176,173
2863,70,25,19,22,22,99,30,62,0,176,173
2864,70,25,19,22,22,99,30,62,0,176,173
2865,70,25,19,22,22,100,29,62,0,176,173
2866,72,25,20,22,22,98,29,61,0,174,175
2867,71,25,19,22,22,99,29,62,0,175,174
2868,71,25,19,22,21,99,30,62,0,175,174
2869,71,26,19,22,22,98,29,62,0,175,174
2870,70,25,20,22,22,99,29,62,0,175,174
2871,71,25,19,22,22,99,29,62,0,175,174
2872,72,25,19,22,21,99,29,62,0,174,175
2873,71,25,19,22,22,99,29,62,0,175,174
2874,70,25,19,22,22,100,30,61,0,177,172
2875,71,25,19,22,22,99,29,62,0,175,174
2876,70,26,19,21,22,99,30,62,0,177,172
2877,71,25,19,22,22,99,29,62,0,175,174
2878,70,25,19,22,22,99,30,62,0,176,173
2879,71,26,19,22,22,98,29,62,0,175,174
2880,71,25,19,22,21,99,30,62,0,175,174
2881,71,25,19,22,22,99,29,62,0,175,174
2882,70,25,19,22,22,99,30,62,0,176,173
2883,71,25,19,22,22,99,29,62,0,175,174
2884,70,25,19,22,22,100,29,62,0,176,173
2885,71,25,19,22,22,99,29,62,0,175,174
2886,70,25,19,22,22,99,30,62,0,176,173
2887,71,25,18,22,22,99,30,62,0,176,173
2888,71,25,19,22,22,99,29,62,0,175,174
2889,70,25,19,22,22,99,30,62,0,176,173
2890,70,25,19,22,22,99,30,62,0,176,173
2891,71,25,19,22,22,99,29,62,0,175,174
2892,71,26,19,22,21,99,29,62,0,175,174
2893,70,25,19,22,22,100,29,62,0,176,173
2894,71,25,19,22,22,99,29,62,0,175,174
2895,70,25,19,22,22,99,30,62,0,176,173
2896,71,25,19,22,22,98,29,63,0,174,175
2897,71,25,19,22,22,99,29,62,0,175,174
2898,71,25,19,22,22,99,29,62,0,175,174
2899,71,25,19,22,22,99,29,62,0,175,174
2900,71,25,19,22,21,100,29,62,0,175,174
2901,71,25,19,22,22,99,30,61,0,176,173
2902,71,26,19,22,22,99,29,61,0,176,173
2903,70,25,20,22,22,99,30,61,0,176,173
2904,71,25,19,22,22,100,29,61,0,176,173
2905,71,25,19,22,22,99,29,62,0,175,174
2906,70,26,19,22,22,99,29,62,0,176,173
2907,71,26,19,22,22,99,29,61,0,176,173
2908,70,25,19,22,22,99,30,62,0,176,173
2909,70,25,19,22,22,100,30,61,0,177,172
2910,70,25,19,22,22,99,30,62,0,176,173
2911,70,25,19,22,22,99,29,63,0,175,174
2912,70,25,20,22,22,99,29,62,0,175,174
2913,71,25,19,22,22,99,30,61,0,176,173
2914,71,25,19,23,22,98,29,62,0,174,175
2915,70,25,19,22,22,99,30,62,0,176,173
2916,72,25,19,22,22,98,29,62,0,174,175
2917,71,25,19,22,22,99,29,62,0,175,174
2918,70,25,19,22,22,99,30,62,0,176,173
2919,71,25,19,22,22,99,30,61,0,176,173
2920,70,25,19,22,22,99,30,62,0,176,173
2921,72,25,19,22,23,98,29,61,0,175,174
2922,71,25,19,22,21,100,29,62,0,175,174
2923,71,25,19,22,22,99,29,62,0,175,174
2924,72,26,19,22,22,98,28,62,0,174,175
2925,71,25,19,22,22,99,29,62,0,175,174
2926,70,25,20,22,22,99,29,62,0,175,174
2927,71,25,19,22,22,99,29,62,0,175,174
2928,71,26,19,22,22,98,29,62,0,175,174
2929,70,25,19,22,22,99,29,63,0,175,174
2930,70,25,19,22,22,99,30,62,0,176,173
2931,70,26,19,22,22,98,30,62,0,176,173
2932,71,25,19,22,22,99,29,62,0,175,174
2933,70,25,19,22,22,99,30,62,0,176,173
2934,71,25,19,22,22,99,29,62,0,175,174
2935,70,25,19,22,22,99,30,62,0,176,173
2936,71,25,19,22,22,98,30,62,0,175,174
2937,71,25,19,22,22,99,29,62,0,175,174
2938,70,25,19,22,22,99,29,63,0,175,174
2939,70,25,19,22,22,99,30,62,0,176,173
2940,70,25,19,22,22,99,30,62,0,176,173
2941,71,25,19,22,22,98,30,62,0,175,174
2942,71,25,19,22,22,99,30,61,0,176,173
2943,70,25,19,22,22,99,30,62,0,176,173
2944,70,25,19,22,22,100,29,62,0,176,173
2945,70,25,19,22,22,99,30,62,0,176,173
2946,70,25,19,22,23,99,30,61,0,177,172
2947,72,25,19,22,22,99,29,61,0,175,174
2948,70,25,20,22,22,99,29,62,0,175,174
2949,71,25,19,22,22,99,29,62,0,175,174
2950,71,25,19,22,22,99,30,61,0,176,173
2951,70,26,19,22,22,99,29,62,0,176,173
2952,71,26,19,22,22,99,29,61,0,176,173
2953,70,25,19,22,22,99,30,62,0,176,173
2954,70,25,19,22,22,99,30,62,0,176,173
2955,70,25,19,21,22,100,30,62,0,177,172
2956,70,25,19,22,22,100,30,61,0,177,172
2957,70,25,19,22,22,99,30,62,0,176,173
2958,71,26,19,22,22,98,29,62,0,175,174
2959,70,26,19,22,22,99,29,62,0,176,173
2960,69,25,19,22,22,99,31,62,0,177,172
2961,70,25,19,22,22,99,30,62,0,176,173
2962,70,25,19,22,22,99,30,62,0,176,173
2963,70,25,19,22,22,99,29,63,0,175,174
2964,71,25,19,22,22,99,29,62,0,175,174
2965,71,25,19,22,22,100,29,61,0,176,173
2966,71,25,19,22,22,99,30,61,0,176,173
2967,71,26,19,22,22,98,29,62,0,175,174
2968,70,25,19,22,22,99,30,62,0,176,173
2969,71,25,19,22,22,98,30,62,0,175,174
2970,71,25,19,22,22,98,30,62,0,175,174
2971,70,25,19,22,22,99,29,63,0,175,174
2972,71,26,19,22,22,98,29,62,0,175,174
2973,71,25,19,22,22,98,29,63,0,174,175
2974,71,25,19,22,22,99,29,62,0,175,174
2975,70,25,19,22,22,99,29,63,0,175,174
2976,71,25,19,22,22,98,29,63,0,174,175
2977,71,25,19,22,22,99,29,62,0,175,174
2978,70,25,19,22,22,99,30,62,0,176,173
2979,71,26,19,22,21,98,29,63,0,174,175
2980,71,25,19,22,22,99,29,62,0,175,174
2981,71,25,19,22,22,99,29,62,0,175,174
2982,71,25,20,23,22,98,29,61,0,174,175
2983,70,25,19,22,22,99,30,62,0,176,173
2984,71,25,19,22,21,99,30,62,0,175,174
2985,71,25,19,22,22,99,29,62,0,175,174
2986,70,25,19,22,22,100,30,61,0,177,172
2987,71,25,19,22,22,99,29,62,0,175,174
2988,71,25,19,22,22,99,29,62,0,175,174
2989,71,25,19,22,22,98,30,62,0,175,174
2990,70,25,19,22,22,99,30,62,0,176,173
2991,71,25,19,22,22,99,29,62,0,175,174
2992,71,25,19,22,22,98,30,62,0,175,174
2993,71,25,19,22,22,98,30,62,0,175,174
2994,71,25,19,22,22,98,30,62,0,175,174
2995,71,25,19,22,22,99,30,61,0,176,173
2996,71,25,19,22,22,99,29,62,0,175,174
2997,71,25,19,22,22,99,29,62,0,175,174
2998,71,25,19,22,22,98,30,62,0,175,174
2999,71,25,19,22,21,99,30,62,0,175,174
3000,71,25,19,22,22,99,29,62,0,175,174
3001,71,25,19,22,22,99,29,62,0,175,174
3002,70,25,19,22,22,100,29,62,0,176,173
3003,70,25,19,22,22,99,30,62,0,176,173
3004,70,25,19,22,22,99,30,62,0,176,173
3005,70,25,19,22,22,100,29,62,0,176,173
3006,71,25,19,22,22,99,30,61,0,176,173
3007,71,25,19,22,22,99,29,62,0,175,174
3008,70,25,19,22,22,99,30,62,0,176,173
3009,71,25,19,22,23,98,30,61,0,176,173
3010,70,25,19,22,21,100,30,62,0,176,173
3011,71,25,19,22,21,100,29,62,0,175,174
3012,72,26,19,22,22,98,29,61,0,175,174
3013,71,25,19,22,22,99,30,61,0,176,173
3014,70,25,19,22,22,99,30,62,0,176,173
3015,71,25,19,22,21,99,30,62,0,175,174
3016,71,25,19,22,22,99,28,63,0,174,175
3017,70,25,19,22,21,100,30,62,0,176,173
3018,71,25,19,22,22,98,30,62,0,175,174
3019,71,25,19,22,22,99,29,62,0,175,174
3020,70,25,19,22,23,99,29,62,0,176,173
3021,70,25,19,22,22,99,30,62,0,176,173
3022,71,25,19,22,23,98,30,61,0,176,173
3023,71,25,19,22,22,99,29,62,0,175,174
3024,70,25,19,22,22,99,30,62,0,176,173
3025,71,25,19,22,21,99,30,62,0,175,174
3026,72,25,19,22,22,98,29,62,0,174,175
3027,71,25,19,22,22,99,29,62,0,175,174
3028,70,25,19,22,22,100,30,61,0,177,172
3029,70,25,19,22,22,100,31,60,0,178,171
3030,71,25,19,22,22,98,30,62,0,175,174
3031,71,25,19,22,22,98,30,62,0,175,174
3032,71,25,19,22,22,99,30,61,0,176,173
3033,71,25,19,22,22,99,29,62,0,175,174
3034,71,25,19,22,22,99,29,62,0,175,174
3035,70,25,19,22,22,99,30,62,0,176,173
3036,71,25,19,22,21,99,30,62,0,175,174
3037,72,25,19,22,22,98,29,62,0,174,175
3038,70,25,19,22,22,99,30,62,0,176,173
3039,71,26,19,22,22,98,29,62,0,175,174
3040,70,25,19,22,22,99,30,62,0,176,173
3041,72,25,19,22,21,99,29,62,0,174,175
3042,71,25,19,22,22,99,29,62,0,175,174
3043,70,25,19,22,22,100,30,61,0,177,172
3044,71,25,19,22,22,99,30,61,0,176,173
3045,70,25,19,22,22,99,30,62,0,176,173
3046,71,25,19,22,22,99,29,62,0,175,174
3047,70,25,19,22,22,99,29,63,0,175,174
3048,71,25,18,22,22,99,30,62,0,176,173
3049,70,25,19,22,21,100,30,62,0,176,173
3050,71,25,19,22,22,99,29,62,0,175,174
3051,70,25,19,22,22,99,30,62,0,176,173
3052,71,25,19,22,22,98,30,62,0,175,174
3053,70,25,19,22,22,99,30,62,0,176,173
3054,70,25,20,22,22,98,29,63,0,174,175
3055,71,25,19,22,22,99,29,62,0,175,174
3056,70,25,19,22,21,100,30,62,0,176,173
3057,70,25,19,22,22,99,30,62,0,176,173
3058,70,25,19,22,23,99,30,61,0,177,172
3059,71,25,19,22,22,99,29,62,0,175,174
3060,70,25,19,22,22,99,30,62,0,176,173
3061,69,25,19,22,22,100,30,62,0,177,172
3062,70,25,19,22,22,99,29,63,0,175,174
3063,71,25,19,22,22,99,29,62,0,175,174
3064,70,25,19,22,22,99,30,62,0,176,173
3065,71,25,19,22,22,99,29,62,0,175,174
3066,70,25,19,22,22,99,30,62,0,176,173
3067,71,25,19,22,22,99,29,62,0,175,174
3068,70,25,19,22,22,99,30,62,0,176,173
3069,70,26,19,22,22,99,30,61,0,177,172
3070,70,25,19,22,22,100,30,61,0,177,172
3071,71,25,19,22,22,99,30,61,0,176,173
3072,70,25,19,22,22,99,30,62,0,176,173
3073,70,25,19,22,22,99,29,63,0,175,174
3074,70,25,19,22,22,99,30,62,0,176,173
3075,70,25,20,22,22,99,30,61,0,176,173
3076,70,25,19,22,22,99,30,62,0,176,173
3077,70,25,19,22,21,100,30,62,0,176,173
3078,71,25,19,22,22,99,29,62,0,175,174
3079,70,25,19,22,22,99,29,63,0,175,174
3080,71,25,19,22,21,99,30,62,0,175,174
3081,71,25,19,22,22,99,30,61,0,176,173
3082,71,25,19,22,21,99,30,62,0,175,174
3083,71,25,19,22,21,99,30,62,0,175,174
3084,71,25,19,22,22,99,29,62,0,175,174
3085,71,25,19,22,22,99,29,62,0,175,174
3086,70,25,19,22,22,99,30,62,0,176,173
3087,71,25,19,22,22,99,29,62,0,175,174
3088,71,25,19,22,22,99,29,62,0,175,174
3089,70,25,19,22,22,99,30,62,0,176,173
3090,71,25,19,22,22,99,29,62,0,175,174
3091,71,25,19,22,22,99,29,62,0,175,174
3092,71,25,19,22,22,99,29,62,0,175,174
3093,70,25,19,22,22,99,30,62,0,176,173
3094,71,25,19,22,22,98,30,62,0,175,174
3095,71,25,19,22,22,99,29,62,0,175,174
3096,70,25,19,22,22,100,29,62,0,176,173
3097,71,25,19,22,21,99,30,62,0,175,174
3098,71,25,19,22,22,99,29,62,0,175,174
3099,71,25,19,22,21,100,29,62,0,175,174
3100,71,25,19,22,22,99,29,62,0,175,174
3101,71,25,19,22,22,99,29,62,0,175,174
3102,71,25,19,21,22,100,29,62,0,176,173
3103,71,26,19,22,21,99,29,62,0,175,174
3104,72,25,20,22,22,98,29,61,0,174,175
3105,71,25,19,22,21,99,30,62,0,175,174
3106,71,25,19,22,21,99,30,62,0,175,174
3107,70,25,19,22,22,99,30,62,0,176,173
3108,70,25,19,22,22,99,30,62,0,176,173
3109,71,26,19,22,22,98,29,62,0,175,174
3110,70,25,19,22,22,99,30,62,0,176,173
3111,71,25,19,22,22,99,29,62,0,175,174
3112,70,25,19,22,22,100,29,62,0,176,173
3113,71,25,19,22,22,99,30,61,0,176,173
3114,71,25,20,22,22,99,29,61,0,175,174
3115,70,25,19,22,22,98,30,63,0,175,174
3116,71,25,19,22,22,99,29,62,0,175,174
3117,71,25,19,22,21,99,30,62,0,175,174
3118,71,25,19,22,22,99,30,61,0,176,173
3119,71,25,19,22,22,99,30,61,0,176,173
3120,70,25,19,22,22,99,30,62,0,176,173
3121,71,26,19,22,22,99,29,61,0,176,173
3122,70,25,19,22,22,100,30,61,0,177,172
3123,70,25,19,22,22,99,30,62,0,176,173
3124,71,25,20,22,22,98,29,62,0,174,175
3125,70,25,20,22,22,99,29,62,0,175,174
3126,71,26,20,21,22,98,29,62,0,175,174
3127,71,25,19,22,22,99,29,62,0,175,174
3128,71,25,19,22,22,99,29,62,0,175,174
3129,71,26,19,22,22,98,29,62,0,175,174
3130,71,25,19,22,22,99,29,62,0,175,174
3131,70,25,19,22,22,100,30,61,0,177,172
3132,71,25,19,22,22,99,30,61,0,176,173
3133,71,25,19,22,22,99,29,62,0,175,174
3134,70,25,19,22,22,99,30,62,0,176,173
3135,70,25,19,22,22,99,30,62,0,176,173
3136,71,25,19,22,21,99,30,62,0,175,174
3137,70,26,19,22,22,99,29,62,0,176,173
3138,71,25,19,22,22,99,29,62,0,175,174
3139,71,25,19,22,22,99,29,62,0,175,174
3140,71,25,19,22,22,99,29,62,0,175,174
3141,70,25,19,22,22,100,29,62,0,176,173
3142,70,25,19,22,22,99,30,62,0,176,173
3143,71,25,19,22,22,99,29,62,0,175,174
3144,71,25,19,22,21,99,30,62,0,175,174
3145,71,25,19,22,22,99,29,62,0,175,174
3146,70,25,19,22,22,99,29,63,0,175,174
3147,71,25,19,22,22,99,29,62,0,175,174
3148,70,25,19,22,22,99,30,62,0,176,173
3149,71,25,19,22,22,98,30,62,0,175,174
3150,71,25,19,22,22,99,29,62,0,175,174
3151,71,25,19,22,22,99,29,62,0,175,174
3152,71,25,19,22,22,99,29,62,0,175,174
3153,70,25,19,22,22,99,30,62,0,176,173
3154,71,25,19,22,22,99,29,62,0,175,174
3155,71,25,19,22,22,98,29,63,0,174,175
3156,70,25,19,22,22,99,30,62,0,176,173
3157,70,26,19,22,22,99,30,61,0,177,172
3158,71,25,19,22,21,99,29,63,0,174,175
3159,71,25,19,22,22,99,29,62,0,175,174
3160,70,26,19,22,22,98,30,62,0,176,173
3161,71,25,19,22,22,99,29,62,0,175,174
3162,70,25,19,22,22,100,30,61,0,177,172
3163,71,25,19,22,22,99,29,62,0,175,174
3164,71,25,19,22,22,99,30,61,0,176,173
3165,71,25,19,22,22,99,29,62,0,175,174
3166,71,25,19,22,22,99,29,62,0,175,174
3167,71,25,19,22,22,99,29,62,0,175,174
3168,70,25,19,22,22,99,30,62,0,176,173
3169,70,25,19,22,22,100,29,62,0,176,173
3170,71,25,19,22,22,99,29,62,0,175,174
3171,71,25,19,22,21,99,30,62,0,175,174
3172,71,25,19,22,21,100,29,62,0,175,174
3173,71,25,19,23,22,99,28,62,0,174,175
3174,70,25,19,22,22,99,30,62,0,176,173
3175,70,25,19,22,22,100,29,62,0,176,173
3176,70,25,19,22,22,99,30,62,0,176,173
3177,71,25,19,22,22,99,29,62,0,175,174
3178,71,25,19,22,22,99,29,62,0,175,174
3179,70,25,19,22,22,99,30,62,0,176,173
3180,70,25,19,22,22,99,30,62,0,176,173
3181,70,25,19,22,22,99,30,62,0,176,173
3182,69,25,19,22,22,100,30,62,0,177,172
3183,71,25,19,22,22,98,29,63,0,174,175
3184,72,25,19,22,22,98,29,62,0,174,175
3185,71,25,19,22,22,99,29,62,0,175,174
3186,71,26,20,22,21,99,29,61,0,175,174
3187,71,26,19,22,22,98,29,62,0,175,174
3188,71,25,19,22,22,99,29,62,0,175,174
3189,71,26,19,22,21,99,30,61,0,176,173
3190,71,25,19,22,22,99,29,62,0,175,174
3191,70,25,19,22,22,99,30,62,0,176,173
3192,71,25,19,22,22,98,30,62,0,175,174
3193,71,25,19,22,22,99,29,62,0,175,174
3194,70,25,19,22,22,99,29,63,0,175,174
3195,70,25,19,22,22,100,29,62,0,176,173
3196,71,25,19,22,23,99,29,61,0,176,173
3197,70,25,19,22,22,99,30,62,0,176,173
3198,70,25,19,22,22,99,30,62,0,176,173
3199,70,25,19,22,22,99,30,62,0,176,173
3200,71,25,19,22,22,99,29,62,0,175,174
3201,71,25,19,22,22,98,30,62,0,175,174
3202,71,25,19,22,22,99,29,62,0,175,174
3203,71,25,19,22,22,99,29,62,0,175,174
3204,70,25,19,22,22,99,30,62,0,176,173
3205,70,25,19,22,21,100,30,62,0,176,173
3206,72,25,19,22,22,99,29,61,0,175,174
3207,70,25,19,22,22,100,29,62,0,176,173
3208,70,25,19,22,22,99,30,62,0,176,173
3209,70,25,19,22,22,99,30,62,0,176,173
3210,70,25,19,22,22,99,30,62,0,176,173
3211,71,25,19,22,22,99,30,61,0,176,173
3212,69,25,19,22,22,99,31,62,0,177,172
3213,71,25,19,22,22,99,29,62,0,175,174
3214,71,25,19,22,22,99,29,62,0,175,174
3215,71,25,19,22,22,98,30,62,0,175,174
3216,71,26,19,22,22,99,29,61,0,176,173
3217,71,25,19,22,22,99,29,62,0,175,174
3218,70,25,19,22,22,99,30,62,0,176,173
3219,71,25,19,22,22,99,29,62,0,175,174
3220,71,25,19,22,22,99,29,62,0,175,174
3221,71,25,19,22,22,99,29,62,0,175,174
3222,71,25,19,22,22,99,30,61,0,176,173
3223,72,25,19,22,22,99,29,61,0,175,174
3224,71,25,19,22,23,98,29,62,0,175,174
3225,70,25,19,22,22,100,30,61,0,177,172
3226,70,25,19,22,21,100,30,62,0,176,173
3227,71,25,19,22,22,99,29,62,0,175,174
3228,70,25,19,22,22,100,29,62,0,176,173
3229,70,25,19,22,22,99,30,62,0,176,173
3230,71,25,19,22,22,99,29,62,0,175,174
3231,71,24,19,22,22,99,30,62,0,175,174
3232,71,26,19,22,21,99,29,62,0,175,174
3233,70,26,19,22,22,99,29,62,0,176,173
3234,70,25,19,21,22,100,30,62,0,177,172
3235,71,25,19,22,22,99,29,62,0,175,174
3236,70,25,19,22,22,99,30,62,0,176,173
3237,71,25,19,22,22,98,30,62,0,175,174
3238,71,25,19,22,21,99,29,63,0,174,175
3239,70,25,19,22,22,99,30,62,0,176,173
3240,70,25,19,22,22,99,30,62,0,176,173
3241,70,25,19,22,22,99,30,62,0,176,173
3242,71,25,19,22,22,99,29,62,0,175,174
3243,70,25,19,22,22,99,30,62,0,176,173
3244,71,25,19,22,22,99,29,62,0,175,174
3245,71,25,19,22,22,98,29,63,0,174,175
3246,70,25,19,22,22,99,30,62,0,176,173
3247,71,25,19,22,22,99,29,62,0,175,174
3248,70,25,19,22,22,99,30,62,0,176,173
3249,71,25,19,22,22,99,29,62,0,175,174
3250,70,26,19,22,22,99,29,62,0,176,173
3251,71,25,19,22,22,99,29,62,0,175,174
3252,70,25,19,22,22,99,31,61,0,177,172
3253,71,25,19,22,21,99,29,63,0,174,175
3254,70,26,19,22,22,99,29,62,0,176,173
3255,70,25,19,22,22,99,30,62,0,176,173
3256,70,25,19,22,21,100,30,62,0,176,173
3257,70,25,19,22,22,100,29,62,0,176,173
3258,71,25,19,22,21,100,29,62,0,175,174
3259,71,25,19,22,22,99,29,62,0,175,174
3260,70,25,19,21,22,100,30,62,0,177,172
3261,71,25,19,22,22,99,30,61,0,176,173
3262,71,25,19,22,22,99,29,62,0,175,174
3263,70,25,19,22,22,99,30,62,0,176,173
3264,71,26,19,23,22,98,29,61,0,175,174
3265,71,25,19,22,21,99,30,62,0,175,174
3266,70,25,19,22,22,99,30,62,0,176,173
3267,71,25,19,22,22,99,29,62,0,175,174
3268,70,25,19,22,21,100,30,62,0,176,173
3269,70,25,19,22,22,100,29,62,0,176,173
3270,70,25,19,22,22,100,30,61,0,177,172
3271,70,25,19,23,22,99,30,61,0,176,173
3272,71,25,19,22,22,98,30,62,0,175,174
3273,70,26,19,22,22,98,30,62,0,176,173
3274,70,25,19,22,22,99,30,62,0,176,173
3275,71,25,19,22,22,100,29,61,0,176,173
3276,70,25,19,22,22,100,30,61,0,177,172
3277,70,25,19,22,22,99,30,62,0,176,173
3278,70,25,19,22,22,99,30,62,0,176,173
3279,70,25,19,22,22,99,30,62,0,176,173
3280,71,25,19,22,22,99,29,62,0,175,174
3281,71,25,19,22,22,99,29,62,0,175,174
3282,70,25,19,22,22,99,30,62,0,176,173
3283,71,25,19,22,22,99,29,62,0,175,174
3284,71,25,19,22,22,99,29,62,0,175,174
3285,70,25,19,22,22,99,30,62,0,176,173
3286,71,25,19,23,22,98,29,62,0,174,175
3287,70,25,19,22,22,99,30,62,0,176,173
3288,71,25,19,22,22,99,29,62,0,175,174
3289,70,25,19,22,22,99,30,62,0,176,173
3290,71,25,19,22,21,99,30,62,0,175,174
3291,70,25,19,22,22,99,30,62,0,176,173
3292,71,25,19,22,22,99,29,62,0,175,174
3293,70,25,19,22,22,99,30,62,0,176,173
3294,70,25,19,22,22,99,30,62,0,176,173
3295,71,25,19,21,22,99,30,62,0,176,173
3296,71,26,20,22,22,98,29,61,0,175,174
3297,70,25,19,22,21,100,30,62,0,176,173
3298,71,25,19,22,22,99,29,62,0,175,174
3299,71,25,19,22,22,99,29,62,0,175,174
3300,71,26,19,22,22,98,29,62,0,175,174
3301,70,25,19,22,22,99,29,63,0,175,174
3302,71,25,19,22,21,99,30,62,0,175,174
3303,71,25,19,22,21,99,30,62,0,175,174
3304,70,25,19,22,22,99,30,62,0,176,173
3305,70,25,19,22,22,99,30,62,0,176,173
3306,70,25,19,22,22,99,30,62,0,176,173
3307,71,25,19,22,22,99,29,62,0,175,174
3308,70,25,19,22,21,100,30,62,0,176,173
3309,70,25,19,22,22,99,30,62,0,176,173
3310,71,25,20,22,21,99,29,62,0,174,175
3311,70,25,19,22,22,99,30,62,0,176,173
3312,70,25,19,22,22,99,30,62,0,176,173
3313,71,25,19,22,22,98,30,62,0,175,174
3314,71,25,19,22,22,99,29,62,0,175,174
3315,70,25,19,22,22,99,29,63,0,175,174
3316,71,25,19,22,22,99,29,62,0,175,174
3317,70,25,19,22,22,99,30,62,0,176,173
3318,71,25,20,22,22,98,29,62,0,174,175
3319,71,25,19,22,22,99,29,62,0,175,174
3320,71,25,19,22,22,99,29,62,0,175,174
3321,70,25,19,22,22,99,30,62,0,176,173
3322,70,25,19,22,22,99,30,62,0,176,173
3323,71,25,19,22,22,99,29,62,0,175,174
3324,71,25,19,22,21,99,30,62,0,175,174
3325,71,25,19,22,22,99,29,62,0,175,174
3326,70,25,19,22,22,99,30,62,0,176,173
3327,70,25,19,22,22,99,30,62,0,176,173
3328,71,26,20,23,21,98,28,62,0,173,176
3329,71,25,19,22,21,100,29,62,0,175,174
3330,72,25,19,22,21,99,29,62,0,174,175
3331,70,25,19,22,22,99,30,62,0,176,173
3332,70,25,19,22,22,99,30,62,0,176,173
3333,70,25,19,22,22,99,30,62,0,176,173
3334,70,25,19,22,22,100,29,62,0,176,173
3335,71,25,19,22,22,99,29,62,0,175,174
3336,71,25,19,22,22,99,29,62,0,175,174
3337,71,25,19,22,22,99,29,62,0,175,174
3338,71,25,19,22,22,99,30,61,0,176,173
3339,70,25,19,22,22,100,30,61,0,177,172
3340,71,25,19,22,22,98,30,62,0,175,174
3341,70,25,20,22,22,99,29,62,0,175,174
3342,70,25,19,22,22,99,29,63,0,175,174
3343,71,25,20,22,22,98,29,62,0,174,175
3344,71,25,19,22,22,99,29,62,0,175,174
3345,70,25,19,22,22,99,30,62,0,176,173
3346,71,26,19,22,22,98,29,62,0,175,174
3347,70,26,19,22,22,99,29,62,0,176,173
3348,71,26,19,22,21,99,29,62,0,175,174
3349,70,26,19,22,22,98,30,62,0,176,173
3350,71,25,19,22,22,98,30,62,0,175,174
3351,72,25,19,22,22,98,29,62,0,174,175
3352,71,25,19,22,22,99,29,62,0,175,174
3353,70,25,19,22,22,99,30,62,0,176,173
3354,70,25,19,22,22,99,30,62,0,176,173
3355,70,25,19,22,22,99,30,62,0,176,173
3356,70,25,19,22,22,100,29,62,0,176,173
3357,70,25,19,22,22,99,30,62,0,176,173
3358,71,25,19,22,22,99,30,61,0,176,173
3359,71,25,20,22,22,98,29,62,0,174,175
3360,71,25,19,22,22,99,30,61,0,176,173
3361,70,26,19,22,21,100,29,62,0,176,173
3362,70,25,19,22,22,99,31,61,0,177,172
3363,70,25,19,22,22,99,30,62,0,176,173
3364,70,25,19,22,22,100,30,61,0,177,172
3365,70,25,19,22,22,99,30,62,0,176,173
3366,71,25,20,22,22,99,29,61,0,175,174
3367,70,25,19,22,22,99,30,62,0,176,173
3368,71,25,19,22,22,99,29,62,0,175,174
3369,70,25,19,22,22,99,30,62,0,176,173
3370,70,25,19,22,22,99,30,62,0,176,173
3371,70,25,19,22,22,99,30,62,0,176,173
3372,71,25,19,22,22,99,29,62,0,175,174
3373,71,25,19,22,22,99,29,62,0,175,174
3374,70,25,19,22,22,99,30,62,0,176,173
3375,70,25,19,22,22,99,30,62,0,176,173
3376,71,25,19,22,22,99,29,62,0,175,174
3377,70,25,19,22,22,99,29,63,0,175,174
3378,71,26,19,21,22,99,29,62,0,176,173
3379,71,25,19,22,22,99,29,62,0,175,174
3380,71,25,19,22,21,99,30,62,0,175,174
3381,70,25,19,22,22,99,30,62,0,176,173
3382,71,25,19,22,22,99,29,62,0,175,174
3383,71,25,19,22,22,99,29,62,0,175,174
3384,70,25,19,22,22,100,30,61,0,177,172
3385,71,25,19,22,22,98,30,62,0,175,174
3386,71,25,19,22,22,99,29,62,0,175,174
3387,70,25,19,22,22,99,30,62,0,176,173
3388,70,25,19,22,21,100,30,62,0,176,173
3389,72,25,19,22,22,99,29,61,0,175,174
3390,70,25,19,22,22,99,29,63,0,175,174
3391,70,25,19,22,22,99,30,62,0,176,173
3392,70,25,19,21,22,100,30,62,0,177,172
3393,71,25,19,22,22,99,30,61,0,176,173
3394,70,25,19,22,22,99,30,62,0,176,173
3395,71,25,19,22,22,99,29,62,0,175,174
3396,71,25,19,22,22,99,29,62,0,175,174
3397,71,26,19,22,21,99,29,62,0,175,174
3398,70,26,19,22,23,99,29,61,0,177,172
3399,71,25,19,21,22,99,30,62,0,176,173
3400,70,25,19,22,22,99,30,62,0,176,173
3401,71,25,19,22,22,99,29,62,0,175,174
3402,71,25,19,22,22,99,29,62,0,175,174
3403,71,25,19,22,22,99,29,62,0,175,174
3404,70,25,19,22,22,99,29,63,0,175,174
3405,71,25,19,22,22,99,29,62,0,175,174
3406,71,25,19,22,22,99,29,62,0,175,174
3407,71,25,20,22,22,98,29,62,0,174,175
3408,70,25,20,22,21,99,30,62,0,175,174
3409,70,25,19,22,22,99,30,62,0,176,173
3410,71,25,19,22,21,99,30,62,0,175,174
3411,70,25,20,22,22,99,29,62,0,175,174
3412,70,25,19,22,22,100,29,62,0,176,173
3413,71,25,19,22,22,99,29,62,0,175,174
3414,70,25,19,22,22,99,29,63,0,175,174
3415,71,25,19,22,22,99,29,62,0,175,174
3416,70,25,19,22,21,100,30,62,0,176,173
3417,71,25,19,22,22,98,31,61,0,176,173
3418,71,25,19,21,22,99,30,62,0,176,173
3419,70,25,19,22,22,99,30,62,0,176,173
3420,70,25,19,22,22,100,29,62,0,176,173
3421,70,25,20,22,22,98,30,62,0,175,174
3422,71,25,19,22,22,99,30,61,0,176,173
3423,71,25,19,22,22,99,30,61,0,176,173
3424,71,25,19,22,22,99,29,62,0,175,174
3425,70,25,19,22,22,99,30,62,0,176,173
3426,71,25,19,22,22,99,29,62,0,175,174
3427,71,25,20,22,21,99,29,62,0,174,175
3428,70,25,19,22,22,99,30,62,0,176,173
3429,71,26,20,22,22,98,28,62,0,174,175
3430,70,25,19,22,23,98,30,62,0,176,173
3431,71,24,19,22,22,99,30,62,0,175,174
3432,70,25,19,22,22,99,30,62,0,176,173
3433,71,25,19,22,22,99,29,62,0,175,174
3434,70,25,19,22,22,99,30,62,0,176,173
3435,71,25,19,22,22,99,30,61,0,176,173
3436,71,25,19,22,22,99,29,62,0,175,174
3437,71,25,19,22,22,99,29,62,0,175,174
3438,70,25,19,22,22,100,30,61,0,177,172
3439,71,25,19,22,22,99,29,62,0,175,174
3440,70,25,19,22,23,99,29,62,0,176,173
3441,71,25,19,22,22,99,29,62,0,175,174
3442,70,25,19,22,22,100,29,62,0,176,173
3443,70,25,19,22,22,100,29,62,0,176,173
3444,70,25,19,22,22,99,30,62,0,176,173
3445,71,25,19,22,22,98,29,63,0,174,175
3446,71,25,19,22,22,99,29,62,0,175,174
3447,70,25,19,22,22,99,29,63,0,175,174
3448,70,25,19,22,22,99,30,62,0,176,173
3449,71,25,19,22,22,99,29,62,0,175,174
3450,71,25,19,22,22,99,29,62,0,175,174
3451,72,25,19,22,22,98,29,62,0,174,175
3452,71,25,19,22,22,99,29,62,0,175,174
3453,71,25,19,22,22,99,29,62,0,175,174
3454,70,26,19,22,22,99,29,62,0,176,173
3455,70,26,19,22,22,98,30,62,0,176,173
3456,70,25,19,22,22,99,30,62,0,176,173
3457,70,25,19,22,22,99,30,62,0,176,173
3458,71,25,19,22,22,98,30,62,0,175,174
3459,71,25,19,21,22,100,29,62,0,176,173
3460,70,25,19,22,22,99,30,62,0,176,173
3461,71,25,19,22,21,99,30,62,0,175,174
3462,70,25,19,22,22,99,30,62,0,176,173
3463,70,25,20,22,22,99,29,62,0,175,174
3464,71,25,18,23,22,99,29,62,0,175,174
3465,71,25,19,22,22,99,29,62,0,175,174
3466,70,25,19,22,22,99,31,61,0,177,172
3467,71,25,19,22,22,99,30,61,0,176,173
3468,70,25,19,22,22,99,29,63,0,175,174
3469,71,25,19,22,22,99,29,62,0,175,174
3470,71,25,19,22,22,98,30,62,0,175,174
3471,71,25,20,22,21,98,30,62,0,174,175
3472,70,25,19,22,22,99,30,62,0,176,173
3473,70,25,19,22,21,100,30,62,0,176,173
3474,70,25,19,22,22,100,30,61,0,177,172
3475,70,25,19,22,22,99,30,62,0,176,173
3476,70,25,19,22,22,99,30,62,0,176,173
3477,71,25,19,22,22,99,29,62,0,175,174
3478,70,25,19,22,22,99,30,62,0,176,173
3479,70,25,19,22,22,100,30,61,0,177,172
3480,71,25,19,22,22,99,29,62,0,175,174
3481,71,25,19,22,22,99,29,62,0,175,174
3482,71,25,19,22,22,99,29,62,0,175,174
3483,71,25,19,22,22,99,29,62,0,175,174
3484,71,25,19,22,22,99,29,62,0,175,174
3485,70,25,19,22,22,99,30,62,0,176,173
3486,71,25,19,22,22,99,29,62,0,175,174
3487,69,25,19,22,22,100,30,62,0,177,172
3488,70,25,19,22,22,99,30,62,0,176,173
3489,71,25,19,22,22,98,30,62,0,175,174
3490,70,25,19,22,22,99,30,62,0,176,173
3491,71,25,19,22,22,99,29,62,0,175,174
3492,71,25,19,22,22,99,30,61,0,176,173
3493,71,25,19,22,22,98,30,62,0,175,174
3494,70,25,19,22,22,99,30,62,0,176,173
3495,70,25,20,22,22,99,29,62,0,175,174
3496,70,25,19,22,22,99,30,62,0,176,173
3497,71,25,19,22,22,99,29,62,0,175,174
3498,70,25,19,22,22,99,30,62,0,176,173
3499,70,25,19,22,22,99,30,62,0,176,173
3500,70,25,19,22,22,100,30,61,0,177,172
3501,72,26,19,22,22,98,29,61,0,175,174
3502,70,25,19,22,22,99,30,62,0,176,173
3503,70,25,19,22,22,99,30,62,0,176,173
3504,70,25,19,22,22,99,30,62,0,176,173
3505,71,25,19,22,22,99,30,61,0,176,173
3506,71,25,19,22,22,99,29,62,0,175,174
3507,70,25,19,22,22,99,30,62,0,176,173
3508,70,25,19,22,21,100,30,62,0,176,173
3509,71,25,19,22,22,99,29,62,0,175,174
3510,70,26,19,22,22,98,30,62,0,176,173
3511,71,25,20,22,22,98,29,62,0,174,175
3512,70,25,19,22,22,99,30,62,0,176,173
3513,71,25,19,22,22,99,29,62,0,175,174
3514,71,25,19,22,22,99,29,62,0,175,174
3515,71,26,19,22,22,98,29,62,0,175,174
3516,70,25,19,22,22,100,30,61,0,177,172
3517,70,25,19,22,22,99,30,62,0,176,173
3518,70,25,19,22,22,99,30,62,0,176,173
3519,71,25,19,22,22,99,29,62,0,175,174
3520,70,25,19,22,22,99,30,62,0,176,173
3521,70,25,19,22,22,99,30,62,0,176,173
3522,71,25,19,22,22,99,29,62,0,175,174
3523,71,25,19,22,22,98,29,63,0,174,175
3524,70,25,19,22,22,99,30,62,0,176,173
3525,69,25,19,22,22,99,31,62,0,177,172
3526,71,25,19,22,21,100,30,61,0,176,173
3527,70,25,19,22,22,99,30,62,0,176,173
3528,71,25,19,22,22,99,29,62,0,175,174
3529,71,25,19,22,22,99,29,62,0,175,174
3530,71,25,19,22,22,99,29,62,0,175,174
3531,71,26,19,22,22,99,29,61,0,176,173
3532,72,25,19,22,22,98,30,61,0,175,174
3533,71,25,19,22,22,99,29,62,0,175,174
3534,70,25,19,22,22,99,30,62,0,176,173
3535,70,26,19,22,22,99,29,62,0,176,173
3536,71,25,19,22,22,99,29,62,0,175,174
3537,70,25,19,22,22,99,30,62,0,176,173
3538,71,26,19,22,22,98,29,62,0,175,174
3539,71,25,19,22,22,99,30,61,0,176,173
3540,70,25,19,22,21,100,31,61,0,177,172
3541,70,25,19,22,22,99,30,62,0,176,173
3542,70,25,19,22,22,99,30,62,0,176,173
3543,70,25,19,22,22,99,30,62,0,176,173
3544,70,25,19,22,22,99,30,62,0,176,173
3545,70,25,19,22,22,100,30,61,0,177,172
3546,71,25,19,22,22,99,29,62,0,175,174
3547,71,25,19,22,22,99,29,62,0,175,174
3548,70,25,19,22,22,99,30,62,0,176,173
3549,71,25,19,22,22,99,29,62,0,175,174
3550,70,25,19,22,22,99,30,62,0,176,173
3551,71,25,19,22,22,99,29,62,0,175,174
3552,70,25,19,22,22,99,30,62,0,176,173
3553,71,25,19,22,22,98,29,63,0,174,175
3554,70,25,19,22,22,99,30,62,0,176,173
3555,70,25,19,22,21,100,30,62,0,176,173
3556,71,25,20,22,22,98,30,61,0,175,174
3557,70,25,19,22,22,99,30,62,0,176,173
3558,71,25,19,22,22,98,30,62,0,175,174
3559,70,25,19,22,22,99,30,62,0,176,173
3560,70,25,20,22,21,99,30,62,0,175,174
3561,70,25,19,22,22,99,30,62,0,176,173
3562,71,25,19,22,22,98,29,63,0,174,175
3563,70,25,19,22,22,100,29,62,0,176,173
3564,70,25,19,22,22,99,30,62,0,176,173
3565,71,25,19,22,22,100,29,61,0,176,173
3566,71,25,19,22,22,99,29,62,0,175,174
3567,72,25,19,22,21,98,29,63,0,173,176
3568,71,25,19,22,21,100,29,62,0,175,174
3569,70,25,19,22,22,100,30,61,0,177,172
3570,71,26,19,22,22,98,29,62,0,175,174
3571,71,25,19,22,22,99,29,62,0,175,174
3572,71,25,19,22,21,99,30,62,0,175,174
3573,71,25,19,22,21,99,30,62,0,175,174
3574,71,25,19,22,22,99,29,62,0,175,174
3575,71,25,19,22,22,99,30,61,0,176,173
3576,70,25,19,22,21,100,30,62,0,176,173
3577,71,25,19,22,22,99,29,62,0,175,174
3578,71,25,19,22,22,99,29,62,0,175,174
3579,70,25,19,22,22,99,29,63,0,175,174
3580,70,25,19,22,22,99,30,62,0,176,173
3581,71,25,19,22,22,99,29,62,0,175,174
3582,70,25,19,22,22,99,30,62,0,176,173
3583,70,25,19,22,22,99,30,62,0,176,173
3584,71,25,19,22,22,100,29,61,0,176,173
3585,69,25,19,22,21,100,31,62,0,177,172
3586,71,25,19,22,22,99,29,62,0,175,174
3587,70,25,19,22,22,99,30,62,0,176,173
3588,71,25,19,22,22,99,29,62,0,175,174
3589,70,25,20,22,22,99,29,62,0,175,174
3590,71,25,20,22,22,99,29,61,0,175,174
3591,70,25,19,22,22,100,29,62,0,176,173
3592,70,25,19,22,21,100,30,62,0,176,173
3593,71,25,19,22,22,99,30,61,0,176,173
3594,71,26,19,22,22,98,29,62,0,175,174
3595,71,25,19,22,22,99,29,62,0,175,174
3596,71,25,19,22,22,99,29,62,0,175,174
3597,71,26,19,22,22,99,29,61,0,176,173
3598,70,25,19,22,22,99,30,62,0,176,173
3599,71,25,19,22,22,99,29,62,0,175,174
3600,70,25,19,22,22,99,30,62,0,176,173
3601,71,25,19,22,22,99,29,62,0,175,174
3602,71,25,19,22,22,99,29,62,0,175,174
3603,70,25,19,22,22,99,30,62,0,176,173
3604,71,25,19,22,22,99,29,62,0,175,174
3605,70,25,19,22,22,99,30,62,0,176,173
3606,70,25,20,22,22,98,30,62,0,175,174
3607,71,25,20,22,22,98,29,62,0,174,175
3608,71,25,19,22,22,99,30,61,0,176,173
3609,71,25,19,22,22,100,28,62,0,175,174
3610,72,26,19,22,22,98,29,61,0,175,174
3611,70,25,19,21,22,100,31,61,0,178,171
3612,71,25,19,22,22,99,29,62,0,175,174
3613,71,25,19,22,22,98,30,62,0,175,174
3614,70,25,19,22,22,99,30,62,0,176,173
3615,71,26,19,22,22,98,30,61,0,176,173
3616,70,25,19,22,22,100,29,62,0,176,173
3617,70,25,19,22,22,100,30,61,0,177,172
3618,70,25,19,22,22,99,29,63,0,175,174
3619,70,25,19,22,21,99,31,62,0,176,173
3620,71,25,19,22,22,99,29,62,0,175,174
3621,71,25,19,22,21,99,30,62,0,175,174
3622,71,25,20,22,23,98,28,62,0,174,175
3623,70,25,19,22,22,99,30,62,0,176,173
3624,71,25,19,22,22,99,29,62,0,175,174
3625,70,25,19,22,22,99,31,61,0,177,172
3626,70,25,19,22,22,99,30,62,0,176,173
3627,71,25,19,22,22,99,29,62,0,175,174
3628,71,25,19,22,21,99,30,62,0,175,174
3629,71,25,19,22,22,99,29,62,0,175,174
3630,72,25,19,22,22,98,29,62,0,174,175
3631,71,25,19,22,22,99,29,62,0,175,174
3632,70,25,19,22,22,99,30,62,0,176,173
3633,71,25,19,22,22,98,30,62,0,175,174
3634,71,25,19,22,22,99,29,62,0,175,174
3635,71,25,19,22,22,99,29,62,0,175,174
3636,71,25,19,22,22,99,29,62,0,175,174
3637,70,25,19,22,22,99,30,62,0,176,173
3638,70,25,19,22,23,99,30,61,0,177,172
3639,71,25,19,22,21,99,30,62,0,175,174
3640,71,25,19,22,22,99,29,62,0,175,174
3641,70,25,19,22,22,99,30,62,0,176,173
3642,72,25,20,22,22,97,29,62,0,173,176
3643,71,25,19,22,22,99,29,62,0,175,174
3644,71,25,19,22,22,99,29,62,0,175,174
3645,71,26,19,22,22,99,29,61,0,176,173
3646,71,25,20,22,22,98,29,62,0,174,175
3647,70,25,18,22,21,100,31,62,0,177,172
3648,70,25,19,22,22,99,29,63,0,175,174
3649,70,25,19,22,22,100,29,62,0,176,173
3650,71,25,19,23,22,98,29,62,0,174,175
3651,70,25,19,22,22,99,30,62,0,176,173
3652,71,25,19,22,22,99,29,62,0,175,174
3653,71,25,19,22,22,99,29,62,0,175,174
3654,70,25,19,22,22,100,29,62,0,176,173
3655,70,25,19,22,22,99,30,62,0,176,173
3656,70,25,19,22,22,100,29,62,0,176,173
3657,70,25,19,22,21,100,30,62,0,176,173
3658,70,25,19,22,22,99,30,62,0,176,173
3659,71,25,19,22,22,99,29,62,0,175,174
3660,70,25,19,22,22,99,30,62,0,176,173
3661,71,25,19,22,22,99,30,61,0,176,173
3662,71,25,19,22,22,99,29,62,0,175,174
3663,69,25,19,22,22,100,30,62,0,177,172
3664,72,25,20,22,22,98,28,62,0,173,176
3665,71,25,20,22,22,98,29,62,0,174,175
3666,70,25,19,22,22,99,30,62,0,176,173
3667,71,25,19,22,22,99,29,62,0,175,174
3668,71,25,19,22,22,99,29,62,0,175,174
3669,70,25,19,22,22,99,30,62,0,176,173
3670,71,25,19,22,22,99,29,62,0,175,174
3671,70,25,19,22,22,100,29,62,0,176,173
3672,70,25,19,22,22,99,30,62,0,176,173
3673,71,25,19,22,22,100,29,61,0,176,173
3674,70,25,19,22,22,99,29,63,0,175,174
3675,70,25,19,22,22,100,29,62,0,176,173
3676,70,25,19,22,22,99,30,62,0,176,173
3677,71,25,19,22,21,99,30,62,0,175,174
3678,70,26,19,22,22,99,30,61,0,177,172
3679,70,25,19,22,22,99,31,61,0,177,172
3680,71,25,19,22,22,99,29,62,0,175,174
3681,71,25,19,22,22,99,29,62,0,175,174
3682,71,25,19,22,22,99,29,62,0,175,174
3683,70,25,19,22,22,99,30,62,0,176,173
3684,70,25,19,22,22,99,30,62,0,176,173
3685,70,25,19,22,22,100,30,61,0,177,172
3686,70,25,19,22,21,99,31,62,0,176,173
3687,70,25,19,22,22,99,30,62,0,176,173
3688,71,25,20,22,21,98,29,63,0,173,176
3689,70,25,19,22,22,99,30,62,0,176,173
3690,71,25,19,22,22,99,29,62,0,175,174
3691,71,25,19,22,22,98,30,62,0,175,174
3692,71,25,19,22,22,99,29,62,0,175,174
3693,70,25,19,22,22,100,29,62,0,176,173
3694,71,26,19,22,22,98,29,62,0,175,174
3695,70,25,19,21,22,99,30,63,0,176,173
3696,70,25,19,22,21,99,31,62,0,176,173
3697,70,25,19,22,22,99,30,62,0,176,173
3698,71,25,19,22,22,99,29,62,0,175,174
3699,72,25,19,22,22,98,29,62,0,174,175
3700,71,25,19,22,22,99,29,62,0,175,174
3701,71,25,19,22,22,99,30,61,0,176,173
3702,71,25,19,22,21,99,30,62,0,175,174
3703,70,25,19,22,22,99,29,63,0,175,174
3704,71,25,20,22,22,98,29,62,0,174,175
3705,71,26,20,22,22,98,28,62,0,174,175
3706,71,25,20,22,22,98,29,62,0,174,175
3707,71,25,19,22,22,99,29,62,0,175,174
3708,70,25,19,22,22,99,30,62,0,176,173
3709,71,25,19,22,22,99,29,62,0,175,174
3710,70,25,19,22,22,99,30,62,0,176,173
3711,70,25,19,22,21,100,31,61,0,177,172
3712,71,25,19,22,22,99,29,62,0,175,174
3713,71,25,19,22,22,98,29,63,0,174,175
3714,71,25,19,22,21,99,29,63,0,174,175
3715,70,25,19,22,22,99,30,62,0,176,173
3716,70,25,19,21,22,101,30,61,0,178,171
3717,71,25,19,22,22,99,29,62,0,175,174
3718,71,25,19,22,22,98,30,62,0,175,174
3719,70,25,19,22,22,100,29,62,0,176,173
3720,70,25,19,22,22,99,30,62,0,176,173
3721,71,26,20,22,22,98,28,62,0,174,175
3722,72,25,19,22,21,100,29,61,0,175,174
3723,70,25,19,22,22,99,30,62,0,176,173
3724,70,25,19,22,22,100,30,61,0,177,172
3725,69,25,19,21,22,100,32,61,0,179,170
3726,71,25,19,22,21,99,30,62,0,175,174
3727,71,25,19,22,22,99,29,62,0,175,174
3728,70,25,19,22,22,99,30,62,0,176,173
3729,70,25,19,22,22,100,30,61,0,177,172
3730,71,25,19,22,22,99,30,61,0,176,173
3731,71,25,20,22,22,98,28,63,0,173,176
3732,71,25,19,22,22,99,29,62,0,175,174
3733,71,25,19,22,22,99,29,62,0,175,174
3734,70,25,19,22,22,99,30,62,0,176,173
3735,70,25,19,22,22,99,30,62,0,176,173
3736,70,25,19,22,22,99,30,62,0,176,173
3737,71,25,19,22,22,99,30,61,0,176,173
3738,70,25,19,22,21,100,30,62,0,176,173
3739,70,25,19,22,22,99,30,62,0,176,173
3740,70,25,19,22,21,100,30,62,0,176,173
3741,71,25,19,22,22,99,29,62,0,175,174
3742,71,25,19,22,22,99,29,62,0,175,174
3743,71,25,20,22,22,98,29,62,0,174,175
3744,70,25,19,22,22,99,30,62,0,176,173
3745,71,25,19,22,22,99,29,62,0,175,174
3746,70,26,19,22,22,99,29,62,0,176,173
3747,70,25,19,22,22,99,30,62,0,176,173
3748,70,26,19,22,22,99,29,62,0,176,173
3749,71,25,19,22,22,99,29,62,0,175,174
3750,71,25,19,22,22,99,29,62,0,175,174
3751,71,25,19,22,22,99,29,62,0,175,174
3752,72,25,19,22,21,99,29,62,0,174,175
3753,70,25,19,22,22,100,30,61,0,177,172
3754,71,25,19,22,22,99,29,62,0,175,174
3755,71,25,19,22,22,99,29,62,0,175,174
3756,70,25,19,22,23,99,30,61,0,177,172
3757,71,25,19,22,22,99,29,62,0,175,174
3758,70,26,20,22,22,98,29,62,0,175,174
3759,71,25,19,22,22,99,29,62,0,175,174
3760,71,25,19,22,22,99,29,62,0,175,174
3761,71,25,19,22,22,99,29,62,0,175,174
3762,71,25,19,22,21,100,30,61,0,176,173
3763,71,25,19,22,22,99,30,61,0,176,173
3764,71,25,19,22,22,99,29,62,0,175,174
3765,71,25,19,22,21,99,29,63,0,174,175
3766,70,25,19,22,22,99,30,62,0,176,173
3767,70,25,19,22,22,99,29,63,0,175,174
3768,71,25,19,22,21,99,30,62,0,175,174
3769,71,25,19,22,22,99,29,62,0,175,174
3770,71,25,19,22,22,99,29,62,0,175,174
3771,70,25,19,22,22,100,30,61,0,177,172
3772,70,25,19,22,22,100,29,62,0,176,173
3773,70,25,19,22,22,100,29,62,0,176,173
3774,71,25,19,22,22,99,29,62,0,175,174
3775,71,25,19,22,22,99,29,62,0,175,174
3776,71,25,19,22,22,99,29,62,0,175,174
3777,70,25,19,22,22,99,30,62,0,176,173
3778,71,25,19,22,22,99,29,62,0,175,174
3779,71,25,19,22,22,99,29,62,0,175,174
3780,70,25,19,22,22,99,30,62,0,176,173
3781,70,26,19,22,22,99,29,62,0,176,173
3782,71,25,19,22,22,99,29,62,0,175,174
3783,71,25,19,22,21,99,30,62,0,175,174
3784,70,25,19,23,22,99,29,62,0,175,174
3785,70,25,19,22,23,99,29,62,0,176,173
3786,71,25,19,22,21,99,30,62,0,175,174
3787,71,25,19,22,22,99,29,62,0,175,174
3788,71,26,19,22,22,98,29,62,0,175,174
3789,71,25,19,22,22,99,29,62,0,175,174
3790,71,25,19,22,22,98,30,62,0,175,174
3791,71,25,19,22,23,98,29,62,0,175,174
3792,71,25,19,22,22,98,30,62,0,175,174
3793,71,25,19,22,22,99,29,62,0,175,174
3794,70,25,19,22,22,99,30,62,0,176,173
3795,71,25,19,22,22,99,29,62,0,175,174
3796,70,25,19,22,22,99,30,62,0,176,173
3797,70,25,19,22,22,99,30,62,0,176,173
3798,71,25,19,23,22,98,29,62,0,174,175
3799,71,25,19,22,22,98,29,63,0,174,175
3800,70,26,19,22,22,98,30,62,0,176,173
3801,72,25,19,22,22,98,29,62,0,174,175
3802,71,25,19,22,22,99,29,62,0,175,174
3803,71,26,19,22,21,98,30,62,0,175,174
3804,71,25,19,22,22,99,29,62,0,175,174
3805,70,25,19,22,21,100,30,62,0,176,173
3806,70,25,19,22,22,99,30,62,0,176,173
3807,70,25,19,22,22,99,30,62,0,176,173
3808,70,25,19,22,22,99,29,63,0,175,174
3809,70,26,19,22,22,99,29,62,0,176,173
3810,70,25,19,22,22,99,30,62,0,176,173
3811,71,25,19,23,22,98,29,62,0,174,175
3812,71,25,19,22,22,99,29,62,0,175,174
3813,70,25,19,22,22,99,30,62,0,176,173
3814,70,25,19,22,22,99,30,62,0,176,173
3815,70,25,19,22,22,100,29,62,0,176,173
3816,71,25,19,22,22,99,29,62,0,175,174
3817,70,25,20,22,22,100,29,61,0,176,173
3818,70,25,19,22,22,99,30,62,0,176,173
3819,71,25,19,22,22,100,29,61,0,176,173
3820,71,25,19,22,22,99,29,62,0,175,174
3821,72,25,19,22,21,99,29,62,0,174,175
3822,70,25,19,22,22,99,30,62,0,176,173
3823,71,25,19,22,22,99,29,62,0,175,174
3824,71,26,19,22,22,99,29,61,0,176,173
3825,70,25,19,22,22,99,30,62,0,176,173
3826,71,25,19,22,22,98,30,62,0,175,174
3827,71,25,19,22,22,99,29,62,0,175,174
3828,70,25,19,22,22,99,30,62,0,176,173
3829,70,25,19,22,22,100,30,61,0,177,172
3830,70,25,19,22,22,100,29,62,0,176,173
3831,70,25,19,22,22,100,29,62,0,176,173
3832,70,25,19,22,21,100,30,62,0,176,173
3833,70,25,19,22,22,99,30,62,0,176,173
3834,71,25,19,22,22,99,29,62,0,175,174
3835,71,25,19,22,22,99,29,62,0,175,174
3836,70,25,19,22,22,99,30,62,0,176,173
3837,70,25,19,22,22,99,30,62,0,176,173
3838,71,25,19,22,22,99,30,61,0,176,173
3839,71,25,19,22,22,99,29,62,0,175,174
3840,71,25,19,22,21,99,30,62,0,175,174
3841,71,26,19,22,22,98,29,62,0,175,174
3842,71,25,19,22,21,100,29,62,0,175,174
3843,70,25,19,22,22,99,30,62,0,176,173
3844,70,25,19,22,22,100,29,62,0,176,173
3845,70,25,19,22,22,99,30,62,0,176,173
3846,71,25,19,22,22,99,29,62,0,175,174
3847,71,25,19,22,22,99,29,62,0,175,174
3848,70,25,19,22,21,100,30,62,0,176,173
3849,70,25,19,22,22,99,30,62,0,176,173
3850,71,25,19,22,22,99,30,61,0,176,173
3851,71,25,19,22,21,98,30,63,0,174,175
3852,71,25,19,22,22,99,29,62,0,175,174
3853,71,25,19,22,22,99,29,62,0,175,174
3854,71,25,19,23,22,98,29,62,0,174,175
3855,70,25,19,22,22,99,30,62,0,176,173
3856,70,25,19,22,22,99,30,62,0,176,173
3857,71,25,20,22,21,99,29,62,0,174,175
3858,70,25,19,22,22,99,30,62,0,176,173
3859,71,25,19,22,22,99,29,62,0,175,174
3860,70,25,19,22,21,100,30,62,0,176,173
3861,71,26,19,22,21,99,29,62,0,175,174
3862,70,25,19,22,22,99,30,62,0,176,173
3863,71,25,19,22,21,100,29,62,0,175,174
3864,70,25,19,21,22,100,30,62,0,177,172
3865,71,25,19,22,22,98,30,62,0,175,174
3866,71,26,19,22,22,98,29,62,0,175,174
3867,70,26,19,22,22,99,29,62,0,176,173
3868,70,25,18,22,22,99,31,62,0,177,172
3869,71,25,19,22,22,99,29,62,0,175,174
3870,70,25,19,22,22,99,30,62,0,176,173
3871,71,25,19,22,22,99,29,62,0,175,174
3872,70,25,19,22,22,99,30,62,0,176,173
3873,71,25,19,22,22,99,29,62,0,175,174
3874,71,24,19,22,21,99,31,62,0,175,174
3875,71,25,19,22,22,98,29,63,0,174,175
3876,70,24,19,22,22,100,30,62,0,176,173
3877,71,25,19,22,22,99,29,62,0,175,174
3878,70,26,19,22,22,99,29,62,0,176,173
3879,71,25,19,22,22,98,30,62,0,175,174
3880,71,25,19,22,22,99,29,62,0,175,174
3881,70,25,19,22,22,99,30,62,0,176,173
3882,71,25,19,22,22,99,30,61,0,176,173
3883,71,25,19,22,22,99,30,61,0,176,173
3884,71,25,20,22,22,99,29,61,0,175,174
3885,71,25,19,22,22,99,29,62,0,175,174
3886,70,25,20,22,22,99,29,62,0,175,174
3887,71,25,19,22,22,99,30,61,0,176,173
3888,71,25,19,22,22,99,29,62,0,175,174
3889,71,25,19,22,22,99,30,61,0,176,173
3890,71,25,19,22,22,99,29,62,0,175,174
3891,70,25,19,22,22,99,30,62,0,176,173
3892,71,25,19,22,22,99,29,62,0,175,174
3893,70,25,19,22,22,99,30,62,0,176,173
3894,70,25,19,22,22,99,30,62,0,176,173
3895,71,25,19,22,22,99,29,62,0,175,174
3896,71,25,19,22,22,99,29,62,0,175,174
3897,71,25,19,21,22,99,30,62,0,176,173
3898,71,26,19,22,22,98,29,62,0,175,174
3899,70,25,19,22,21,99,31,62,0,176,173
3900,71,25,19,22,22,98,30,62,0,175,174
3901,71,25,19,22,22,98,30,62,0,175,174
3902,71,25,19,22,22,98,30,62,0,175,174
3903,71,25,19,22,22,99,29,62,0,175,174
3904,71,25,19,22,22,99,29,62,0,175,174
3905,70,25,20,22,22,99,29,62,0,175,174
3906,70,25,19,22,22,100,29,62,0,176,173
3907,70,25,19,22,22,99,30,62,0,176,173
3908,70,26,19,22,22,99,30,61,0,177,172
3909,70,25,19,22,22,99,30,62,0,176,173
3910,71,25,19,22,21,99,29,63,0,174,175
3911,71,25,19,22,22,99,29,62,0,175,174
3912,70,25,19,22,22,99,30,62,0,176,173
3913,71,25,19,22,21,99,30,62,0,175,174
3914,71,25,19,22,21,99,30,62,0,175,174
3915,71,25,19,22,22,99,29,62,0,175,174
3916,70,25,19,22,22,99,29,63,0,175,174
3917,70,26,19,22,22,99,30,61,0,177,172
3918,71,25,19,22,22,99,29,62,0,175,174
3919,70,25,19,22,21,100,30,62,0,176,173
3920,70,25,19,22,22,99,30,62,0,176,173
3921,70,25,19,22,22,99,30,62,0,176,173
3922,70,25,19,22,22,99,29,63,0,175,174
3923,70,25,19,22,22,99,30,62,0,176,173
3924,72,25,19,22,21,99,29,62,0,174,175
3925,71,25,19,22,22,99,29,62,0,175,174
3926,70,25,19,22,22,99,30,62,0,176,173
3927,71,25,19,22,22,99,29,62,0,175,174
3928,71,25,19,22,22,99,29,62,0,175,174
3929,71,25,19,22,22,99,29,62,0,175,174
3930,70,25,19,22,22,99,30,62,0,176,173
3931,71,25,19,22,21,100,29,62,0,175,174
3932,71,25,19,22,22,99,29,62,0,175,174
3933,70,25,19,22,22,100,29,62,0,176,173
3934,70,25,19,22,22,99,30,62,0,176,173
3935,71,25,20,22,22,98,29,62,0,174,175
3936,69,25,19,22,22,100,30,62,0,177,172
3937,71,25,19,22,22,99,29,62,0,175,174
3938,71,25,19,22,22,99,29,62,0,175,174
3939,71,25,19,22,22,99,29,62,0,175,174
3940,71,26,20,22,22,98,28,62,0,174,175
3941,70,25,19,22,22,99,30,62,0,176,173
3942,70,25,19,22,22,99,31,61,0,177,172
3943,72,26,19,22,22,98,28,62,0,174,175
3944,71,25,19,22,22,99,29,62,0,175,174
3945,70,25,19,22,22,99,30,62,0,176,173
3946,71,25,19,22,22,99,29,62,0,175,174
3947,70,25,19,22,22,100,29,62,0,176,173
3948,72,26,19,22,22,97,28,63,0,173,176
3949,70,25,19,22,22,99,30,62,0,176,173
3950,71,25,19,22,22,99,29,62,0,175,174
3951,71,25,19,22,22,98,30,62,0,175,174
3952,70,25,19,22,22,99,30,62,0,176,173
3953,71,25,19,22,22,98,29,63,0,174,175
3954,71,25,19,22,22,99,29,62,0,175,174
3955,71,25,19,22,22,99,29,62,0,175,174
3956,71,25,19,22,22,99,29,62,0,175,174
3957,70,25,19,22,22,99,30,62,0,176,173
3958,71,25,20,22,22,98,29,62,0,174,175
3959,71,25,19,22,22,99,29,62,0,175,174
3960,71,25,19,22,22,98,30,62,0,175,174
3961,70,25,19,22,22,99,30,62,0,176,173
3962,70,25,19,22,22,99,30,62,0,176,173
3963,71,25,20,22,22,98,29,62,0,174,175
3964,71,25,19,22,22,99,29,62,0,175,174
3965,71,25,19,22,22,99,29,62,0,175,174
3966,71,25,20,22,21,99,29,62,0,174,175
3967,71,25,19,22,22,99,30,61,0,176,173
3968,71,25,19,22,21,99,30,62,0,175,174
3969,70,25,19,22,22,99,30,62,0,176,173
3970,71,25,19,22,22,99,29,62,0,175,174
3971,72,25,19,22,22,98,29,62,0,174,175
3972,70,25,19,21,22,99,31,62,0,177,172
3973,71,24,19,22,22,99,30,62,0,175,174
3974,71,25,19,22,22,99,29,62,0,175,174
3975,71,25,19,22,22,99,29,62,0,175,174
3976,71,25,19,22,22,98,29,63,0,174,175
3977,70,25,19,22,22,100,29,62,0,176,173
3978,71,25,19,22,22,99,29,62,0,175,174
3979,71,25,19,22,22,99,29,62,0,175,174
3980,70,25,19,22,22,99,30,62,0,176,173
3981,69,25,19,22,22,100,30,62,0,177,172
3982,70,25,20,22,22,99,30,61,0,176,173
3983,71,25,19,22,22,99,29,62,0,175,174
3984,71,25,19,22,22,99,29,62,0,175,174
3985,71,25,19,22,22,99,29,62,0,175,174
3986,71,26,19,22,22,98,29,62,0,175,174
3987,70,25,19,22,22,99,30,62,0,176,173
3988,70,25,19,22,22,99,30,62,0,176,173
3989,70,25,19,22,22,99,30,62,0,176,173
3990,70,25,19,22,22,100,29,62,0,176,173
3991,71,25,19,22,21,100,29,62,0,175,174
3992,71,25,19,22,22,99,29,62,0,175,174
3993,71,26,19,22,22,98,29,62,0,175,174
3994,70,25,19,22,21,100,30,62,0,176,173
3995,70,25,19,22,22,99,30,62,0,176,173
3996,72,25,19,22,22,98,29,62,0,174,175
3997,71,25,19,22,22,99,29,62,0,175,174
3998,71,26,19,22,22,98,30,61,0,176,173
3999,69,25,19,22,22,100,30,62,0,177,172
4000,70,25,19,22,22,100,29,62,0,176,173
