code,municipality,county,constituency,constituency_name,name
01140101,0114,01,02,Stockholms län,Övra Runby
01140102,0114,01,02,Stockholms län,Mälaren
01140120,0114,01,02,Stockholms län,Edssjön
01140121,0114,01,02,Stockholms län,Nedra Runby
01140126,0114,01,02,Stockholms län,Prästgårdsmarken
01140203,0114,01,02,Stockholms län,Folkparken
01140204,0114,01,02,Stockholms län,Fysingen
01140206,0114,01,02,Stockholms län,Sigma
01140207,0114,01,02,Stockholms län,Odenslunda Södra
01140209,0114,01,02,Stockholms län,Smedby Norra
01140210,0114,01,02,Stockholms län,Väsbyskogen Västra
01140211,0114,01,02,Stockholms län,Skälby
01140212,0114,01,02,Stockholms län,Smedby Södra
01140218,0114,01,02,Stockholms län,Korpkulla
01140219,0114,01,02,Stockholms län,Ekebo
01140223,0114,01,02,Stockholms län,Brunnby
01140224,0114,01,02,Stockholms län,Apoteksskogen
01140225,0114,01,02,Stockholms län,Väsbyskogen Östra
01140231,0114,01,02,Stockholms län,Vilunda
01140232,0114,01,02,Stockholms län,Fyrklövern Norra
01140233,0114,01,02,Stockholms län,Fyrklövern Södra
01140313,0114,01,02,Stockholms län,Odenslunda Norra
01140314,0114,01,02,Stockholms län,Norra Bollstanäs
01140315,0114,01,02,Stockholms län,Sjukyrkoberget
01140316,0114,01,02,Stockholms län,Grimstaby
01140317,0114,01,02,Stockholms län,Gamla Bollstanäs
01140318,0114,01,02,Stockholms län,Frestaby
01140327,0114,01,02,Stockholms län,Östra Frestaby-Ekeby
01150101,0115,01,02,Stockholms län,1 Vallentuna västra
01150102,0115,01,02,Stockholms län,2 Markim-Orkesta
01150103,0115,01,02,Stockholms län,3 Hammarbacken N
01150104,0115,01,02,Stockholms län,4 Hammarbacken S
01150105,0115,01,02,Stockholms län,5 Ormsta N
01150106,0115,01,02,Stockholms län,6 Vallentuna nordöstra
01150107,0115,01,02,Stockholms län,7 Norrgården-Sörgården
01150108,0115,01,02,Stockholms län,8 Vallentuna C
01150109,0115,01,02,Stockholms län,9 Ormsta S
01150110,0115,01,02,Stockholms län,10 Lovisedal
01150111,0115,01,02,Stockholms län,11 Karlberg
01150112,0115,01,02,Stockholms län,12 Vada-Angarn-Össeby
01150113,0115,01,02,Stockholms län,13 Bällsta S
01150114,0115,01,02,Stockholms län,14 Bällsta V
01150115,0115,01,02,Stockholms län,15 Vallentuna sydöstra
01150116,0115,01,02,Stockholms län,16 Garn
01150117,0115,01,02,Stockholms län,17 Kårsta-Frösunda
01170001,0117,01,02,Stockholms län,Berga NV
01170002,0117,01,02,Stockholms län,Berga SÖ
01170003,0117,01,02,Stockholms län,Björksättra-Högsättra
01170004,0117,01,02,Stockholms län,Brevik
01170005,0117,01,02,Stockholms län,Flaxenvik-Grindmossen
01170006,0117,01,02,Stockholms län,Fredsborg
01170007,0117,01,02,Stockholms län,Hacksta V
01170008,0117,01,02,Stockholms län,Hacksta Ö
01170009,0117,01,02,Stockholms län,Ljusterö
01170010,0117,01,02,Stockholms län,Margretelund
01170011,0117,01,02,Stockholms län,Roslagskulla-Åsättra
01170012,0117,01,02,Stockholms län,Runö
01170013,0117,01,02,Stockholms län,Rydbo
01170014,0117,01,02,Stockholms län,Skånsta
01170015,0117,01,02,Stockholms län,Skärgårdsstad
01170016,0117,01,02,Stockholms län,Smedby
01170017,0117,01,02,Stockholms län,Svinninge
01170018,0117,01,02,Stockholms län,Säby
01170019,0117,01,02,Stockholms län,Söra N
01170020,0117,01,02,Stockholms län,Söra S
01170021,0117,01,02,Stockholms län,Tråsättra
01170022,0117,01,02,Stockholms län,Tuna
01170023,0117,01,02,Stockholms län,Åkerstorp
01170024,0117,01,02,Stockholms län,Österskär V
01170025,0117,01,02,Stockholms län,Österskär Ö
01200101,0120,01,02,Stockholms län,Värmdö 1 Saltarö
01200102,0120,01,02,Stockholms län,Värmdö 2 Strömma m.fl.
01200103,0120,01,02,Stockholms län,Värmdö 3 Ängsvik
01200104,0120,01,02,Stockholms län,Värmdö 4 Hemmesta
01200105,0120,01,02,Stockholms län,Värmdö 5 Vik
01200106,0120,01,02,Stockholms län,Värmdö 6 Kopparmora
01200107,0120,01,02,Stockholms län,Värmdö 7 Haghulta Kolvik
01200108,0120,01,02,Stockholms län,Värmdö 8 Herrviksnäs m.fl.
01200109,0120,01,02,Stockholms län,Värmdö 9 Torsby
01200301,0120,01,02,Stockholms län,Djurö 1 Vindö
01200302,0120,01,02,Stockholms län,Djurö 2 Björkås Barnvik
01200303,0120,01,02,Stockholms län,Djurö 3 Stavsnäs
01200501,0120,01,02,Stockholms län,Ingarö 1 Lillängsdal Fagerholm
01200502,0120,01,02,Stockholms län,Ingarö 2 Säby Eknäs
01200503,0120,01,02,Stockholms län,Ingarö 3 Ingaröstrand
01200504,0120,01,02,Stockholms län,Ingarö 4 Klacknäset
01200505,0120,01,02,Stockholms län,Ingarö 5 Lämshaga Brunn
01200601,0120,01,02,Stockholms län,Gustavsberg 1 Lugnet
01200602,0120,01,02,Stockholms län,Gustavsberg 2 Tallåsen
01200603,0120,01,02,Stockholms län,Gustavsberg 3 Munkmora
01200604,0120,01,02,Stockholms län,Gustavsberg 4 Höjdhagen m.fl.
01200605,0120,01,02,Stockholms län,Gustavsberg 5 Ösbydalen m.fl.
01200606,0120,01,02,Stockholms län,Gustavsberg 6 Ormingelandet
01200607,0120,01,02,Stockholms län,Gustavsberg 7 Farsta och Hamnområdet
01200608,0120,01,02,Stockholms län,Gustavsberg 8 Mörtnäs
01200609,0120,01,02,Stockholms län,Gustavsberg 9 Mölnvik m.fl.
01200610,0120,01,02,Stockholms län,Gustavsberg 10 Charlottendal m.fl.
01200611,0120,01,02,Stockholms län,Gustavsberg 11 Porslinskvarteren S
01200612,0120,01,02,Stockholms län,Gustavsberg 12 Porslinskvarteren N
01200613,0120,01,02,Stockholms län,Gustavsberg 13 Hästhagen
01230201,0123,01,02,Stockholms län,Norra Barkarby
01230202,0123,01,02,Stockholms län,Södra Barkarby
01230203,0123,01,02,Stockholms län,Skälby Gård Västra
01230204,0123,01,02,Stockholms län,Orgona
01230205,0123,01,02,Stockholms län,Neptuni
01230206,0123,01,02,Stockholms län,Skälby Gård Östra
01230207,0123,01,02,Stockholms län,Barkarbystaden
01230208,0123,01,02,Stockholms län,Kalvshälla
01230209,0123,01,02,Stockholms län,Karlslund
01230210,0123,01,02,Stockholms län,Dragonbacken
01230211,0123,01,02,Stockholms län,Ålsta
01230212,0123,01,02,Stockholms län,Kyrkbyn
01230213,0123,01,02,Stockholms län,Västra Barkarbystaden
01230306,0123,01,02,Stockholms län,Fjällen
01230307,0123,01,02,Stockholms län,Sandvik
01230308,0123,01,02,Stockholms län,Hummelmora
01230309,0123,01,02,Stockholms län,Centrala Viksjö Södra
01230310,0123,01,02,Stockholms län,Lund
01230311,0123,01,02,Stockholms län,Fastebol
01230312,0123,01,02,Stockholms län,Centrala Viksjö Norra
01230313,0123,01,02,Stockholms län,Högby
01230413,0123,01,02,Stockholms län,Tallbohov
01230414,0123,01,02,Stockholms län,Olovslund
01230415,0123,01,02,Stockholms län,Norra Vibblaby
01230416,0123,01,02,Stockholms län,Västerby
01230417,0123,01,02,Stockholms län,Grönvreten
01230418,0123,01,02,Stockholms län,Snapphanen
01230419,0123,01,02,Stockholms län,Norra Nyberg
01230420,0123,01,02,Stockholms län,Hammaren
01230421,0123,01,02,Stockholms län,Dackevägen
01230422,0123,01,02,Stockholms län,Centrala Jakobsberg
01230423,0123,01,02,Stockholms län,Södra Aspnäs
01230424,0123,01,02,Stockholms län,Ekedal
01230425,0123,01,02,Stockholms län,Norra Aspnäs
01230426,0123,01,02,Stockholms län,Vattmyra
01230427,0123,01,02,Stockholms län,Berghem/Polhem
01230428,0123,01,02,Stockholms län,Södra Vibblaby
01230429,0123,01,02,Stockholms län,Södra Nyberg
01230430,0123,01,02,Stockholms län,Riddarparken
01230528,0123,01,02,Stockholms län,Lädersättra
01230529,0123,01,02,Stockholms län,Centrala Kallhäll
01230530,0123,01,02,Stockholms län,Emaljvägen/Kopparvägen
01230531,0123,01,02,Stockholms län,Ulvsättra/Skogstorp
01230532,0123,01,02,Stockholms län,Kolarängen/Villastaden
01230533,0123,01,02,Stockholms län,Stäket
01230534,0123,01,02,Stockholms län,Bolinder strand
01230535,0123,01,02,Stockholms län,Lilla Ulvsättra
01250101,0125,01,02,Stockholms län,Munsö
01250201,0125,01,02,Stockholms län,Adelsö
01250301,0125,01,02,Stockholms län,Ekerö 1 Ekebyhov-Gällstaö
01250302,0125,01,02,Stockholms län,Ekerö 2 Ekebyhov Västra
01250303,0125,01,02,Stockholms län,Ekerö 3 Ekerö-Väsby
01250304,0125,01,02,Stockholms län,Ekerö 4 Träkvista-Skärvik
01250305,0125,01,02,Stockholms län,Ekerö 5 Närlunda
01250306,0125,01,02,Stockholms län,Ekerö 6 Älvnäs
01250307,0125,01,02,Stockholms län,Ekerö 7 Sundby Helgö
01250308,0125,01,02,Stockholms län,Ekerö 8 Ekerö centrum
01250309,0125,01,02,Stockholms län,Ekerö 9 Träkvista
01250310,0125,01,02,Stockholms län,Ekerö 10 Sandudden
01250401,0125,01,02,Stockholms län,Lovö
01250901,0125,01,02,Stockholms län,Färingsö 1 Färingsö Norra
01250902,0125,01,02,Stockholms län,Färingsö 2 Färentuna Hilleshög
01250903,0125,01,02,Stockholms län,Färingsö 3 Svartsjö Sånga
01250904,0125,01,02,Stockholms län,Färingsö 4 Stenhamra Södra
01250905,0125,01,02,Stockholms län,Färingsö 5 Stenhamra Norra
01250906,0125,01,02,Stockholms län,Färingsö 6 Skå
01260103,0126,01,02,Stockholms län,Fridhem
01260105,0126,01,02,Stockholms län,Vistaberg
01260106,0126,01,02,Stockholms län,Stuvsta centrum
01260107,0126,01,02,Stockholms län,Myrängen-Högmora
01260108,0126,01,02,Stockholms län,Stuvsta gård
01260109,0126,01,02,Stockholms län,Kynäs
01260110,0126,01,02,Stockholms län,Kvarnbergsplan
01260116,0126,01,02,Stockholms län,Sörskogen
01260117,0126,01,02,Stockholms län,Balingsnäs
01260119,0126,01,02,Stockholms län,Segersminne
01260120,0126,01,02,Stockholms län,Stensängen
01260122,0126,01,02,Stockholms län,Gladökvarn-Lissma-Ådran
01260123,0126,01,02,Stockholms län,Vårdkasen-Rosenhill
01260124,0126,01,02,Stockholms län,Skogsäng
01260125,0126,01,02,Stockholms län,Milsten
01260126,0126,01,02,Stockholms län,Källbrink
01260127,0126,01,02,Stockholms län,Tomtberga norra
01260128,0126,01,02,Stockholms län,Tomtberga södra
01260129,0126,01,02,Stockholms län,Storängen
01260130,0126,01,02,Stockholms län,Huddinge centrum
01260131,0126,01,02,Stockholms län,Hörningsnäs
01260132,0126,01,02,Stockholms län,Paradisbacken
01260133,0126,01,02,Stockholms län,Solgård
01260134,0126,01,02,Stockholms län,Fullersta gård
01260135,0126,01,02,Stockholms län,Fullersta torg
01260136,0126,01,02,Stockholms län,Snättringe gård
01260201,0126,01,02,Stockholms län,Vidja-Mellansjö-Svartvik
01260202,0126,01,02,Stockholms län,Hammartorp
01260203,0126,01,02,Stockholms län,Trångsund centrum
01260204,0126,01,02,Stockholms län,Stortorp
01260205,0126,01,02,Stockholms län,Västra Skogås norra
01260206,0126,01,02,Stockholms län,Västra Skogås centrum
01260207,0126,01,02,Stockholms län,Västra Skogås västra
01260208,0126,01,02,Stockholms län,Västra Skogås södra
01260209,0126,01,02,Stockholms län,Östra Skogås centrala
01260210,0126,01,02,Stockholms län,Östra Skogås norra
01260211,0126,01,02,Stockholms län,Östra Skogås södra
01260212,0126,01,02,Stockholms län,Fållan-Nytorp
01260213,0126,01,02,Stockholms län,Sjöängen
01260214,0126,01,02,Stockholms län,Länna
01260301,0126,01,02,Stockholms län,Smista östra
01260302,0126,01,02,Stockholms län,Segeltorp centrum
01260303,0126,01,02,Stockholms län,Kråkvik-Kungens kurva
01260304,0126,01,02,Stockholms län,Vårby gård östra
01260305,0126,01,02,Stockholms län,Vårby gård centrum
01260306,0126,01,02,Stockholms län,Vårby gård
01260307,0126,01,02,Stockholms län,Haga
01260308,0126,01,02,Stockholms län,Myrstuguberget
01260309,0126,01,02,Stockholms län,Utsälje centrala
01260310,0126,01,02,Stockholms län,Utsälje
01260311,0126,01,02,Stockholms län,Juringe
01260312,0126,01,02,Stockholms län,Smista västra
01260313,0126,01,02,Stockholms län,Vårby gård västra
01260402,0126,01,02,Stockholms län,Grantorp norra
01260403,0126,01,02,Stockholms län,Grantorp östra
01260404,0126,01,02,Stockholms län,Flemingsberg norra
01260405,0126,01,02,Stockholms län,Visättra östra
01260406,0126,01,02,Stockholms län,Visättra västra
01260407,0126,01,02,Stockholms län,Visättra
01260408,0126,01,02,Stockholms län,Kästa
01260409,0126,01,02,Stockholms län,Flemingsberg södra
01260410,0126,01,02,Stockholms län,Visättra-Björnkulla
01260411,0126,01,02,Stockholms län,Glömsta södra
01260412,0126,01,02,Stockholms län,Glömsta norra
01270001,0127,01,02,Stockholms län,N Lanthem
01270002,0127,01,02,Stockholms län,Tullinge C
01270003,0127,01,02,Stockholms län,Ö Tullingeberg
01270004,0127,01,02,Stockholms län,Tullinge Parkhem
01270005,0127,01,02,Stockholms län,G:a Tullingeberg
01270006,0127,01,02,Stockholms län,Tullinge Gård
01270007,0127,01,02,Stockholms län,Banslätt/Römossen
01270008,0127,01,02,Stockholms län,Tullingeskog
01270009,0127,01,02,Stockholms län,Riksten N
01270010,0127,01,02,Stockholms län,S Lanthem
01270011,0127,01,02,Stockholms län,Tullinge Villastad N
01270012,0127,01,02,Stockholms län,Tullinge Villastad S
01270013,0127,01,02,Stockholms län,Riksten S
01270020,0127,01,02,Stockholms län,Segersjö
01270021,0127,01,02,Stockholms län,Kvarnsjön
01270022,0127,01,02,Stockholms län,Tumba C
01270023,0127,01,02,Stockholms län,Broängen
01270024,0127,01,02,Stockholms län,Uttran
01270025,0127,01,02,Stockholms län,Kassmyra
01270026,0127,01,02,Stockholms län,Skäcklinge
01270028,0127,01,02,Stockholms län,Storvreten V
01270029,0127,01,02,Stockholms län,Storvreten S
01270030,0127,01,02,Stockholms län,Storvreten Ö
01270031,0127,01,02,Stockholms län,Vretarna/Tumba bruk
01270032,0127,01,02,Stockholms län,Tuna
01270033,0127,01,02,Stockholms län,Nackdala/Solhöjden
01270034,0127,01,02,Stockholms län,Kulturen Tumba Park
01270035,0127,01,02,Stockholms län,Vårsta C/Bremora
01270036,0127,01,02,Stockholms län,Grödinge Landsbygd
01270037,0127,01,02,Stockholms län,Vårsta/Malmtorp/Slättmalm
01270041,0127,01,02,Stockholms län,Albydalen V Småhus S
01270042,0127,01,02,Stockholms län,Albydalen C/Rotemannen
01270043,0127,01,02,Stockholms län,Alby småhus Ö/Albygård
01270044,0127,01,02,Stockholms län,Albyberget V/Tingstorget
01270046,0127,01,02,Stockholms län,Albyberget Ö/Albygård
01270047,0127,01,02,Stockholms län,Albydalen Ö
01270051,0127,01,02,Stockholms län,Fittja småhusområde
01270052,0127,01,02,Stockholms län,Fittja Krögarvägen
01270053,0127,01,02,Stockholms län,Fittja Forvägen
01270054,0127,01,02,Stockholms län,Fittja Värdshusvägen
01270055,0127,01,02,Stockholms län,Slagsta strand
01270061,0127,01,02,Stockholms län,Slagsta N
01270062,0127,01,02,Stockholms län,Slagsta S
01270063,0127,01,02,Stockholms län,Hallunda/Brunna
01270064,0127,01,02,Stockholms län,Hallunda C
01270065,0127,01,02,Stockholms län,Hallunda/Norsborg låghus
01270066,0127,01,02,Stockholms län,Norsborg småhusområde
01270067,0127,01,02,Stockholms län,Norsborg Ö
01270068,0127,01,02,Stockholms län,Norsborg C
01270069,0127,01,02,Stockholms län,Norsborg V
01270070,0127,01,02,Stockholms län,Eriksberg Ö
01270071,0127,01,02,Stockholms län,Eriksberg V/G:a Norsborg
01280101,0128,01,02,Stockholms län,1 Rönninge norra
01280102,0128,01,02,Stockholms län,2 Rönninge sydöstra
01280103,0128,01,02,Stockholms län,3 Salem västra
01280104,0128,01,02,Stockholms län,4 Salems centrum med omnejd
01280105,0128,01,02,Stockholms län,5 Salem norra
01280106,0128,01,02,Stockholms län,6 Rönninge centrum med omnejd
01280107,0128,01,02,Stockholms län,7 Salem södra
01280108,0128,01,02,Stockholms län,8 Salem östra
01280109,0128,01,02,Stockholms län,9 Rönninge sydvästra
01360101,0136,01,02,Stockholms län,Haninge 1 Gudö m.fl.
01360102,0136,01,02,Stockholms län,Haninge 2 Vendelsö-Norrby m.m
01360103,0136,01,02,Stockholms län,Haninge 3 Söderby
01360104,0136,01,02,Stockholms län,Haninge 4 Vega-Söderhagen
01360105,0136,01,02,Stockholms län,Haninge 5 Sågen-Lyckebyn m.fl.
01360106,0136,01,02,Stockholms län,Haninge 6 Källtorp
01360107,0136,01,02,Stockholms län,Haninge 7 Vendelsömalm N
01360108,0136,01,02,Stockholms län,Haninge 8 Vendelsömalm-Ramsdalen
01360109,0136,01,02,Stockholms län,Haninge 9 Svartbäcken m.fl
01360110,0136,01,02,Stockholms län,Haninge 10 Vendelsömalm
01360111,0136,01,02,Stockholms län,Haninge 11 Kolartorp-Hermanstorp m.m
01360112,0136,01,02,Stockholms län,Haninge 12 Vendelsömalm S m.fl.
01360113,0136,01,02,Stockholms län,Haninge 13 Brandbergen NÖ
01360114,0136,01,02,Stockholms län,Haninge 14 Brandbergen SÖ
01360115,0136,01,02,Stockholms län,Haninge 15 Vendelsö
01360116,0136,01,02,Stockholms län,Haninge 16 Brandbergen V
01360117,0136,01,02,Stockholms län,Haninge 17 Brandbergen N
01360118,0136,01,02,Stockholms län,Haninge 18 Brandbergen S
01360119,0136,01,02,Stockholms län,Haninge 19 Handen N
01360120,0136,01,02,Stockholms län,Haninge 20 Handen C
01360121,0136,01,02,Stockholms län,Haninge 21 Söderbymalm
01360123,0136,01,02,Stockholms län,Haninge 23 Poseidon
01360124,0136,01,02,Stockholms län,Haninge 24 Kvarntorp S
01360125,0136,01,02,Stockholms län,Haninge 25 Parkvägsområdet
01360126,0136,01,02,Stockholms län,Haninge 22 Vega S
01360131,0136,01,02,Stockholms län,Haninge 31 Jordbro NÖ
01360132,0136,01,02,Stockholms län,Haninge 32 Jordbro V
01360133,0136,01,02,Stockholms län,Haninge 33 Jordbro SV
01360134,0136,01,02,Stockholms län,Haninge 34 Jordbro SÖ
01360140,0136,01,02,Stockholms län,Haninge 40 Krogtäppan och Sommarbo
01360144,0136,01,02,Stockholms län,Haninge 44 Handen Central N
01360145,0136,01,02,Stockholms län,Haninge 45 Vallaområdet V
01360146,0136,01,02,Stockholms län,Haninge 46 Vallaområdet Ö
01360147,0136,01,02,Stockholms län,Haninge 47 Slätmossen m. fl.
01360148,0136,01,02,Stockholms län,Haninge 48 Jordbro N-Dåntorp-Öran
01360162,0136,01,02,Stockholms län,Haninge 62 Vendelsö-Dalen m.m
01360163,0136,01,02,Stockholms län,Haninge 63 Vega N
01360164,0136,01,02,Stockholms län,Haninge 64 Kvarntorp N
01360165,0136,01,02,Stockholms län,Haninge 65 Handen Central S
01360166,0136,01,02,Stockholms län,Haninge 66 Kolartorp-Rudan m.m
01360537,0136,01,02,Stockholms län,Haninge 37 Dalarö
01360649,0136,01,02,Stockholms län,Haninge 49 Hammarängen-Hammarskogen
01360650,0136,01,02,Stockholms län,Haninge 50 Tungelsta
01360651,0136,01,02,Stockholms län,Haninge 51 Jägartorp-Sågen m.fl.
01360652,0136,01,02,Stockholms län,Haninge 52 Skogs-Ekeby m.fl.
01360653,0136,01,02,Stockholms län,Haninge 53 Åbylund m.fl.
01360654,0136,01,02,Stockholms län,Haninge 54 Åby
01360655,0136,01,02,Stockholms län,Haninge 55 Västerhaninge
01360656,0136,01,02,Stockholms län,Haninge 56 Ribby-Öhaninge kyrkby m.m
01360657,0136,01,02,Stockholms län,Haninge 57 Ribbyberg m.fl.
01360658,0136,01,02,Stockholms län,Haninge 58 Västerhaninge SÖ-Skärgård
01360659,0136,01,02,Stockholms län,Haninge 59 Tungelsta-Utlida-Häringe
01360660,0136,01,02,Stockholms län,Haninge 61 Västerhaninge Ö
01360760,0136,01,02,Stockholms län,Haninge 60 Muskö
01380101,0138,01,02,Stockholms län,1 Björkbacken
01380102,0138,01,02,Stockholms län,2 Siken
01380103,0138,01,02,Stockholms län,3 Myggdalen
01380104,0138,01,02,Stockholms län,4 Nyboda
01380105,0138,01,02,Stockholms län,5 Fårdala
01380106,0138,01,02,Stockholms län,6 Krusboda N
01380107,0138,01,02,Stockholms län,7 Krusboda S
01380108,0138,01,02,Stockholms län,8 Öringe
01380109,0138,01,02,Stockholms län,9 Rotvik
01380110,0138,01,02,Stockholms län,10 Tyresö Strand
01380111,0138,01,02,Stockholms län,11 Tyresö Strand Centrum
01380112,0138,01,02,Stockholms län,12 Gimmersta - Nytorp - Raksta
01380113,0138,01,02,Stockholms län,13 Brevikshalvön
01380121,0138,01,02,Stockholms län,21 Fornudden
01380122,0138,01,02,Stockholms län,22 Sofieberg
01380123,0138,01,02,Stockholms län,23 Trollbäcken V
01380124,0138,01,02,Stockholms län,24 Skälsätra
01380125,0138,01,02,Stockholms län,25 Trollbäcken Ö
01380126,0138,01,02,Stockholms län,26 Hanviken
01380127,0138,01,02,Stockholms län,27 Lindalen
01380128,0138,01,02,Stockholms län,28 Bollmoraberg V
01380129,0138,01,02,Stockholms län,29 Granängsringen
01380130,0138,01,02,Stockholms län,30 Farmarstigen V
01380131,0138,01,02,Stockholms län,31 Farmarstigen Ö
01380132,0138,01,02,Stockholms län,32 Masten
01380133,0138,01,02,Stockholms län,33 Bollmoraberg Ö
01390101,0139,01,02,Stockholms län,Härnevi-Skällsta
01390102,0139,01,02,Stockholms län,Råby
01390103,0139,01,02,Stockholms län,Finnsta
01390104,0139,01,02,Stockholms län,Kockbacka-Lejondal
01390105,0139,01,02,Stockholms län,Låssa
01390106,0139,01,02,Stockholms län,Bro södra
01390107,0139,01,02,Stockholms län,Bro norra
01390108,0139,01,02,Stockholms län,Ådö-Rättarboda
01390305,0139,01,02,Stockholms län,Kungsängen södra-Stäksön södra
01390306,0139,01,02,Stockholms län,Sylta östra-Tibblehöjden
01390307,0139,01,02,Stockholms län,Lennartsnäs-Tibble S - Sylta V
01390308,0139,01,02,Stockholms län,Norrboda
01390309,0139,01,02,Stockholms län,Kungsängen norra-Stäksön norra
01390310,0139,01,02,Stockholms län,Brunna norra
01390311,0139,01,02,Stockholms län,Brunna södra
01390312,0139,01,02,Stockholms län,Tibble norra
01390313,0139,01,02,Stockholms län,Korsängen
01390512,0139,01,02,Stockholms län,Håtuna-Håbo-Tibble
01400136,0140,01,02,Stockholms län,Turinge
01400137,0140,01,02,Stockholms län,Gammeltorp-Hökmossen
01400138,0140,01,02,Stockholms län,Stensborg-Brokvarn
01400139,0140,01,02,Stockholms län,Lillhaga-Sandtorp
01400140,0140,01,02,Stockholms län,Nykvarn centrum
01400234,0140,01,02,Stockholms län,Taxinge
01600101,0160,01,02,Stockholms län,1 Täby kyrkby
01600102,0160,01,02,Stockholms län,2 Runborg
01600103,0160,01,02,Stockholms län,3 Byle
01600104,0160,01,02,Stockholms län,4 Midgård
01600105,0160,01,02,Stockholms län,5 Vallatorp södra
01600106,0160,01,02,Stockholms län,6 Vallatorp norra
01600107,0160,01,02,Stockholms län,7 Visinge
01600108,0160,01,02,Stockholms län,8 Erikslund m.fl.
01600109,0160,01,02,Stockholms län,9 Skarpäng norra
01600110,0160,01,02,Stockholms län,10 Ella park
01600111,0160,01,02,Stockholms län,"11 Ensta, Kullagränd"
01600112,0160,01,02,Stockholms län,12 Skarpäng södra
01600113,0160,01,02,Stockholms län,13 Ella gård västra
01600114,0160,01,02,Stockholms län,14 Ella gård norra
01600115,0160,01,02,Stockholms län,15 Roslags-Näsby norra
01600116,0160,01,02,Stockholms län,16 Storstugan
01600117,0160,01,02,Stockholms län,17 Åkerbyvägen
01600118,0160,01,02,Stockholms län,18 Marknadsvägen
01600119,0160,01,02,Stockholms län,19 Täby centrum
01600120,0160,01,02,Stockholms län,20 Näsbydal
01600121,0160,01,02,Stockholms län,21 Grindtorp södra
01600122,0160,01,02,Stockholms län,22 Roslags-Näsby södra
01600223,0160,01,02,Stockholms län,23 Löttingelund
01600224,0160,01,02,Stockholms län,"24 Arninge, Ullna norra"
01600225,0160,01,02,Stockholms län,25 Gribbylund norra
01600226,0160,01,02,Stockholms län,"26 Arninge, Ullna södra"
01600227,0160,01,02,Stockholms län,"27 Gribbylund västra, Myrängen"
01600228,0160,01,02,Stockholms län,28 Gribbylunds centrum
01600229,0160,01,02,Stockholms län,29 Gribbylund södra
01600230,0160,01,02,Stockholms län,30 Grindtorp norra
01600231,0160,01,02,Stockholms län,"31 Täby park, Månstenen, m.fl."
01600232,0160,01,02,Stockholms län,"32 Täby park, Smaragden m.fl."
01600233,0160,01,02,Stockholms län,"33 Täby park, Bergskristallen, m.fl."
01600234,0160,01,02,Stockholms län,34 Viggbyholm västra
01600235,0160,01,02,Stockholms län,35 Viggbyholm norra
01600236,0160,01,02,Stockholms län,36 Hägernäs norra
01600237,0160,01,02,Stockholms län,"37 Lahäll, Näsbygård"
01600238,0160,01,02,Stockholms län,38 Norskogen m.fl.
01600239,0160,01,02,Stockholms län,39 Näsbyparks centrum
01600240,0160,01,02,Stockholms län,40 Näsbypark östra
01600241,0160,01,02,Stockholms län,41 Viggbyholm sydväst
01600242,0160,01,02,Stockholms län,42 Viggbyholm sydöst
01600243,0160,01,02,Stockholms län,43 Hägernäs södra
01600244,0160,01,02,Stockholms län,44 Näsbypark västra
01600245,0160,01,02,Stockholms län,45 Näsby slott
01620101,0162,01,02,Stockholms län,Gamla Enebyberg
01620102,0162,01,02,Stockholms län,Sätra Äng
01620103,0162,01,02,Stockholms län,Klingsta
01620104,0162,01,02,Stockholms län,Kevinge Strand-Charlottenberg
01620105,0162,01,02,Stockholms län,Kevinge-Mörbyskogen
01620106,0162,01,02,Stockholms län,Berga-Rinkeby
01620107,0162,01,02,Stockholms län,Mörby
01620108,0162,01,02,Stockholms län,Nora
01620109,0162,01,02,Stockholms län,Anneberg
01620110,0162,01,02,Stockholms län,Norra Djursholm
01620111,0162,01,02,Stockholms län,Mellersta Djursholm
01620112,0162,01,02,Stockholms län,Djursholms Ekeby
01620113,0162,01,02,Stockholms län,Långängen-Tranholmen
01620114,0162,01,02,Stockholms län,Stocksund
01620115,0162,01,02,Stockholms län,Svalnäs
01620116,0162,01,02,Stockholms län,Södra Djursholm
01620117,0162,01,02,Stockholms län,Djursholms Ösby
01620118,0162,01,02,Stockholms län,Sikreno
01620119,0162,01,02,Stockholms län,Inverness
01620120,0162,01,02,Stockholms län,Västra Enebyberg
01630110,0163,01,02,Stockholms län,10 Mellersta Rotebro
01630111,0163,01,02,Stockholms län,11 Gillbo-Gillberga
01630112,0163,01,02,Stockholms län,12 Södra Rotebro
01630113,0163,01,02,Stockholms län,13 Rotsunda
01630114,0163,01,02,Stockholms län,14 Rotsunda gård
01630115,0163,01,02,Stockholms län,15 Rotsunda strand
01630121,0163,01,02,Stockholms län,21 Södra Viby
01630122,0163,01,02,Stockholms län,22 Norra Viby
01630123,0163,01,02,Stockholms län,23 Östra Viby
01630131,0163,01,02,Stockholms län,31 Norra Norrviken
01630132,0163,01,02,Stockholms län,32 Södra Norrviken
01630140,0163,01,02,Stockholms län,40 Norra Väsjön
01630141,0163,01,02,Stockholms län,41 Södra Väsjön
01630142,0163,01,02,Stockholms län,42 Edsängen-Solängen
01630143,0163,01,02,Stockholms län,43 Tunberget
01630151,0163,01,02,Stockholms län,51 Östra Häggvik
01630152,0163,01,02,Stockholms län,52 Västra Häggvik
01630153,0163,01,02,Stockholms län,53 Skälby-Edsbacka
01630154,0163,01,02,Stockholms län,54 Nytorp
01630155,0163,01,02,Stockholms län,55 Södra Häggvik-Ängstorp
01630156,0163,01,02,Stockholms län,56 Hersby-Skansen
01630157,0163,01,02,Stockholms län,57 Sollentuna centrum
01630160,0163,01,02,Stockholms län,60 Östra Edsberg
01630161,0163,01,02,Stockholms län,61 Edsbergs centrum
01630162,0163,01,02,Stockholms län,62 Västra Edsberg
01630164,0163,01,02,Stockholms län,64 Norra Landsnora
01630165,0163,01,02,Stockholms län,65 Edsbacka-Edsängen
01630170,0163,01,02,Stockholms län,70 Södra Töjnan
01630171,0163,01,02,Stockholms län,71 Norra Töjnan
01630172,0163,01,02,Stockholms län,72 Knista
01630173,0163,01,02,Stockholms län,73 Östra Bagarby
01630174,0163,01,02,Stockholms län,74 Västra Bagarby
01630175,0163,01,02,Stockholms län,75 Fågelsången
01630178,0163,01,02,Stockholms län,78 Norra Bagarby
01630179,0163,01,02,Stockholms län,79 Mellersta Bagarby
01630180,0163,01,02,Stockholms län,80 Södra Landsnora Falkberget
01630181,0163,01,02,Stockholms län,81 Västra Sjöberg
01630182,0163,01,02,Stockholms län,82 Östra Sjöberg
01630183,0163,01,02,Stockholms län,83 Kärrdal
01630190,0163,01,02,Stockholms län,90 Tegelhagen
01630191,0163,01,02,Stockholms län,91 Eriksberg
01630192,0163,01,02,Stockholms län,92 Helenelunds centrum
01630193,0163,01,02,Stockholms län,93 Norra Silverdal
01630194,0163,01,02,Stockholms län,94 Edsviken
01630195,0163,01,02,Stockholms län,95 Södra Silverdal
01630196,0163,01,02,Stockholms län,96 Kummelby
01800101,0180,01,01,Stockholms kommun,Domkyrko 1 Gamla stan inre
01800102,0180,01,01,Stockholms kommun,Domkyrko 2 Gamla stan yttre
01800103,0180,01,01,Stockholms kommun,Domkyrko 3 Norrmalm nedre
01800401,0180,01,01,Stockholms kommun,Johannes 1 Johannes S
01800402,0180,01,01,Stockholms kommun,Johannes 2 Vanadislunden SÖ
01800403,0180,01,01,Stockholms kommun,Johannes 3 Norrmalm N
01800404,0180,01,01,Stockholms kommun,Johannes 4 Vanadislunden SV
01800405,0180,01,01,Stockholms kommun,Johannes 5 Monica Zetterlunds Park
01800406,0180,01,01,Stockholms kommun,Johannes 6 Vanadislunden Ö
01800407,0180,01,01,Stockholms kommun,Johannes 7 Vanadislunden N
01800408,0180,01,01,Stockholms kommun,Johannes 8 Karl Staafs Park
01800501,0180,01,01,Stockholms kommun,Adolf Fredrik 1 Tegnérlunden V
01800502,0180,01,01,Stockholms kommun,Adolf Fredrik 2 Rådmansgatan mfl
01800503,0180,01,01,Stockholms kommun,Adolf Fredrik 3 Kv Grönlandet mfl
01800504,0180,01,01,Stockholms kommun,Adolf Fredrik 4 Norra Bantorget
01800505,0180,01,01,Stockholms kommun,Adolf Fredrik 5 Spökparken
01800506,0180,01,01,Stockholms kommun,Adolf Fredrik 6 Tegnérlunden S
01800601,0180,01,01,Stockholms kommun,Gustav Vasa 1 Sabbatsberg
01800602,0180,01,01,Stockholms kommun,Gustav Vasa 2 Luntmakarg. N mfl
01800603,0180,01,01,Stockholms kommun,Gustav Vasa 3 Kv Riddarsporren mfl
01800604,0180,01,01,Stockholms kommun,Gustav Vasa 4 Observatorielunden
01800605,0180,01,01,Stockholms kommun,Gustav Vasa 5 Odenplan V
01800606,0180,01,01,Stockholms kommun,Gustav Vasa 6 Atlasområdet
01800607,0180,01,01,Stockholms kommun,Gustav Vasa 7 A. Lindgrens terrass
01800608,0180,01,01,Stockholms kommun,Gustav Vasa 8 Kv Nejlikan mfl
01800609,0180,01,01,Stockholms kommun,Gustav Vasa 9 Odenplan NV
01800701,0180,01,01,Stockholms kommun,Matteus 1 Vanadislunden V
01800702,0180,01,01,Stockholms kommun,Matteus 2 Enkehusparken
01800703,0180,01,01,Stockholms kommun,Matteus 3 Vanadisplan SÖ
01800704,0180,01,01,Stockholms kommun,Matteus 4 Kv Sleipner-Midgård
01800705,0180,01,01,Stockholms kommun,Matteus 5 S:t Eriksparken
01800706,0180,01,01,Stockholms kommun,Matteus 6 Norra station V
01800707,0180,01,01,Stockholms kommun,Matteus 7 Röda bergen Ö
01800708,0180,01,01,Stockholms kommun,Matteus 8 Röda bergen V
01800709,0180,01,01,Stockholms kommun,Matteus 9 Gästrikegatan mfl
01800710,0180,01,01,Stockholms kommun,Matteus 10 Hälsingehöjden
01800711,0180,01,01,Stockholms kommun,Matteus 11 S:t Eriksplan
01800712,0180,01,01,Stockholms kommun,Matteus 12 Birkastan Ö
01800713,0180,01,01,Stockholms kommun,Matteus 13 Rörstrand
01800714,0180,01,01,Stockholms kommun,Matteus 14 Birkastan S
01800715,0180,01,01,Stockholms kommun,Matteus 15 Karlberg
01800716,0180,01,01,Stockholms kommun,Matteus 16 Birkastan V
01800717,0180,01,01,Stockholms kommun,Matteus 17 Norrbackatäppan
01800718,0180,01,01,Stockholms kommun,Matteus 18 Norrtull
01800719,0180,01,01,Stockholms kommun,Matteus 19 Gävlegatan mfl
01800720,0180,01,01,Stockholms kommun,Matteus 20 Torsplan
01800721,0180,01,01,Stockholms kommun,Matteus 21 Norra station N
01800901,0180,01,01,Stockholms kommun,Engelbrekt 1 Humlegården
01800902,0180,01,01,Stockholms kommun,Engelbrekt 2 Engelbrektsgatan mfl
01800903,0180,01,01,Stockholms kommun,Engelbrekt 3 Östra station
01800904,0180,01,01,Stockholms kommun,Engelbrekt 4 Villastaden
01800905,0180,01,01,Stockholms kommun,Engelbrekt 5 Eriksberg
01800906,0180,01,01,Stockholms kommun,Engelbrekt 6 Lärkstan
01800907,0180,01,01,Stockholms kommun,Engelbrekt 7 Kv Trasten mfl
01800908,0180,01,01,Stockholms kommun,Engelbrekt 8 Roslagstull
01800909,0180,01,01,Stockholms kommun,Engelbrekt 9 Hjorthagen C
01800910,0180,01,01,Stockholms kommun,Engelbrekt 10 Hjorthagen V-Värtahamn
01800911,0180,01,01,Stockholms kommun,Engelbrekt 11 Lappkärrsberget V
01800912,0180,01,01,Stockholms kommun,Engelbrekt 12 Ekhagen-Frescati
01800913,0180,01,01,Stockholms kommun,Engelbrekt 13 Kv Beckasinen mfl
01800914,0180,01,01,Stockholms kommun,Engelbrekt 14 Husarviken
01800915,0180,01,01,Stockholms kommun,Engelbrekt 15 Storängstorget
01800916,0180,01,01,Stockholms kommun,Engelbrekt 16 Stålklockan
01800917,0180,01,01,Stockholms kommun,Engelbrekt 17 Körsbärsvägen mfl
01800918,0180,01,01,Stockholms kommun,Engelbrekt 18 Gasklockorna
01800919,0180,01,01,Stockholms kommun,Engelbrekt 19 Lappkärrsberget Ö
01801001,0180,01,01,Stockholms kommun,Hedvig Eleonora 1 Kv Rådjuret mfl
01801002,0180,01,01,Stockholms kommun,Hedvig Eleonora 2 Kv Bävern mfl
01801003,0180,01,01,Stockholms kommun,Hedvig Eleonora 3 Kv Ynglingen mfl
01801004,0180,01,01,Stockholms kommun,Hedvig Eleonora 4 Nybergsgatan mfl
01801005,0180,01,01,Stockholms kommun,Hedvig Eleonora 5 Östermalmstorg
01801006,0180,01,01,Stockholms kommun,Hedvig Eleonora 6 Nybroplan
01801007,0180,01,01,Stockholms kommun,Hedvig Eleonora 7 Tyskbagarområdet
01801008,0180,01,01,Stockholms kommun,Hedvig Eleonora 8 Kv Guldfisken mfl
01801101,0180,01,01,Stockholms kommun,Oscar 1 Djurgården
01801102,0180,01,01,Stockholms kommun,Oscar 2 Garnisionen-Diplomatstaden
01801103,0180,01,01,Stockholms kommun,Oscar 3 Strandvägen mellersta mfl
01801104,0180,01,01,Stockholms kommun,Oscar 4 Storgatan-Grevgatan mfl
01801105,0180,01,01,Stockholms kommun,Oscar 5 Strandvägen Ö mfl
01801106,0180,01,01,Stockholms kommun,Oscar 6 Karlaplan S
01801107,0180,01,01,Stockholms kommun,Oscar 7 Karlaplan V
01801108,0180,01,01,Stockholms kommun,Oscar 8 Fältöversten mfl
01801109,0180,01,01,Stockholms kommun,Oscar 9 Gustav Adolfsparken
01801110,0180,01,01,Stockholms kommun,Oscar 10 Karlaplan N
01801111,0180,01,01,Stockholms kommun,Oscar 11 Starrängsringen S
01801112,0180,01,01,Stockholms kommun,Oscar 12 Tessinparken V
01801113,0180,01,01,Stockholms kommun,Oscar 13 Olaus Petris park mfl
01801114,0180,01,01,Stockholms kommun,Oscar 14 Tessinparken S
01801115,0180,01,01,Stockholms kommun,Oscar 15 Tessinparken N
01801116,0180,01,01,Stockholms kommun,Oscar 16 Rindögatan mfl
01801117,0180,01,01,Stockholms kommun,Oscar 17 Starrängsringen N
01801118,0180,01,01,Stockholms kommun,Oscar 18 Studentbacken mfl
01801119,0180,01,01,Stockholms kommun,Oscar 19 Sandhamnsgatan N mfl
01801120,0180,01,01,Stockholms kommun,Oscar 20 Smedsbacken
01801121,0180,01,01,Stockholms kommun,Oscar 21 Ladugårdsgärdet
01801122,0180,01,01,Stockholms kommun,Oscar 22 Kampementsbacken mfl
01801123,0180,01,01,Stockholms kommun,Oscar 23 Tessinparken Ö
01801124,0180,01,01,Stockholms kommun,Oscar 24 Wittstocksgatan mfl
01801125,0180,01,01,Stockholms kommun,Oscar 25 Öregrundsgatan mfl
01801126,0180,01,01,Stockholms kommun,Oscar 26 Skeppargatan N mfl
01801301,0180,01,01,Stockholms kommun,Maria 1 Ivar Lo:s park mfl
01801302,0180,01,01,Stockholms kommun,Maria 2 Mariaberget V
01801303,0180,01,01,Stockholms kommun,Maria 3 Mariatorget V
01801304,0180,01,01,Stockholms kommun,Maria 4 Bergsgruvan
01801305,0180,01,01,Stockholms kommun,Maria 5 Mariatorget S
01801306,0180,01,01,Stockholms kommun,Maria 6 Mariatorget C
01801307,0180,01,01,Stockholms kommun,Maria 7 Skaraborgsgatan mfl
01801308,0180,01,01,Stockholms kommun,Maria 8 Södra station N
01801309,0180,01,01,Stockholms kommun,Maria 9 Södra station S
01801310,0180,01,01,Stockholms kommun,Maria 10 Södra station Ö
01801311,0180,01,01,Stockholms kommun,Maria 11 Södra station V
01801312,0180,01,01,Stockholms kommun,Maria 12 Fredmansgatan mfl
01801313,0180,01,01,Stockholms kommun,Maria 13 Mariaberget Ö
01801401,0180,01,01,Stockholms kommun,Högalid 1 Reimersholme N-Långholmen
01801402,0180,01,01,Stockholms kommun,Högalid 2 Reimersholme S
01801403,0180,01,01,Stockholms kommun,Högalid 3 Pålsundsparken
01801404,0180,01,01,Stockholms kommun,Högalid 4 Högalidsgatan Ö mfl
01801405,0180,01,01,Stockholms kommun,Högalid 5 Bergsund S
01801406,0180,01,01,Stockholms kommun,Högalid 6 Tobakspinnargatan mfl
01801407,0180,01,01,Stockholms kommun,Högalid 7 Hornstull
01801408,0180,01,01,Stockholms kommun,Högalid 8 Bergsund N
01801409,0180,01,01,Stockholms kommun,Högalid 9 Högalidsparken
01801410,0180,01,01,Stockholms kommun,Högalid 10 Drakenberg
01801411,0180,01,01,Stockholms kommun,Högalid 11 Zinkensdamm N
01801412,0180,01,01,Stockholms kommun,Högalid 12 Skinnarviksparken
01801413,0180,01,01,Stockholms kommun,Högalid 13 Zinkensdamm Ö
01801414,0180,01,01,Stockholms kommun,Högalid 14 Zinkensdamm V
01801415,0180,01,01,Stockholms kommun,Högalid 15 Rackarbergen
01801416,0180,01,01,Stockholms kommun,Högalid 16 Kv Svärdet-Skottet
01801417,0180,01,01,Stockholms kommun,Högalid 17 Zinkensdamms IP
01801418,0180,01,01,Stockholms kommun,Högalid 18 Lundagatan S mfl
01801419,0180,01,01,Stockholms kommun,Högalid 19 Heleneborg
01801420,0180,01,01,Stockholms kommun,Högalid 20 Folkskolegatan mfl
01801421,0180,01,01,Stockholms kommun,Högalid 21 Tanto
01801422,0180,01,01,Stockholms kommun,Högalid 22 Tobaksmonopolet
01801501,0180,01,01,Stockholms kommun,Katarina 1 Björns Trädgård
01801502,0180,01,01,Stockholms kommun,Katarina 2 Mosebacke
01801503,0180,01,01,Stockholms kommun,Katarina 3 Katarina N
01801504,0180,01,01,Stockholms kommun,Katarina 4 Axel Landquists park
01801505,0180,01,01,Stockholms kommun,Katarina 5 Bondegatan V mfl
01801506,0180,01,01,Stockholms kommun,Katarina 6 Nytorgsg-Bondeg mfl
01801507,0180,01,01,Stockholms kommun,Katarina 7 Kv Linjalen mfl
01801508,0180,01,01,Stockholms kommun,Katarina 8 Medborgarplatsen-Skrapan
01801509,0180,01,01,Stockholms kommun,Katarina 9 Helgalunden
01801510,0180,01,01,Stockholms kommun,Katarina 10 Kv Ingenjören-Ritaren
01801511,0180,01,01,Stockholms kommun,Katarina 11 Hallandsgatan mfl
01801512,0180,01,01,Stockholms kommun,Katarina 12 Eriksdal Ö
01801513,0180,01,01,Stockholms kommun,Katarina 13 Rosenlund
01801514,0180,01,01,Stockholms kommun,Katarina 14 Bjurholmsplan mfl
01801515,0180,01,01,Stockholms kommun,Katarina 15 Ölandsgatan mfl
01801516,0180,01,01,Stockholms kommun,Katarina 16 Blekingegatan Ö mfl
01801517,0180,01,01,Stockholms kommun,Katarina 17 Gotlandsgatan Ö mfl
01801518,0180,01,01,Stockholms kommun,Katarina 18 Nytorget
01801519,0180,01,01,Stockholms kommun,Katarina 19 Nackas hörna
01801520,0180,01,01,Stockholms kommun,Katarina 20 Ringen
01801521,0180,01,01,Stockholms kommun,Katarina 21 Fatburen S
01801701,0180,01,01,Stockholms kommun,Sofia 1 Mandelparken
01801702,0180,01,01,Stockholms kommun,Sofia 2 Åsöberget
01801703,0180,01,01,Stockholms kommun,Sofia 3 Vita berget
01801704,0180,01,01,Stockholms kommun,Sofia 4 Stigbergsparken
01801705,0180,01,01,Stockholms kommun,Sofia 5 Sågargatan mfl
01801706,0180,01,01,Stockholms kommun,Sofia 6 Luma
01801707,0180,01,01,Stockholms kommun,Sofia 7 Kv Vitbetan
01801708,0180,01,01,Stockholms kommun,Sofia 8 Hammarby Allé Ö
01801709,0180,01,01,Stockholms kommun,Sofia 9 Skanstull
01801710,0180,01,01,Stockholms kommun,Sofia 10 Vintertullen
01801711,0180,01,01,Stockholms kommun,Sofia 11 Barnängen N
01801712,0180,01,01,Stockholms kommun,Sofia 12 Danviksklippan mfl
01801713,0180,01,01,Stockholms kommun,Sofia 13 Sickla udde
01801714,0180,01,01,Stockholms kommun,Sofia 14 Sickla kanal
01801715,0180,01,01,Stockholms kommun,Sofia 15 Mårtensdal
01801716,0180,01,01,Stockholms kommun,Sofia 16 Sickla Park
01801717,0180,01,01,Stockholms kommun,Sofia 17 Lugnet
01801718,0180,01,01,Stockholms kommun,Sofia 18 Rutger Fuchsgatan mfl
01801719,0180,01,01,Stockholms kommun,Sofia 19 Blecktornsområdet
01801720,0180,01,01,Stockholms kommun,Sofia 20 Klippgatan mfl
01801721,0180,01,01,Stockholms kommun,Sofia 21 Lumabryggan
01801722,0180,01,01,Stockholms kommun,Sofia 22 Hammarbyterrassen
01801723,0180,01,01,Stockholms kommun,Sofia 23 Henriksdalshamnen
01801724,0180,01,01,Stockholms kommun,Sofia 24 Virkesvägen mfl
01801725,0180,01,01,Stockholms kommun,Sofia 25 Barnängen mellersta
01801726,0180,01,01,Stockholms kommun,Sofia 26 Barnängen S
01801801,0180,01,01,Stockholms kommun,Kungsholm 1 Ture Nermans gränd mfl
01801802,0180,01,01,Stockholms kommun,Kungsholm 2 Pontonjärparken
01801803,0180,01,01,Stockholms kommun,Kungsholm 3 Celsiusgatan mfl
01801804,0180,01,01,Stockholms kommun,Kungsholm 4 S:t Eriksområdet
01801805,0180,01,01,Stockholms kommun,Kungsholm 5 Kronoberg
01801806,0180,01,01,Stockholms kommun,Kungsholm 6 Kungsholmstorg V
01801807,0180,01,01,Stockholms kommun,Kungsholm 7 Kungsholmstorg Ö
01801808,0180,01,01,Stockholms kommun,Kungsholm 8 Piperska muren
01801809,0180,01,01,Stockholms kommun,Kungsholm 9 Kungsklippan mfl
01801810,0180,01,01,Stockholms kommun,Kungsholm 10 Ragnar Östbergs plan
01801811,0180,01,01,Stockholms kommun,Kungsholm 11 Barnhusviken
01801812,0180,01,01,Stockholms kommun,Kungsholm 12 Justitiabrunnen
01801813,0180,01,01,Stockholms kommun,Kungsholm 13 John Ericssonsgatan mfl
01801901,0180,01,01,Stockholms kommun,S:t Göran 1 Fredhäll S
01801902,0180,01,01,Stockholms kommun,S:t Göran 2 Fredhäll N
01801903,0180,01,01,Stockholms kommun,S:t Göran 3 Fredhäll V
01801904,0180,01,01,Stockholms kommun,S:t Göran 4 Kristinebergsparken
01801905,0180,01,01,Stockholms kommun,S:t Göran 5 Kristinebergs strand
01801906,0180,01,01,Stockholms kommun,S:t Göran 6 Geijersvägen mfl
01801907,0180,01,01,Stockholms kommun,S:t Göran 7 Marieberg S
01801908,0180,01,01,Stockholms kommun,S:t Göran 8 Rålambshov
01801909,0180,01,01,Stockholms kommun,S:t Göran 9 Stadshagen N
01801910,0180,01,01,Stockholms kommun,S:t Göran 10 Svarvargatan V mfl
01801911,0180,01,01,Stockholms kommun,S:t Göran 11 Industrigatan mfl
01801912,0180,01,01,Stockholms kommun,S:t Göran 12 Kv Dykaren-Färjan
01801913,0180,01,01,Stockholms kommun,S:t Göran 13 Fridhemsplan V
01801914,0180,01,01,Stockholms kommun,S:t Göran 14 Kronobergsgatan N mfl
01801915,0180,01,01,Stockholms kommun,S:t Göran 15 Fridhemsplan S
01801916,0180,01,01,Stockholms kommun,S:t Göran 16 Lilla Västerbron
01801917,0180,01,01,Stockholms kommun,S:t Göran 17 Kv Karlsvik mfl
01801918,0180,01,01,Stockholms kommun,S:t Göran 18 Fridhemsplan Ö
01801919,0180,01,01,Stockholms kommun,S:t Göran 19 S:t Göransområdet
01801920,0180,01,01,Stockholms kommun,S:t Göran 20 Kv Trossen mfl
01801921,0180,01,01,Stockholms kommun,S:t Göran 21 Fredhäll mellersta
01801922,0180,01,01,Stockholms kommun,S:t Göran 22 Thorildsplan
01801923,0180,01,01,Stockholms kommun,S:t Göran 23 Nelly Sachs Park
01801924,0180,01,01,Stockholms kommun,S:t Göran 24 Kristineberg S
01801925,0180,01,01,Stockholms kommun,S:t Göran 25 Hornsbergs strand
01801926,0180,01,01,Stockholms kommun,S:t Göran 26 Stadshagen V
01801927,0180,01,01,Stockholms kommun,S:t Göran 27 Stadshagen Ö
01802101,0180,01,01,Stockholms kommun,Brännkyrka 1 Västertorp Ö
01802102,0180,01,01,Stockholms kommun,Brännkyrka 2 Västertorpsparken
01802103,0180,01,01,Stockholms kommun,Brännkyrka 3 Västertorp C
01802104,0180,01,01,Stockholms kommun,Brännkyrka 4 Västertorp V
01802105,0180,01,01,Stockholms kommun,Brännkyrka 5 Fruängen Ö
01802106,0180,01,01,Stockholms kommun,Brännkyrka 6 Fruängen mellersta
01802107,0180,01,01,Stockholms kommun,Brännkyrka 7 Fruängen N
01802108,0180,01,01,Stockholms kommun,Brännkyrka 8 Fruängen S
01802109,0180,01,01,Stockholms kommun,Brännkyrka 9 Herrängen V
01802110,0180,01,01,Stockholms kommun,Brännkyrka 10 Långbroparken
01802111,0180,01,01,Stockholms kommun,Brännkyrka 11 Långsjö S
01802112,0180,01,01,Stockholms kommun,Brännkyrka 12 Älvsjö S
01802113,0180,01,01,Stockholms kommun,Brännkyrka 13 Långbrogårdsparken
01802114,0180,01,01,Stockholms kommun,Brännkyrka 14 Långbro V
01802115,0180,01,01,Stockholms kommun,Brännkyrka 15 Långbro Ö
01802116,0180,01,01,Stockholms kommun,Brännkyrka 16 Herr Stens väg mfl
01802117,0180,01,01,Stockholms kommun,Brännkyrka 17 Solberga V
01802118,0180,01,01,Stockholms kommun,Brännkyrka 18 Solberga Ö
01802119,0180,01,01,Stockholms kommun,Brännkyrka 19 Solberga mellersta
01802120,0180,01,01,Stockholms kommun,Brännkyrka 20 Liseberg
01802121,0180,01,01,Stockholms kommun,Brännkyrka 21 Örby slott
01802122,0180,01,01,Stockholms kommun,Brännkyrka 22 Östbergahöjden
01802123,0180,01,01,Stockholms kommun,Brännkyrka 23 Gamla Östberga
01802124,0180,01,01,Stockholms kommun,Brännkyrka 24 Östbergabackarna
01802125,0180,01,01,Stockholms kommun,Brännkyrka 25 Herrängen Ö
01802126,0180,01,01,Stockholms kommun,Brännkyrka 26 Långsjö N
01802127,0180,01,01,Stockholms kommun,Brännkyrka 27 Fruängen V
01802128,0180,01,01,Stockholms kommun,Brännkyrka 28 Kristalltorget mfl
01802129,0180,01,01,Stockholms kommun,Brännkyrka 29 Älvsjö Ö
01802130,0180,01,01,Stockholms kommun,Brännkyrka 30 Gyllene Ratten
01802131,0180,01,01,Stockholms kommun,Brännkyrka 31 Älvsjö N
01802132,0180,01,01,Stockholms kommun,Brännkyrka 32 Älvsjö V
01802301,0180,01,01,Stockholms kommun,Vantör 1 Stureby N
01802302,0180,01,01,Stockholms kommun,Vantör 2 Sturebyhöjden
01802303,0180,01,01,Stockholms kommun,Vantör 3 Stureby C
01802304,0180,01,01,Stockholms kommun,Vantör 4 Stureby S
01802305,0180,01,01,Stockholms kommun,Vantör 5 Bandhagen Ö
01802306,0180,01,01,Stockholms kommun,Vantör 6 Bandhagen S
01802307,0180,01,01,Stockholms kommun,Vantör 7 Bäckahagen
01802308,0180,01,01,Stockholms kommun,Vantör 8 Högdalen Ö
01802309,0180,01,01,Stockholms kommun,Vantör 9 Högdalen mellersta
01802310,0180,01,01,Stockholms kommun,Vantör 10 Högdalen V
01802311,0180,01,01,Stockholms kommun,Vantör 11 Skebokvarnsvägen Ö mfl
01802312,0180,01,01,Stockholms kommun,Vantör 12 Skebokvarnsvägen N
01802313,0180,01,01,Stockholms kommun,Vantör 13 Örby V
01802314,0180,01,01,Stockholms kommun,Vantör 14 Örby S
01802315,0180,01,01,Stockholms kommun,Vantör 15 Örby N
01802316,0180,01,01,Stockholms kommun,Vantör 16 Snösätrahöjden
01802317,0180,01,01,Stockholms kommun,Vantör 17 Gillerbacken mfl
01802318,0180,01,01,Stockholms kommun,Vantör 18 Rågsved N
01802319,0180,01,01,Stockholms kommun,Vantör 19 Rågsved V
01802320,0180,01,01,Stockholms kommun,Vantör 20 Rågsved Ö
01802321,0180,01,01,Stockholms kommun,Vantör 21 Hagsätra Ö
01802322,0180,01,01,Stockholms kommun,Vantör 22 Hagsätra C
01802323,0180,01,01,Stockholms kommun,Vantör 23 Hagsätra V
01802324,0180,01,01,Stockholms kommun,Vantör 24 Ormkärr N
01802325,0180,01,01,Stockholms kommun,Vantör 25 Hagsätra N
01802326,0180,01,01,Stockholms kommun,Vantör 26 Rågsved C
01802327,0180,01,01,Stockholms kommun,Vantör 27 Bandhagen C
01802328,0180,01,01,Stockholms kommun,Vantör 28 Rågsved S
01802329,0180,01,01,Stockholms kommun,Vantör 29 Högdalen S
01802330,0180,01,01,Stockholms kommun,Vantör 30 Ormkärr S
01802331,0180,01,01,Stockholms kommun,Vantör 31 Högdalen C
01802332,0180,01,01,Stockholms kommun,Vantör 32 Bäckaskiftsvägen mfl
01802333,0180,01,01,Stockholms kommun,Vantör 33 Bandhagen N
01802501,0180,01,01,Stockholms kommun,Farsta 1 Svedmyra N
01802502,0180,01,01,Stockholms kommun,Farsta 2 Svedmyra S
01802503,0180,01,01,Stockholms kommun,Farsta 3 Tallkrogen N
01802504,0180,01,01,Stockholms kommun,Farsta 4 Olympiaområdet
01802505,0180,01,01,Stockholms kommun,Farsta 5 Gubbängen Ö
01802506,0180,01,01,Stockholms kommun,Farsta 6 Gubbängen S
01802507,0180,01,01,Stockholms kommun,Farsta 7 Gubbängen V
01802508,0180,01,01,Stockholms kommun,Farsta 8 Skönstaholm
01802509,0180,01,01,Stockholms kommun,Farsta 9 Lingvägen S
01802510,0180,01,01,Stockholms kommun,Farsta 10 Kryddhyllan
01802511,0180,01,01,Stockholms kommun,Farsta 11 Fagerlid
01802512,0180,01,01,Stockholms kommun,Farsta 12 Hökarängen V
01802513,0180,01,01,Stockholms kommun,Farsta 13 Fagersjö yttre
01802514,0180,01,01,Stockholms kommun,Farsta 14 Tallkrogen V
01802515,0180,01,01,Stockholms kommun,Farsta 15 Farsta Strand V
01802516,0180,01,01,Stockholms kommun,Farsta 16 Farsta Strand C
01802517,0180,01,01,Stockholms kommun,Farsta 17 Farsta Strand Ö
01802518,0180,01,01,Stockholms kommun,Farsta 18 Larsboda
01802519,0180,01,01,Stockholms kommun,Farsta 19 Hästhagen
01802520,0180,01,01,Stockholms kommun,Farsta 20 Ekebergabacken mfl
01802521,0180,01,01,Stockholms kommun,Farsta 21 Farsta C
01802522,0180,01,01,Stockholms kommun,Farsta 22 Farstaängen
01802523,0180,01,01,Stockholms kommun,Farsta 23 Nykroppagatan mfl
01802524,0180,01,01,Stockholms kommun,Farsta 24 Värmlandsvägen mfl
01802525,0180,01,01,Stockholms kommun,Farsta 25 Sköndal V
01802526,0180,01,01,Stockholms kommun,Farsta 26 Norra Sköndal
01802527,0180,01,01,Stockholms kommun,Farsta 27 Dalbrobranten mfl
01802528,0180,01,01,Stockholms kommun,Farsta 28 Stora Sköndal
01802529,0180,01,01,Stockholms kommun,Farsta 29 Sköndal C
01802530,0180,01,01,Stockholms kommun,Farsta 30 Torsbygatan mfl
01802531,0180,01,01,Stockholms kommun,Farsta 31 Fagersjö inre
01802532,0180,01,01,Stockholms kommun,Farsta 32 Västboda
01802533,0180,01,01,Stockholms kommun,Farsta 33 Ågesta Broväg mfl
01802534,0180,01,01,Stockholms kommun,Farsta 34 Kristinehamnsgatan S mfl
01802535,0180,01,01,Stockholms kommun,Farsta 35 Russinvägen mfl
01802536,0180,01,01,Stockholms kommun,Farsta 36 Karin Larssons väg mfl
01802537,0180,01,01,Stockholms kommun,Farsta 37 Hökarängen N
01802538,0180,01,01,Stockholms kommun,Farsta 38 Gubbängen N
01802539,0180,01,01,Stockholms kommun,Farsta 39 Östmarksgatan mfl
01802701,0180,01,01,Stockholms kommun,Bromma 1 Abrahamsberg S
01802702,0180,01,01,Stockholms kommun,Bromma 2 Abrahamsberg N
01802703,0180,01,01,Stockholms kommun,Bromma 3 Åkeslund mellersta
01802704,0180,01,01,Stockholms kommun,Bromma 4 Riksby N
01802705,0180,01,01,Stockholms kommun,Bromma 5 Åkeshov
01802706,0180,01,01,Stockholms kommun,Bromma 6 Riksby V-Brommaplan
01802707,0180,01,01,Stockholms kommun,Bromma 7 Riksby Ö
01802708,0180,01,01,Stockholms kommun,Bromma 8 Bromma kyrka S
01802709,0180,01,01,Stockholms kommun,Bromma 9 Bromma kyrka N
01802710,0180,01,01,Stockholms kommun,Bromma 10 Beckomberga S
01802711,0180,01,01,Stockholms kommun,Bromma 11 Bällstavägen S mfl
01802712,0180,01,01,Stockholms kommun,Bromma 12 Norra Ängby Ö
01802713,0180,01,01,Stockholms kommun,Bromma 13 Norra Ängby V
01802714,0180,01,01,Stockholms kommun,Bromma 14 Blackeberg V
01802715,0180,01,01,Stockholms kommun,Bromma 15 Blackeberg mellersta
01802716,0180,01,01,Stockholms kommun,Bromma 16 Blackeberg gård
01802717,0180,01,01,Stockholms kommun,Bromma 17 Blackeberg Ö
01802718,0180,01,01,Stockholms kommun,Bromma 18 Södra Ängby
01802719,0180,01,01,Stockholms kommun,Bromma 19 Johannesfred Ö
01802720,0180,01,01,Stockholms kommun,Bromma 20 Johannesfred V
01802721,0180,01,01,Stockholms kommun,Bromma 21 Bällsta
01802722,0180,01,01,Stockholms kommun,Bromma 22 Beckomberga N
01802723,0180,01,01,Stockholms kommun,Bromma 23 Mariehäll S
01802724,0180,01,01,Stockholms kommun,Bromma 24 Blackeberg N
01802725,0180,01,01,Stockholms kommun,Bromma 25 Karsvikshage
01802726,0180,01,01,Stockholms kommun,Bromma 26 Åkeslund V
01802727,0180,01,01,Stockholms kommun,Bromma 27 Eneby
01802728,0180,01,01,Stockholms kommun,Bromma 28 Annedalsparken
01802729,0180,01,01,Stockholms kommun,Bromma 29 Linaberg
01802730,0180,01,01,Stockholms kommun,Bromma 30 Beckomberga mellersta
01802731,0180,01,01,Stockholms kommun,Bromma 31 Blackeberg S
01802732,0180,01,01,Stockholms kommun,Bromma 32 Lönnebergaparken
01802733,0180,01,01,Stockholms kommun,Bromma 33 Mariehäll V
01802734,0180,01,01,Stockholms kommun,Bromma 34 Åkeslund Ö
01802735,0180,01,01,Stockholms kommun,Bromma 35 Mariehäll N
01802801,0180,01,01,Stockholms kommun,Essinge 1 Lilla Essingen mellersta
01802802,0180,01,01,Stockholms kommun,Essinge 2 Lilla Essingen N
01802803,0180,01,01,Stockholms kommun,Essinge 3 Stora Essingen S
01802804,0180,01,01,Stockholms kommun,Essinge 4 Stora Essingen N
01802805,0180,01,01,Stockholms kommun,Essinge 5 Stora Essingen Ö
01802806,0180,01,01,Stockholms kommun,Essinge 6 Luxområdet
01802901,0180,01,01,Stockholms kommun,Västerled 1 Smedslätten V
01802902,0180,01,01,Stockholms kommun,Västerled 2 Äppelviken
01802903,0180,01,01,Stockholms kommun,Västerled 3 Stora Mossen
01802904,0180,01,01,Stockholms kommun,Västerled 4 Alvik
01802905,0180,01,01,Stockholms kommun,Västerled 5 Johannelund
01802906,0180,01,01,Stockholms kommun,Västerled 6 Traneberg S
01802907,0180,01,01,Stockholms kommun,Västerled 7 Traneberg Ö
01802908,0180,01,01,Stockholms kommun,Västerled 8 Minneberg
01802909,0180,01,01,Stockholms kommun,Västerled 9 Ulvsunda trädgårdsstad
01802910,0180,01,01,Stockholms kommun,Västerled 10 Nockebyhov V
01802911,0180,01,01,Stockholms kommun,Västerled 11 Nockebyhov Ö
01802912,0180,01,01,Stockholms kommun,Västerled 12 Nockeby S
01802913,0180,01,01,Stockholms kommun,Västerled 13 Nockeby N
01802914,0180,01,01,Stockholms kommun,Västerled 14 Höglandet-Olovslund
01802915,0180,01,01,Stockholms kommun,Västerled 15 Ålsten S
01802916,0180,01,01,Stockholms kommun,Västerled 16 Ålsten N
01802917,0180,01,01,Stockholms kommun,Västerled 17 Traneberg mellersta
01802918,0180,01,01,Stockholms kommun,Västerled 18 Ulvsunda N
01802919,0180,01,01,Stockholms kommun,Västerled 19 Smedslätten Ö
01803101,0180,01,01,Stockholms kommun,Vällingby 1 Vällingby N
01803102,0180,01,01,Stockholms kommun,Vällingby 2 Vällingby V
01803103,0180,01,01,Stockholms kommun,Vällingby 3 Vällingby Ö
01803104,0180,01,01,Stockholms kommun,Vällingby 4 Vällingby C
01803105,0180,01,01,Stockholms kommun,Vällingby 5 Grimsta V
01803106,0180,01,01,Stockholms kommun,Vällingby 6 Grimsta Ö
01803107,0180,01,01,Stockholms kommun,Vällingby 7 Råcksta Ö
01803108,0180,01,01,Stockholms kommun,Vällingby 8 Råcksta V
01803109,0180,01,01,Stockholms kommun,Vällingby 9 Råcksta N
01803110,0180,01,01,Stockholms kommun,Vällingby 10 Nälsta Ö
01803111,0180,01,01,Stockholms kommun,Vällingby 11 Nälsta V
01803112,0180,01,01,Stockholms kommun,Vällingby 12 Grimsta mellersta
01803113,0180,01,01,Stockholms kommun,Vällingby 13 Kälvesta V
01803114,0180,01,01,Stockholms kommun,Vällingby 14 Kälvesta S
01803115,0180,01,01,Stockholms kommun,Vällingby 15 Vinsta V
01803116,0180,01,01,Stockholms kommun,Vällingby 16 Vinsta Ö
01803117,0180,01,01,Stockholms kommun,Vällingby 17 Råcksta S
01803118,0180,01,01,Stockholms kommun,Vällingby 18 Nälsta gård
01803119,0180,01,01,Stockholms kommun,Vällingby 19 Vällingby mellersta
01803120,0180,01,01,Stockholms kommun,Vällingby 20 Johannelund trädg.stad
01803121,0180,01,01,Stockholms kommun,Vällingby 21 Vällingby Parkstad
01803122,0180,01,01,Stockholms kommun,Vällingby 22 Kälvesta Ö
01803401,0180,01,01,Stockholms kommun,Enskede 1 Årstaberg
01803402,0180,01,01,Stockholms kommun,Enskede 2 Sköntorpsvägen V
01803403,0180,01,01,Stockholms kommun,Enskede 3 Siljansvägen V
01803404,0180,01,01,Stockholms kommun,Enskede 4 Årsta Centrum
01803405,0180,01,01,Stockholms kommun,Enskede 5 Valla torg V
01803406,0180,01,01,Stockholms kommun,Enskede 6 Valla torg Ö
01803407,0180,01,01,Stockholms kommun,Enskede 7 Långhalsvägen mfl
01803408,0180,01,01,Stockholms kommun,Enskede 8 Årstaskogen
01803409,0180,01,01,Stockholms kommun,Enskede 9 Sköntorpsvägen Ö
01803410,0180,01,01,Stockholms kommun,Enskede 10 Bolmensvägen mfl
01803411,0180,01,01,Stockholms kommun,Enskede 11 Gullmarsplan
01803412,0180,01,01,Stockholms kommun,Enskede 12 Skärmarbrink
01803413,0180,01,01,Stockholms kommun,Enskede 13 Blåsut
01803414,0180,01,01,Stockholms kommun,Enskede 14 Globen
01803415,0180,01,01,Stockholms kommun,Enskede 15 Enskede Gård N
01803416,0180,01,01,Stockholms kommun,Enskede 16 Enskede Gård S
01803417,0180,01,01,Stockholms kommun,Enskede 17 Enskedefältet
01803418,0180,01,01,Stockholms kommun,Enskede 18 Gamla Enskede S
01803419,0180,01,01,Stockholms kommun,Enskede 19 Gamla Enskede N
01803420,0180,01,01,Stockholms kommun,Enskede 20 Skogskyrkogården
01803421,0180,01,01,Stockholms kommun,Enskede 21 Dalen N
01803422,0180,01,01,Stockholms kommun,Enskede 22 Dalen S
01803423,0180,01,01,Stockholms kommun,Enskede 23 Enskede IP
01803424,0180,01,01,Stockholms kommun,Enskede 24 Dalen V
01803425,0180,01,01,Stockholms kommun,Enskede 25 Ottsjövägen mfl
01803426,0180,01,01,Stockholms kommun,Enskede 26 Årstavägen Ö
01803601,0180,01,01,Stockholms kommun,Skarpnäck 1 Bagarmossen S
01803602,0180,01,01,Stockholms kommun,Skarpnäck 2 Brotorp
01803603,0180,01,01,Stockholms kommun,Skarpnäck 3 Ljusnevägen mfl
01803604,0180,01,01,Stockholms kommun,Skarpnäck 4 Bergsrådsvägen mfl
01803605,0180,01,01,Stockholms kommun,Skarpnäck 5 Bagarmossen N
01803606,0180,01,01,Stockholms kommun,Skarpnäck 6 Bagarmossen C
01803607,0180,01,01,Stockholms kommun,Skarpnäck 7 Skarpnäcks trädgårdsstad
01803608,0180,01,01,Stockholms kommun,Skarpnäck 8 Enskededalen Ö
01803609,0180,01,01,Stockholms kommun,Skarpnäck 9 Kärrtorp S
01803610,0180,01,01,Stockholms kommun,Skarpnäck 10 Kärrtorp V
01803611,0180,01,01,Stockholms kommun,Skarpnäck 11 Björkhagen Ö
01803612,0180,01,01,Stockholms kommun,Skarpnäck 12 Björkhagen V
01803613,0180,01,01,Stockholms kommun,Skarpnäck 13 Björkhagen N
01803614,0180,01,01,Stockholms kommun,Skarpnäck 14 Hammarbyhöjden S
01803615,0180,01,01,Stockholms kommun,Skarpnäck 15 Hammarbyhöjden N
01803616,0180,01,01,Stockholms kommun,Skarpnäck 16 Hammarbyhöjden Ö
01803617,0180,01,01,Stockholms kommun,Skarpnäck 17 Hammarbyhöjden NV
01803618,0180,01,01,Stockholms kommun,Skarpnäck 18 Skarpnäck Ö
01803619,0180,01,01,Stockholms kommun,Skarpnäck 19 Skarpnäck S-Orhem
01803620,0180,01,01,Stockholms kommun,Skarpnäck 20 Skarpnäck V
01803621,0180,01,01,Stockholms kommun,Skarpnäck 21 Pungpinan mfl
01803622,0180,01,01,Stockholms kommun,Skarpnäck 22 Hammarbyhöjden NÖ
01803623,0180,01,01,Stockholms kommun,Skarpnäck 23 Skarpnäck C
01803624,0180,01,01,Stockholms kommun,Skarpnäck 24 Bagarmossen V
01803625,0180,01,01,Stockholms kommun,Skarpnäck 25 Enskededalen V
01803626,0180,01,01,Stockholms kommun,Skarpnäck 26 Kärrtorp mellersta
01803627,0180,01,01,Stockholms kommun,Skarpnäck 27 Björkhagen mellersta
01803628,0180,01,01,Stockholms kommun,Skarpnäck 28 Hammarbyhöjden mellan
01803629,0180,01,01,Stockholms kommun,Skarpnäck 29 Blåsut Ö
01803630,0180,01,01,Stockholms kommun,Skarpnäck 30 Kärrtorp N
01803801,0180,01,01,Stockholms kommun,Hässelby 1 Hässelby Strand V
01803802,0180,01,01,Stockholms kommun,Hässelby 2 Hässelby Strand S
01803803,0180,01,01,Stockholms kommun,Hässelby 3 Hässelby Strand N
01803804,0180,01,01,Stockholms kommun,Hässelby 4 Hässelby Strand Ö
01803805,0180,01,01,Stockholms kommun,Hässelby 5 Hässelby slott
01803806,0180,01,01,Stockholms kommun,Hässelby 6 Hässelby Gård Ö
01803807,0180,01,01,Stockholms kommun,Hässelby 7 Hässelby Gård mellersta
01803808,0180,01,01,Stockholms kommun,Hässelby 8 Hässelby Gård S
01803809,0180,01,01,Stockholms kommun,Hässelby 9 Hässelby Gård V
01803810,0180,01,01,Stockholms kommun,Hässelby 10 Hässelby Villast. mellan
01803811,0180,01,01,Stockholms kommun,Hässelby 11 Hässelby Villastad V
01803812,0180,01,01,Stockholms kommun,Hässelby 12 Hässelby Villastad Ö
01803813,0180,01,01,Stockholms kommun,Hässelby 13 Hässelby Villastad NV
01803814,0180,01,01,Stockholms kommun,Hässelby 14 Lövsta
01803815,0180,01,01,Stockholms kommun,Hässelby 15 Backlura N
01803816,0180,01,01,Stockholms kommun,Hässelby 16 Backlura S
01803817,0180,01,01,Stockholms kommun,Hässelby 17 Hässelby Villastad NÖ
01803818,0180,01,01,Stockholms kommun,Hässelby 18 Smedshagen
01803819,0180,01,01,Stockholms kommun,Hässelby 19 Hässelby Villastad S
01803820,0180,01,01,Stockholms kommun,Hässelby 20 Hässelby Gård N
01803821,0180,01,01,Stockholms kommun,Hässelby 21 Hässelby Strand mellan
01803822,0180,01,01,Stockholms kommun,Hässelby 22 Ormängsgatan m fl
01803901,0180,01,01,Stockholms kommun,Hägersten 1 Nybohov V
01803902,0180,01,01,Stockholms kommun,Hägersten 2 Nybohov Ö
01803903,0180,01,01,Stockholms kommun,Hägersten 3 Stora Fågelsången
01803904,0180,01,01,Stockholms kommun,Hägersten 4 Gröndal C
01803905,0180,01,01,Stockholms kommun,Hägersten 5 Gröndal V
01803906,0180,01,01,Stockholms kommun,Hägersten 6 Ekensberg
01803907,0180,01,01,Stockholms kommun,Hägersten 7 Gröndal N
01803908,0180,01,01,Stockholms kommun,Hägersten 8 Aspudden Ö
01803909,0180,01,01,Stockholms kommun,Hägersten 9 Aspudden C
01803910,0180,01,01,Stockholms kommun,Hägersten 10 Örnsberg
01803911,0180,01,01,Stockholms kommun,Hägersten 11 Vinterviken
01803912,0180,01,01,Stockholms kommun,Hägersten 12 Midsommarkransen N
01803913,0180,01,01,Stockholms kommun,Hägersten 13 Telefonplan V
01803914,0180,01,01,Stockholms kommun,Hägersten 14 Midsommarkransen S
01803915,0180,01,01,Stockholms kommun,Hägersten 15 Svandammen
01803916,0180,01,01,Stockholms kommun,Hägersten 16 Midsommarkransen C
01803917,0180,01,01,Stockholms kommun,Hägersten 17 Korpmossen
01803918,0180,01,01,Stockholms kommun,Hägersten 18 Radiusparken
01803919,0180,01,01,Stockholms kommun,Hägersten 19 Hägerstensåsen S
01803920,0180,01,01,Stockholms kommun,Hägersten 20 Hägerstensåsen Ö
01803921,0180,01,01,Stockholms kommun,Hägersten 21 Hägerstensåsen V
01803922,0180,01,01,Stockholms kommun,Hägersten 22 Hägerstensåsen N
01803923,0180,01,01,Stockholms kommun,Hägersten 23 Hägerstenshamnen
01803924,0180,01,01,Stockholms kommun,Hägersten 24 Axelsberg
01803925,0180,01,01,Stockholms kommun,Hägersten 25 Mälarhöjden Ö
01803926,0180,01,01,Stockholms kommun,Hägersten 26 Mälarhöjden mellersta
01803927,0180,01,01,Stockholms kommun,Hägersten 27 Mälarhöjden N
01803928,0180,01,01,Stockholms kommun,Hägersten 28 Mälarhöjden S
01803929,0180,01,01,Stockholms kommun,Hägersten 29 Nybodahöjden
01803930,0180,01,01,Stockholms kommun,Hägersten 30 Trekanten
01803931,0180,01,01,Stockholms kommun,Hägersten 31 Marievik
01803932,0180,01,01,Stockholms kommun,Hägersten 32 Liljeholmskajen V
01803933,0180,01,01,Stockholms kommun,Hägersten 33 Aspudden N
01803934,0180,01,01,Stockholms kommun,Hägersten 34 Klubbacken mfl
01803935,0180,01,01,Stockholms kommun,Hägersten 35 Midsommarkransen Ö
01803936,0180,01,01,Stockholms kommun,Hägersten 36 Västberga Ö
01803937,0180,01,01,Stockholms kommun,Hägersten 37 Årstadal
01803938,0180,01,01,Stockholms kommun,Hägersten 38 Gösta Ekmans väg mfl
01803939,0180,01,01,Stockholms kommun,Hägersten 39 Liljeholmstorget
01803940,0180,01,01,Stockholms kommun,Hägersten 40 Hökmossen mfl
01803941,0180,01,01,Stockholms kommun,Hägersten 41 Aspudden mellersta
01803942,0180,01,01,Stockholms kommun,Hägersten 42 Liljeholmskajen Ö
01803943,0180,01,01,Stockholms kommun,Hägersten 43 Hägerstensåsen mellan
01803944,0180,01,01,Stockholms kommun,Hägersten 44 Sjövikshöjden
01803945,0180,01,01,Stockholms kommun,Hägersten 45 Telefonplan Ö
01803946,0180,01,01,Stockholms kommun,Hägersten 46 Ekensbergskajen
01803947,0180,01,01,Stockholms kommun,Hägersten 47 Tellusborgsvägen S
01803948,0180,01,01,Stockholms kommun,Hägersten 48 Sjöviksbacken S
01804001,0180,01,01,Stockholms kommun,Skärholmen 1 Bredäng NÖ
01804002,0180,01,01,Stockholms kommun,Skärholmen 2 Bredäng NV
01804003,0180,01,01,Stockholms kommun,Skärholmen 3 Bredäng V
01804004,0180,01,01,Stockholms kommun,Skärholmen 4 Bredäng Ö
01804005,0180,01,01,Stockholms kommun,Skärholmen 5 Bredäng S
01804006,0180,01,01,Stockholms kommun,Skärholmen 6 Sätra N
01804007,0180,01,01,Stockholms kommun,Skärholmen 7 Sätra V
01804008,0180,01,01,Stockholms kommun,Skärholmen 8 Sätra S
01804009,0180,01,01,Stockholms kommun,Skärholmen 9 Vårberg N
01804010,0180,01,01,Stockholms kommun,Skärholmen 10 Portholmsgången mfl
01804011,0180,01,01,Stockholms kommun,Skärholmen 11 Ekholmshöjden
01804012,0180,01,01,Stockholms kommun,Skärholmen 12 Skärholmen S
01804013,0180,01,01,Stockholms kommun,Skärholmen 13 Skärholmens gård
01804014,0180,01,01,Stockholms kommun,Skärholmen 14 Stångholmsbacken mfl
01804015,0180,01,01,Stockholms kommun,Skärholmen 15 Vårberg S
01804016,0180,01,01,Stockholms kommun,Skärholmen 16 Vårbergs IP
01804017,0180,01,01,Stockholms kommun,Skärholmen 17 Vårberg V
01804018,0180,01,01,Stockholms kommun,Skärholmen 18 Sätra gård
01804019,0180,01,01,Stockholms kommun,Skärholmen 19 Skärholmen C
01804020,0180,01,01,Stockholms kommun,Skärholmen 20 Bredäng mellersta
01804021,0180,01,01,Stockholms kommun,Skärholmen 21 Vårberg C
01804101,0180,01,01,Stockholms kommun,Spånga 1 Sundby S
01804102,0180,01,01,Stockholms kommun,Spånga 2 Flysta
01804103,0180,01,01,Stockholms kommun,Spånga 3 Solhem Ö
01804104,0180,01,01,Stockholms kommun,Spånga 4 Solhem S
01804105,0180,01,01,Stockholms kommun,Spånga 5 Solhem V
01804106,0180,01,01,Stockholms kommun,Spånga 6 Solhem N
01804107,0180,01,01,Stockholms kommun,Spånga 7 Bromsten N
01804108,0180,01,01,Stockholms kommun,Spånga 8 Bromsten mellersta
01804109,0180,01,01,Stockholms kommun,Spånga 9 Bromsten S
01804110,0180,01,01,Stockholms kommun,Spånga 10 Hjulsta V
01804111,0180,01,01,Stockholms kommun,Spånga 11 Erikslund
01804112,0180,01,01,Stockholms kommun,Spånga 12 Nydal
01804113,0180,01,01,Stockholms kommun,Spånga 13 Tensta C
01804114,0180,01,01,Stockholms kommun,Spånga 14 Gullinge
01804115,0180,01,01,Stockholms kommun,Spånga 15 Risingeplan mfl
01804116,0180,01,01,Stockholms kommun,Spånga 16 Glömminge
01804117,0180,01,01,Stockholms kommun,Spånga 17 Rinkebysvängen N
01804118,0180,01,01,Stockholms kommun,Spånga 18 Rinkebystråket
01804119,0180,01,01,Stockholms kommun,Spånga 19 Rinkebysvängen V
01804120,0180,01,01,Stockholms kommun,Spånga 20 Kvarnbyvägen mfl
01804121,0180,01,01,Stockholms kommun,Spånga 21 Rinkeby C
01804122,0180,01,01,Stockholms kommun,Spånga 22 Rinkebysvängen Ö
01804123,0180,01,01,Stockholms kommun,Spånga 23 Rinkebysvängen S
01804124,0180,01,01,Stockholms kommun,Spånga 24 Spånga by
01804125,0180,01,01,Stockholms kommun,Spånga 25 Hjulsta Ö
01804126,0180,01,01,Stockholms kommun,Spånga 26 Spånga torg-Lunda
01804127,0180,01,01,Stockholms kommun,Spånga 27 Rinkeby mellersta
01804128,0180,01,01,Stockholms kommun,Spånga 28 Bromsten C
01804129,0180,01,01,Stockholms kommun,Spånga 29 Sundby N
01804130,0180,01,01,Stockholms kommun,Spånga 30 Bromsten V
01804201,0180,01,01,Stockholms kommun,Kista 1 Akalla C
01804202,0180,01,01,Stockholms kommun,Kista 2 Akalla Ö
01804203,0180,01,01,Stockholms kommun,Kista 3 Akalla N
01804204,0180,01,01,Stockholms kommun,Kista 4 Akalla V
01804205,0180,01,01,Stockholms kommun,Kista 5 Akalla S
01804206,0180,01,01,Stockholms kommun,Kista 6 Lofotenparken
01804207,0180,01,01,Stockholms kommun,Kista 7 Oslogatan
01804208,0180,01,01,Stockholms kommun,Kista 8 Nidarosgatan
01804209,0180,01,01,Stockholms kommun,Kista 9 Bergensgatan
01804210,0180,01,01,Stockholms kommun,Kista 10 Nordkapsgatan
01804211,0180,01,01,Stockholms kommun,Kista 11 Trondheimsgatan
01804212,0180,01,01,Stockholms kommun,Kista 12 Kista mellersta
01804213,0180,01,01,Stockholms kommun,Kista 13 Helsingörsgatan mfl
01804214,0180,01,01,Stockholms kommun,Kista 14 Kista V
01804215,0180,01,01,Stockholms kommun,Kista 15 Ärvinge S
01804216,0180,01,01,Stockholms kommun,Kista 16 Kista Gård
01804217,0180,01,01,Stockholms kommun,Kista 17 Ärvinge N
01804218,0180,01,01,Stockholms kommun,Kista 18 Kista S
01804219,0180,01,01,Stockholms kommun,Kista 19 Kista Ö
01804220,0180,01,01,Stockholms kommun,Kista 20 Husby C
01804221,0180,01,01,Stockholms kommun,Kista 21 Kista N
01810101,0181,01,02,Stockholms län,Södertälje 1 Södra-Värdsholmen
01810102,0181,01,02,Stockholms län,Södertälje 2 Saltskog östra
01810103,0181,01,02,Stockholms län,Södertälje 3 Saltskog västra
01810104,0181,01,02,Stockholms län,Södertälje 4 Västergård-Vibergen
01810105,0181,01,02,Stockholms län,Södertälje 5 Mariekälla södra
01810106,0181,01,02,Stockholms län,Södertälje 6 Västergård-Högmohöjden
01810107,0181,01,02,Stockholms län,Södertälje 7 Mariekälla norra
01810108,0181,01,02,Stockholms län,Södertälje 8 Centrum södra
01810109,0181,01,02,Stockholms län,Södertälje 9 Västra Blombacka
01810110,0181,01,02,Stockholms län,Södertälje 10 Tälje
01810111,0181,01,02,Stockholms län,Södertälje 11 Centrum norra
01810112,0181,01,02,Stockholms län,Södertälje 12 V. Bårsta - Blombacka
01810113,0181,01,02,Stockholms län,Södertälje 13 Bårstabergen östra
01810114,0181,01,02,Stockholms län,Södertälje 14 Snäckviken
01810152,0181,01,02,Stockholms län,Södertälje 52 Bårstafältet
01810215,0181,01,02,Stockholms län,Södertälje 15 Glasberga
01810216,0181,01,02,Stockholms län,Södertälje 16 Östertälje
01810217,0181,01,02,Stockholms län,Södertälje 17 Fornbacka
01810218,0181,01,02,Stockholms län,Södertälje 18 Hagaberg-Majtorp
01810219,0181,01,02,Stockholms län,Södertälje 19 Rosenlund västra
01810220,0181,01,02,Stockholms län,Södertälje 20 Rosenlund östra
01810221,0181,01,02,Stockholms län,Södertälje 21 Grusåsen västra
01810222,0181,01,02,Stockholms län,Södertälje 22 Grusåsen östra
01810223,0181,01,02,Stockholms län,Södertälje 23 Brunnsäng östra
01810224,0181,01,02,Stockholms län,Södertälje 24 Brunnsäng västra
01810225,0181,01,02,Stockholms län,Södertälje 25 Bergvik
01810226,0181,01,02,Stockholms län,Södertälje 26 Fornhöjden
01810227,0181,01,02,Stockholms län,Södertälje 27 Viksberg
01810228,0181,01,02,Stockholms län,Södertälje 28 Ritorp
01810229,0181,01,02,Stockholms län,Södertälje 29 Ragnhildsborg
01810330,0181,01,02,Stockholms län,Södertälje 30 Pershagen
01810331,0181,01,02,Stockholms län,Södertälje 31 Hovsjö norra
01810332,0181,01,02,Stockholms län,Södertälje 32 Hovsjö södra
01810333,0181,01,02,Stockholms län,Södertälje 33 Hovsjö-Tveta
01810435,0181,01,02,Stockholms län,Södertälje 35 Enhörna-Ekeby
01810436,0181,01,02,Stockholms län,Södertälje 36 Enhörna västra
01810640,0181,01,02,Stockholms län,Södertälje 40 Vårdinge
01810741,0181,01,02,Stockholms län,Södertälje 41 Järna centrum
01810742,0181,01,02,Stockholms län,Södertälje 42 Järna norra
01810743,0181,01,02,Stockholms län,Södertälje 43 Järna västra
01810744,0181,01,02,Stockholms län,Södertälje 44 Järna-Kallfors
01810745,0181,01,02,Stockholms län,Södertälje 45 Järna landsbygd
01810746,0181,01,02,Stockholms län,Södertälje 46 Järna östra
01810848,0181,01,02,Stockholms län,Södertälje 48 Hölö-Mörkö
01811047,0181,01,02,Stockholms län,Södertälje 47 Hölö västra
01811250,0181,01,02,Stockholms län,Södertälje 50 Geneta södra
01811251,0181,01,02,Stockholms län,Södertälje 51 Geneta norra
01811253,0181,01,02,Stockholms län,Södertälje 53 Ronna södra
01811254,0181,01,02,Stockholms län,Södertälje 54 Ronna västra
01811255,0181,01,02,Stockholms län,Södertälje 55 Ronna norra
01811256,0181,01,02,Stockholms län,Södertälje 56 Ronna-Karlhov
01811257,0181,01,02,Stockholms län,Södertälje 57 Lina västra
01811258,0181,01,02,Stockholms län,Södertälje 58 Lina östra
01811259,0181,01,02,Stockholms län,Södertälje 59 Glasberga V-Gärtuna
01820101,0182,01,02,Stockholms län,"Danviken, Saltsjöqvarn"
01820102,0182,01,02,Stockholms län,Henriksdal
01820103,0182,01,02,Stockholms län,Finnboda
01820104,0182,01,02,Stockholms län,"Finnberget, Kvarnholmen V"
01820106,0182,01,02,Stockholms län,Kvarnholmen NÖ
01820107,0182,01,02,Stockholms län,Kvarnholmen SÖ
01820110,0182,01,02,Stockholms län,Sickla V
01820111,0182,01,02,Stockholms län,Alphyddan
01820112,0182,01,02,Stockholms län,"Sickla Ö, Tallbacken"
01820113,0182,01,02,Stockholms län,"Nysätra, Hästhagen, Ekudden"
01820114,0182,01,02,Stockholms län,Järla sjö
01820115,0182,01,02,Stockholms län,Finntorp S
01820116,0182,01,02,Stockholms län,"Finntorp N, Marinstaden, Birka"
01820117,0182,01,02,Stockholms län,"Järlahöjden, Nya gatan"
01820118,0182,01,02,Stockholms län,"Lillängen, Storängen"
01820119,0182,01,02,Stockholms län,"Nacka strand, Vikdalen"
01820121,0182,01,02,Stockholms län,Jarlaberg N
01820122,0182,01,02,Stockholms län,Jarlaberg S
01820123,0182,01,02,Stockholms län,Nacka Centrum
01820124,0182,01,02,Stockholms län,Skogalund
01820125,0182,01,02,Stockholms län,"Ekängen, Saltängen V"
01820126,0182,01,02,Stockholms län,"Saltsjö-Duvnäs, Saltängen Ö"
01820127,0182,01,02,Stockholms län,Ektorp
01820128,0182,01,02,Stockholms län,Skuru
01820129,0182,01,02,Stockholms län,Duvnäs Utskog
01820132,0182,01,02,Stockholms län,Fisksätra V
01820133,0182,01,02,Stockholms län,Fisksätra Ö
01820134,0182,01,02,Stockholms län,Fisksätra S
01820135,0182,01,02,Stockholms län,Fisksätra N
01820161,0182,01,02,Stockholms län,Kolarängen
01820162,0182,01,02,Stockholms län,Älta gård
01820163,0182,01,02,Stockholms län,Stensö N
01820165,0182,01,02,Stockholms län,Stensö S
01820166,0182,01,02,Stockholms län,Hedvigslund
01820167,0182,01,02,Stockholms län,Sigfridsborg
01820168,0182,01,02,Stockholms län,"Ältadalen, Södra Hedvigslund"
01820201,0182,01,02,Stockholms län,"Skogsö, Baggensudden, Neglinge N"
01820202,0182,01,02,Stockholms län,"Igelboda, Neglinge S"
01820203,0182,01,02,Stockholms län,"Igelbodaplatån, Ljuskärrsberget"
01820204,0182,01,02,Stockholms län,"Tattby, Solsidan N"
01820205,0182,01,02,Stockholms län,Rösunda
01820206,0182,01,02,Stockholms län,"Solsidan S, Älgö"
01820301,0182,01,02,Stockholms län,"Lilla Björknäs, Björknäs N"
01820302,0182,01,02,Stockholms län,Björknäs S
01820303,0182,01,02,Stockholms län,"Eknäs Ö, Hjortängen, Lännersta V"
01820304,0182,01,02,Stockholms län,Lännersta N
01820305,0182,01,02,Stockholms län,Lännersta S
01820306,0182,01,02,Stockholms län,Källvägsområdet
01820307,0182,01,02,Stockholms län,Krokhöjden
01820308,0182,01,02,Stockholms län,Orminge C
01820309,0182,01,02,Stockholms län,Orminge S
01820310,0182,01,02,Stockholms län,Orminge N
01820311,0182,01,02,Stockholms län,Orminge Ö
01820312,0182,01,02,Stockholms län,"Hasseludden, Kummelnäs V"
01820314,0182,01,02,Stockholms län,"Gustavsvik, Insjön, Velamsund"
01820315,0182,01,02,Stockholms län,"Mensättra, Eriksvik"
01820316,0182,01,02,Stockholms län,"Eknäs V, Tollare V"
01820317,0182,01,02,Stockholms län,Tollare Ö
01820318,0182,01,02,Stockholms län,Kummelnäs Ö
01820319,0182,01,02,Stockholms län,Vikingshill
01830101,0183,01,02,Stockholms län,Lilla Alby Östra
01830102,0183,01,02,Stockholms län,Lilla Alby Mellan
01830103,0183,01,02,Stockholms län,Lilla Alby Signalfabriken
01830104,0183,01,02,Stockholms län,Centrala SBG Kyrkparken
01830105,0183,01,02,Stockholms län,Centrala SBG Östra
01830106,0183,01,02,Stockholms län,Centrala SBG Mellersta
01830107,0183,01,02,Stockholms län,Centrala SBG Esplanaden
01830108,0183,01,02,Stockholms län,Centrala SBG Västra
01830109,0183,01,02,Stockholms län,Centrala SBG Norra
01830110,0183,01,02,Stockholms län,Tulemarken
01830111,0183,01,02,Stockholms län,Storskogen Västra
01830112,0183,01,02,Stockholms län,Storskogen Östra
01830113,0183,01,02,Stockholms län,Ör
01830114,0183,01,02,Stockholms län,Hallonbergen Norra
01830115,0183,01,02,Stockholms län,Hallonbergen Östra
01830116,0183,01,02,Stockholms län,Hallonbergen Västra
01830117,0183,01,02,Stockholms län,Duvbo Södra
01830118,0183,01,02,Stockholms län,Duvbo Norra
01830119,0183,01,02,Stockholms län,Rissne Sydvästra
01830120,0183,01,02,Stockholms län,Rissne Nordvästra
01830121,0183,01,02,Stockholms län,Rissne Nordöstra
01830122,0183,01,02,Stockholms län,Rissne kv. Skvadronen m.fl.
01830123,0183,01,02,Stockholms län,Stora Ursvik Milot
01830124,0183,01,02,Stockholms län,Brotorp/Kymlinge
01830125,0183,01,02,Stockholms län,Centrala SBG Tornparken
01830126,0183,01,02,Stockholms län,Stora Ursvik Kvarnkullen
01830127,0183,01,02,Stockholms län,Stora Ursviks Gård
01830128,0183,01,02,Stockholms län,Lilla Alby Bällstaviken
01830129,0183,01,02,Stockholms län,Stora Ursvik Forskningsringen
01830130,0183,01,02,Stockholms län,Lilla Ursvik
01830131,0183,01,02,Stockholms län,Hallonbergen Mellan
01830132,0183,01,02,Stockholms län,Rissne kv. Batteriet m.fl.
01830133,0183,01,02,Stockholms län,Stora Ursvik Västra
01840101,0184,01,02,Stockholms län,1 Järvastaden S
01840102,0184,01,02,Stockholms län,2 Ritorp-Nya Ulriksdal
01840103,0184,01,02,Stockholms län,3 Kungshamra
01840104,0184,01,02,Stockholms län,4 Bergshamra Ö
01840105,0184,01,02,Stockholms län,5 Haga
01840106,0184,01,02,Stockholms län,6 Huvudsta Ingenting
01840107,0184,01,02,Stockholms län,7 Huvudsta SO - Västraskogen
01840108,0184,01,02,Stockholms län,8 Huvudsta S
01840109,0184,01,02,Stockholms län,9 Huvudsta Centrum Ö
01840110,0184,01,02,Stockholms län,10 Huvudsta N
01840111,0184,01,02,Stockholms län,11 Huvudsta V
01840112,0184,01,02,Stockholms län,12 Huvudsta SV
01840129,0184,01,02,Stockholms län,29 Frösunda N
01840131,0184,01,02,Stockholms län,31 Frösunda Centrum
01840132,0184,01,02,Stockholms län,32 Bergshamra N
01840133,0184,01,02,Stockholms län,33 Bergshamra S
01840134,0184,01,02,Stockholms län,34 Ulriksdal- Bergshamra
01840135,0184,01,02,Stockholms län,35 Huvudsta Ö
01840137,0184,01,02,Stockholms län,37 Agnesberg
01840138,0184,01,02,Stockholms län,38 Bagartorp
01840139,0184,01,02,Stockholms län,39 Huvudsta Centrum V
01840142,0184,01,02,Stockholms län,42 Järvastaden N
01840143,0184,01,02,Stockholms län,43 Ritorp S-Frösunda
01840144,0184,01,02,Stockholms län,44 Huvudsta pampasparken
01840146,0184,01,02,Stockholms län,46 Järvastaden V
01840213,0184,01,02,Stockholms län,13 Skytteholm SO
01840214,0184,01,02,Stockholms län,14 Skytteholm S
01840215,0184,01,02,Stockholms län,15 Solna Centrum
01840216,0184,01,02,Stockholms län,16 Skytteholm SV
01840217,0184,01,02,Stockholms län,17 Råsunda SV
01840218,0184,01,02,Stockholms län,18 Råsunda Centrum
01840219,0184,01,02,Stockholms län,19 Råsunda V
01840220,0184,01,02,Stockholms län,20 Råsunda Filmstaden
01840221,0184,01,02,Stockholms län,21 Råsunda N
01840222,0184,01,02,Stockholms län,22 Arenastaden
01840223,0184,01,02,Stockholms län,23 Råsunda SO
01840224,0184,01,02,Stockholms län,24 Råsunda Ö
01840225,0184,01,02,Stockholms län,25 Haga Norra
01840226,0184,01,02,Stockholms län,26 Hagalund NV
01840227,0184,01,02,Stockholms län,27 Rudviken Västravägen
01840228,0184,01,02,Stockholms län,28 Hagalund S
01840230,0184,01,02,Stockholms län,30 Frösunda S
01840236,0184,01,02,Stockholms län,36 Råsunda NV - Näckrosen
01840240,0184,01,02,Stockholms län,40 Skytteholm N
01840241,0184,01,02,Stockholms län,41 Råsunda NO
01840245,0184,01,02,Stockholms län,45 Hagalund N
01860101,0186,01,02,Stockholms län,Sticklinge N
01860102,0186,01,02,Stockholms län,Sticklinge S - Islinge
01860103,0186,01,02,Stockholms län,Näset V
01860104,0186,01,02,Stockholms län,Näset Ö
01860105,0186,01,02,Stockholms län,Bo - Björnbo
01860106,0186,01,02,Stockholms län,Rudboda V - Bosön
01860107,0186,01,02,Stockholms län,Rudboda Ö - Yttringe - Elfvik
01860108,0186,01,02,Stockholms län,Torsvik N - Hersby N
01860109,0186,01,02,Stockholms län,Torsvik S - centrum
01860110,0186,01,02,Stockholms län,Herserud
01860111,0186,01,02,Stockholms län,Hersby S
01860112,0186,01,02,Stockholms län,Baggeby
01860113,0186,01,02,Stockholms län,Bodal
01860114,0186,01,02,Stockholms län,Hersby SÖ - Mosstorp
01860115,0186,01,02,Stockholms län,Gångsätra V
01860116,0186,01,02,Stockholms län,Larsberg N
01860117,0186,01,02,Stockholms län,Larsberg S
01860118,0186,01,02,Stockholms län,Gångsätra Ö
01860119,0186,01,02,Stockholms län,Skärsätra
01860120,0186,01,02,Stockholms län,Stockby - Mölna V - Fjäderholmarna
01860121,0186,01,02,Stockholms län,Mölna Ö - Brevik V
01860122,0186,01,02,Stockholms län,Brevik Ö - Käppala S
01860123,0186,01,02,Stockholms län,Gåshaga
01860124,0186,01,02,Stockholms län,Ekholmsnäs - Killinge
01860125,0186,01,02,Stockholms län,Käppala N
01860126,0186,01,02,Stockholms län,Dalénum
01870101,0187,01,02,Stockholms län,Vaxön Öst-Tynningö
01870102,0187,01,02,Stockholms län,Vaxön Mitt
01870103,0187,01,02,Stockholms län,Vaxön Väst-Karlsudd
01870104,0187,01,02,Stockholms län,Resarö Väst
01870105,0187,01,02,Stockholms län,Resarö Öst
01870106,0187,01,02,Stockholms län,Rindö-Skarpö
01870107,0187,01,02,Stockholms län,Kullö-Eriksö-Bogesund
01880101,0188,01,02,Stockholms län,Norrtälje - Kvisthamra
01880102,0188,01,02,Stockholms län,Norrtälje - Flygfältet
01880103,0188,01,02,Stockholms län,Norrtälje - Grossgärdet - Nordrona
01880104,0188,01,02,Stockholms län,Norrtälje - Bryggården
01880105,0188,01,02,Stockholms län,Norrtälje - Övre Bryggårdsgärdet
01880106,0188,01,02,Stockholms län,Norrtälje - Gransäter
01880107,0188,01,02,Stockholms län,Norrtälje - Grind
01880108,0188,01,02,Stockholms län,Norrtälje - Solbacka - Fågelsången
01880110,0188,01,02,Stockholms län,Norrtälje - Vigelsjö
01880111,0188,01,02,Stockholms län,Norrtälje - Stadskärnan
01880112,0188,01,02,Stockholms län,Norrtälje - Bältartorp
01880113,0188,01,02,Stockholms län,Norrtälje - Norra
01880114,0188,01,02,Stockholms län,Norrtälje - Norrtälje hamn
01880115,0188,01,02,Stockholms län,Norrtälje - Östra
01880201,0188,01,02,Stockholms län,Väddö Södra
01880301,0188,01,02,Stockholms län,Väddö Norra
01880302,0188,01,02,Stockholms län,Älmsta
01880501,0188,01,02,Stockholms län,Hallsta - Centrum
01880502,0188,01,02,Stockholms län,Hallsta - Norra
01880503,0188,01,02,Stockholms län,Herräng
01880504,0188,01,02,Stockholms län,Edebo och Häverö
01880801,0188,01,02,Stockholms län,Edsbro och Ununge
01880901,0188,01,02,Stockholms län,Fasterna
01881001,0188,01,02,Stockholms län,Rimbo - Bålbro-Västertorp
01881002,0188,01,02,Stockholms län,Rimbo - Centrum - Långsjö
01881003,0188,01,02,Stockholms län,Rimbo - Östra & Rö
01881004,0188,01,02,Stockholms län,Rimbo - Håsta-Vallby
01881101,0188,01,02,Stockholms län,Skederid och Husby-Sjuhundra
01881401,0188,01,02,Stockholms län,Gottröra och Närtuna
01881601,0188,01,02,Stockholms län,Lohärad - Malsta
01881801,0188,01,02,Stockholms län,Estuna
01881901,0188,01,02,Stockholms län,Söderbykarl
01882001,0188,01,02,Stockholms län,Roslags-Bro
01882101,0188,01,02,Stockholms län,Vätö
01882201,0188,01,02,Stockholms län,Rådmansö - Västra
01882202,0188,01,02,Stockholms län,Rådmansö - Östra
01882301,0188,01,02,Stockholms län,Frötuna - Östra
01882302,0188,01,02,Stockholms län,Frötuna - Västra
01882401,0188,01,02,Stockholms län,Blidö
01882501,0188,01,02,Stockholms län,Bergshamra
01882502,0188,01,02,Stockholms län,Hysingsvik
01882601,0188,01,02,Stockholms län,Riala
01910101,0191,01,02,Stockholms län,Sjudargården-S:t Per
01910102,0191,01,02,Stockholms län,Centrala Sigtuna-Utsikten-Viken
01910103,0191,01,02,Stockholms län,Brännbo-Klockbacken
01910122,0191,01,02,Stockholms län,Norra Sigtuna-Prästängen
01910125,0191,01,02,Stockholms län,Stadsängarna-Ragvaldsbo
01910204,0191,01,02,Stockholms län,Munkholmen
01910205,0191,01,02,Stockholms län,Björkbacka-Charlottenberg-Til
01910226,0191,01,02,Stockholms län,Rävsta-Steningehöjden
01910605,0191,01,02,Stockholms län,Arenberga
01910606,0191,01,02,Stockholms län,Östra Norrbacka-Rolsta
01910607,0191,01,02,Stockholms län,Gamla Märsta
01910608,0191,01,02,Stockholms län,Sätuna
01910609,0191,01,02,Stockholms län,Norra Ekilla
01910610,0191,01,02,Stockholms län,Centrala Märsta
01910611,0191,01,02,Stockholms län,Sundveda-Södra Ekilla
01910612,0191,01,02,Stockholms län,Tingvalla
01910617,0191,01,02,Stockholms län,Odensala
01910624,0191,01,02,Stockholms län,Nymärsta
01910819,0191,01,02,Stockholms län,Norra Rosersberg-Skånela
01910820,0191,01,02,Stockholms län,Södra Rosersberg
01910918,0191,01,02,Stockholms län,Lunda-Skepptuna-Vidbo
01911213,0191,01,02,Stockholms län,Östra Valsta
01911214,0191,01,02,Stockholms län,Norra Valsta
01911215,0191,01,02,Stockholms län,Valsta Centrum
01911216,0191,01,02,Stockholms län,Östra Steninge
01911221,0191,01,02,Stockholms län,Västra Steninge
01911223,0191,01,02,Stockholms län,Södra Valsta
01911224,0191,01,02,Stockholms län,Steninge slottsby
01920101,0192,01,02,Stockholms län,Nynäshamn  1 Sandhamn
01920102,0192,01,02,Stockholms län,Nynäshamn  2 Estö Ö
01920103,0192,01,02,Stockholms län,Nynäshamn  3 Estö V
01920104,0192,01,02,Stockholms län,Nynäshamn  4 Centrala Nynäs
01920105,0192,01,02,Stockholms län,Nynäshamn  5 Gröndal
01920107,0192,01,02,Stockholms län,Nynäshamn  7 Via
01920108,0192,01,02,Stockholms län,Nynäshamn  8 Kullsta
01920109,0192,01,02,Stockholms län,Nynäshamn  9 Nicksta
01920110,0192,01,02,Stockholms län,Nynäshamn 10 Vaktberget
01920111,0192,01,02,Stockholms län,Nynäshamn 11 Hacktorp
01920218,0192,01,02,Stockholms län,Nynäshamn 18 Sorunda S
01920219,0192,01,02,Stockholms län,Nynäshamn 19 Mellersta Sorunda
01920220,0192,01,02,Stockholms län,Nynäshamn 20 Sorunda N
01920317,0192,01,02,Stockholms län,Nynäshamn 17 Torö
01920413,0192,01,02,Stockholms län,Nynäshamn 13 Ösmo V
01920414,0192,01,02,Stockholms län,Nynäshamn 14 Ösmo Ö
01920415,0192,01,02,Stockholms län,Nynäshamn 15 Ösmo S
01920416,0192,01,02,Stockholms län,Nynäshamn 16 Ösmo N
03050101,0305,03,03,Uppsala län,Mansängen - Draget
03050102,0305,03,03,Uppsala län,Skörby - Gillmarken
03050103,0305,03,03,Uppsala län,Västerängen - Åkerby
03050104,0305,03,03,Uppsala län,Råby - Frösunda
03050106,0305,03,03,Uppsala län,Väppeby äng - Kalmarsand
03050107,0305,03,03,Uppsala län,Väppebyberget - Viby äng
03050206,0305,03,03,Uppsala län,Gamla Bålsta - Pomona
03050207,0305,03,03,Uppsala län,Åsenområdet
03050309,0305,03,03,Uppsala län,Häggeby - Övergran
03050310,0305,03,03,Uppsala län,Krägga - Graneberg
03050410,0305,03,03,Uppsala län,Skokloster
03190106,0319,03,03,Uppsala län,Gårdskär
03190107,0319,03,03,Uppsala län,Östanån
03190108,0319,03,03,Uppsala län,Älvkarleö bruk - Marma
03190202,0319,03,03,Uppsala län,Jungfruholmen
03190204,0319,03,03,Uppsala län,Skutskärs Centrum
03190205,0319,03,03,Uppsala län,Boda
03303259,0330,03,03,Uppsala län,Lagga - Östuna
03303363,0330,03,03,Uppsala län,Vassunda
03303364,0330,03,03,Uppsala län,Norra Alsike
03303365,0330,03,03,Uppsala län,Vrå
03303366,0330,03,03,Uppsala län,Boängen
03303369,0330,03,03,Uppsala län,Sågen
03303566,0330,03,03,Uppsala län,Tallbacken
03303567,0330,03,03,Uppsala län,Östra Knivsta
03303568,0330,03,03,Uppsala län,Södra Knivsta
03303570,0330,03,03,Uppsala län,Västra Knivsta
03303571,0330,03,03,Uppsala län,Gredelby
03303775,0330,03,03,Uppsala län,Husby - Långhundra
03310101,0331,03,03,Uppsala län,Västerlövsta Västra - Enåker
03310102,0331,03,03,Uppsala län,Västerlövsta Östra - Huddunge
03310405,0331,03,03,Uppsala län,Morgongåva
03310508,0331,03,03,Uppsala län,Tärnsjö
03310609,0331,03,03,Uppsala län,Östervåla
03310711,0331,03,03,Uppsala län,Harbo
03600101,0360,03,03,Uppsala län,Vallskoga
03600102,0360,03,03,Uppsala län,Tierps köping södra
03600103,0360,03,03,Uppsala län,Tierps köping norra
03600104,0360,03,03,Uppsala län,Svanby
03600302,0360,03,03,Uppsala län,Örbyhus Sydväst
03600303,0360,03,03,Uppsala län,Örbyhus Nordost
03600305,0360,03,03,Uppsala län,Vendel
03600406,0360,03,03,Uppsala län,Tobo
03600508,0360,03,03,Uppsala län,Kyrkbyn
03600510,0360,03,03,Uppsala län,Månkarbo
03600611,0360,03,03,Uppsala län,Söderfors
03600713,0360,03,03,Uppsala län,Västland - Karlholm
03600817,0360,03,03,Uppsala län,Skärplinge
03600918,0360,03,03,Uppsala län,Hållnäs
03800001,0380,03,03,Uppsala län,Fjärdingen-Vasaparken
03800002,0380,03,03,Uppsala län,Fjärdingen-Sankt Johannes
03800003,0380,03,03,Uppsala län,Fjärdingen-Odinslund
03800004,0380,03,03,Uppsala län,Luthagen östra
03800005,0380,03,03,Uppsala län,Fjärdingen-Orphei Drängars plats
03800006,0380,03,03,Uppsala län,Centrum-Linnéträdgården-Mikaelsplan
03800008,0380,03,03,Uppsala län,Centrum-Stora torget
03800009,0380,03,03,Uppsala län,Centrum södra
03800010,0380,03,03,Uppsala län,Centrum-Samariterhemmet
03800011,0380,03,03,Uppsala län,Höganäs västra
03800012,0380,03,03,Uppsala län,Centrum-Höganäs-Kvarnen
03800013,0380,03,03,Uppsala län,Fålhagen-Östra station
03800014,0380,03,03,Uppsala län,Kungsängen mellersta
03800015,0380,03,03,Uppsala län,Kungsängen södra
03800016,0380,03,03,Uppsala län,Kungsängen-Hovstallängen
03800017,0380,03,03,Uppsala län,Kungsängen västra
03800018,0380,03,03,Uppsala län,Kungsängen nordöstra
03800042,0380,03,03,Uppsala län,Svartbäcken södra
03800043,0380,03,03,Uppsala län,Svartbäcken-Fyrishov
03800044,0380,03,03,Uppsala län,Tuna backar
03800045,0380,03,03,Uppsala län,Bärby hage-Tunaberg
03800048,0380,03,03,Uppsala län,Svartbäcken norra
03800049,0380,03,03,Uppsala län,Kapellgärdet-Tornet
03800050,0380,03,03,Uppsala län,Kapellgärdet norra
03800051,0380,03,03,Uppsala län,Kapellgärdet-Djäknegatan
03800052,0380,03,03,Uppsala län,Kapellgärdet-Väktargatan
03800053,0380,03,03,Uppsala län,Kapellgärdet-Kantorsgatan
03800055,0380,03,03,Uppsala län,Höganäs östra
03800056,0380,03,03,Uppsala län,Kvarngärdet södra
03800057,0380,03,03,Uppsala län,Kvarngärdet norra
03800058,0380,03,03,Uppsala län,Gränby södra
03800059,0380,03,03,Uppsala län,Gränby norra-Brillinge
03800060,0380,03,03,Uppsala län,Gränby sydvästra
03800061,0380,03,03,Uppsala län,Gränby nordvästra
03800063,0380,03,03,Uppsala län,Löten östra
03800064,0380,03,03,Uppsala län,Löten norra
03800065,0380,03,03,Uppsala län,Löten västra
03800066,0380,03,03,Uppsala län,Nyby gård
03800067,0380,03,03,Uppsala län,Gamla Uppsala-Yrsaparken
03800068,0380,03,03,Uppsala län,Nyby södra
03800069,0380,03,03,Uppsala län,Nyby norra
03800070,0380,03,03,Uppsala län,Gamla Uppsala
03800091,0380,03,03,Uppsala län,Luthagen norra
03800092,0380,03,03,Uppsala län,Luthagen mellersta
03800093,0380,03,03,Uppsala län,Studentstaden-Observatoriet
03800094,0380,03,03,Uppsala län,Studentstaden-Rackarberget
03800095,0380,03,03,Uppsala län,Studentstaden-Studentvägen
03800096,0380,03,03,Uppsala län,Luthagen sydvästra
03800097,0380,03,03,Uppsala län,Luthagen-Tiundaskolan
03800098,0380,03,03,Uppsala län,Rickomberga
03800100,0380,03,03,Uppsala län,Luthagen-Seminariet
03800101,0380,03,03,Uppsala län,Luthagen-Eriksdal
03800102,0380,03,03,Uppsala län,Luthagen-Prästgårdsgatan
03800103,0380,03,03,Uppsala län,Husbyborg-Börjetull
03800104,0380,03,03,Uppsala län,Luthagen-Mimmi Ekholms plats-Hällby
03800105,0380,03,03,Uppsala län,Stenhagen norra
03800106,0380,03,03,Uppsala län,Stenhagen västra-Kvarnbo
03800108,0380,03,03,Uppsala län,Stenhagen södra
03800131,0380,03,03,Uppsala län,Fålhagen-S:t Göransplan
03800132,0380,03,03,Uppsala län,Fålhagen-Almtuna
03800133,0380,03,03,Uppsala län,Fålhagen norra
03800135,0380,03,03,Uppsala län,Fålhagen södra-Boländerna
03800138,0380,03,03,Uppsala län,Sala backe västra
03800139,0380,03,03,Uppsala län,Sala backe-Byggmästaren
03800140,0380,03,03,Uppsala län,Sala backe södra
03800141,0380,03,03,Uppsala län,Sala backe-Skomakarberget
03800142,0380,03,03,Uppsala län,Sala backe norra
03800143,0380,03,03,Uppsala län,Sala backe-Källparken
03800144,0380,03,03,Uppsala län,Sala backe-Östra Sala backe
03800145,0380,03,03,Uppsala län,Sala backe-Byggmästarparken
03800146,0380,03,03,Uppsala län,Årsta norra
03800147,0380,03,03,Uppsala län,Årsta mellersta
03800149,0380,03,03,Uppsala län,Årsta-Körveln
03800150,0380,03,03,Uppsala län,Årsta östra
03800151,0380,03,03,Uppsala län,Slavsta-Fyrislund
03800181,0380,03,03,Uppsala län,Ekeby
03800182,0380,03,03,Uppsala län,Berthåga-Flogsta Flogstavallen
03800183,0380,03,03,Uppsala län,Flogsta södra-Ekeby södra
03800184,0380,03,03,Uppsala län,Flogsta-Sernanders väg
03800186,0380,03,03,Uppsala län,Flogsta västra
03800187,0380,03,03,Uppsala län,Kåbo östra
03800188,0380,03,03,Uppsala län,Kåbo västra-Kungsgärdet
03800190,0380,03,03,Uppsala län,Eriksberg-Sommarro
03800191,0380,03,03,Uppsala län,Eriksberg-Västertorg
03800192,0380,03,03,Uppsala län,Eriksberg östra
03800193,0380,03,03,Uppsala län,Eriksberg-Marmorvägen
03800195,0380,03,03,Uppsala län,Norby östra
03800196,0380,03,03,Uppsala län,Norby västra
03800197,0380,03,03,Uppsala län,Eriksberg-Håga
03800221,0380,03,03,Uppsala län,Kungsängens gård-Vilan-Bergsbrunna
03800222,0380,03,03,Uppsala län,Nåntuna
03800225,0380,03,03,Uppsala län,Sävja nordvästra
03800226,0380,03,03,Uppsala län,Sävja nordöstra
03800228,0380,03,03,Uppsala län,Sävja södra
03800241,0380,03,03,Uppsala län,Rosendal västra
03800243,0380,03,03,Uppsala län,Rosendal nordvästra
03800244,0380,03,03,Uppsala län,Rosendal nordöstra
03800245,0380,03,03,Uppsala län,Rosendal mellersta
03800246,0380,03,03,Uppsala län,Rosendal sydöstra
03800250,0380,03,03,Uppsala län,Ultuna-Ulleråker-Polacksbacken
03800251,0380,03,03,Uppsala län,Ulleråker södra
03800253,0380,03,03,Uppsala län,Bäcklösa norra
03800254,0380,03,03,Uppsala län,Bäcklösa södra
03800262,0380,03,03,Uppsala län,Valsätra norra
03800265,0380,03,03,Uppsala län,Valsätra-Spinnrocksvägen
03800266,0380,03,03,Uppsala län,Valsätra sydvästra
03800267,0380,03,03,Uppsala län,Gamla Gottsunda-Vårdsätra
03800268,0380,03,03,Uppsala län,Gottsunda norra
03800269,0380,03,03,Uppsala län,Gottsunda-Stenhammarsparken
03800270,0380,03,03,Uppsala län,Gottsunda Centrum
03800271,0380,03,03,Uppsala län,Gottsunda mellersta
03800272,0380,03,03,Uppsala län,Gottsunda östra
03800274,0380,03,03,Uppsala län,Sunnersta östra
03800275,0380,03,03,Uppsala län,Sunnersta norra
03800276,0380,03,03,Uppsala län,Sunnersta mellersta
03800277,0380,03,03,Uppsala län,Sunnersta södra
03800301,0380,03,03,Uppsala län,Björklinge västra
03800302,0380,03,03,Uppsala län,Björklinge östra
03800305,0380,03,03,Uppsala län,Björklinge glesbygd-Viksta västra
03800310,0380,03,03,Uppsala län,Tensta södra-Viksta östra
03800311,0380,03,03,Uppsala län,Skyttorp-Tensta norra-Lena norra
03800312,0380,03,03,Uppsala län,Vattholma tätort
03800321,0380,03,03,Uppsala län,Storvreta-Lyckebo
03800325,0380,03,03,Uppsala län,Storvretabygden-Fullerö hage
03800328,0380,03,03,Uppsala län,Storvreta norra
03800329,0380,03,03,Uppsala län,Storvreta mellersta
03800340,0380,03,03,Uppsala län,Börje-Vänge östra
03800342,0380,03,03,Uppsala län,Lövstalöt
03800343,0380,03,03,Uppsala län,Jumkil-Åkerby
03800344,0380,03,03,Uppsala län,Bälinge västra tätort
03800348,0380,03,03,Uppsala län,Bälinge glesbygd och östra tätort
03800349,0380,03,03,Uppsala län,Skuttunge-Åkerlänna
03800360,0380,03,03,Uppsala län,Lindbacken
03800361,0380,03,03,Uppsala län,Vaksala-Jälla-Skölsta
03800363,0380,03,03,Uppsala län,Gåvsta
03800367,0380,03,03,Uppsala län,Rasbokil-Södra Rasbobygden
03800368,0380,03,03,Uppsala län,Stavby-Tuna
03800381,0380,03,03,Uppsala län,Danmark-Kumla
03800382,0380,03,03,Uppsala län,Gunsta tätort
03800383,0380,03,03,Uppsala län,Funbo-Marielund
03800384,0380,03,03,Uppsala län,Länna
03800385,0380,03,03,Uppsala län,Almunge
03800389,0380,03,03,Uppsala län,Knutby-Faringe-Bladåker
03800401,0380,03,03,Uppsala län,Vreta Ytternäs-Bodarna-Uppsala Näs Ö
03800402,0380,03,03,Uppsala län,Dalby-Uppsala Näs västra-Västeråker
03800403,0380,03,03,Uppsala län,Balingsta-Ramsta-Hagby
03800404,0380,03,03,Uppsala län,Vänge tätort
03800408,0380,03,03,Uppsala län,Vänge västra-Skogstibble
03800409,0380,03,03,Uppsala län,Järlåsa-Skyttstennäs
03810105,0381,03,03,Uppsala län,Kryddgården
03810106,0381,03,03,Uppsala län,Munksundet
03810107,0381,03,03,Uppsala län,Västerleden S
03810108,0381,03,03,Uppsala län,S:t Ilian S
03810109,0381,03,03,Uppsala län,Bergvreten
03810110,0381,03,03,Uppsala län,Korsängen
03810111,0381,03,03,Uppsala län,Gånsta
03810112,0381,03,03,Uppsala län,Fanna
03810113,0381,03,03,Uppsala län,Åkersberg
03810114,0381,03,03,Uppsala län,Bredsand
03810120,0381,03,03,Uppsala län,S:t Ilian N
03810122,0381,03,03,Uppsala län,Enögla
03810123,0381,03,03,Uppsala län,Västerleden N
03810124,0381,03,03,Uppsala län,Romberga
03810127,0381,03,03,Uppsala län,Sparrsätra
03810225,0381,03,03,Uppsala län,Svinnegarn
03810526,0381,03,03,Uppsala län,Hummelsta
03810901,0381,03,03,Uppsala län,Lillkyrka
03811703,0381,03,03,Uppsala län,Grillby
03811804,0381,03,03,Uppsala län,Skolsta
03812128,0381,03,03,Uppsala län,Örsundsbro Ö
03812629,0381,03,03,Uppsala län,Örsundsbro V
03813132,0381,03,03,Uppsala län,Fjärdhundra
03813331,0381,03,03,Uppsala län,Torstuna
03820101,0382,03,03,Uppsala län,Östhammars centrum
03820118,0382,03,03,Uppsala län,Kristinelund - Boda
03820208,0382,03,03,Uppsala län,Norrskedika - Valö - Forsmark
03820403,0382,03,03,Uppsala län,Öregrund norra - Gräsö
03820404,0382,03,03,Uppsala län,Öregrund södra - Söderön
03820405,0382,03,03,Uppsala län,Ed
03820606,0382,03,03,Uppsala län,Hargshamn - Boda
03820910,0382,03,03,Uppsala län,Alunda tätort
03820911,0382,03,03,Uppsala län,Alunda - Ekeby
03821113,0382,03,03,Uppsala län,Gimo Västra
03821114,0382,03,03,Uppsala län,Gimo - Hökhuvud - Vattensta
03821315,0382,03,03,Uppsala län,Österbybruk - Morkarla
03821316,0382,03,03,Uppsala län,Österbybruk - Dannemora - Film
04280101,0428,04,04,Södermanlands län,Centrum
04280102,0428,04,04,Södermanlands län,Norra
04280104,0428,04,04,Södermanlands län,Södra
04280105,0428,04,04,Södermanlands län,Högsjö
04280106,0428,04,04,Södermanlands län,Baggetorp-Marmorbyn
04280201,0428,04,04,Södermanlands län,Österåker
04610101,0461,04,04,Södermanlands län,Freja
04610102,0461,04,04,Södermanlands län,Dansut
04610103,0461,04,04,Södermanlands län,Gnesta Centralt
04610104,0461,04,04,Södermanlands län,Frönäs
04610305,0461,04,04,Södermanlands län,Gåsinge-Dillnäs
04610406,0461,04,04,Södermanlands län,Björnlunda
04610506,0461,04,04,Södermanlands län,Gryt
04800001,0480,04,04,Södermanlands län,Centrum
04800002,0480,04,04,Södermanlands län,Väster
04800003,0480,04,04,Södermanlands län,Nicolai
04800004,0480,04,04,Södermanlands län,Stadsfjärden
04800005,0480,04,04,Södermanlands län,Högbrunn
04800006,0480,04,04,Södermanlands län,Arnö Långsätter
04800007,0480,04,04,Södermanlands län,Arnö Herrhagen
04800008,0480,04,04,Södermanlands län,Rosenhill
04800009,0480,04,04,Södermanlands län,Oppeby
04800010,0480,04,04,Södermanlands län,Oppeby gård
04800011,0480,04,04,Södermanlands län,Alla Helgona
04800012,0480,04,04,Södermanlands län,Öster
04800013,0480,04,04,Södermanlands län,Isaksdal
04800014,0480,04,04,Södermanlands län,Östra Brandkärr
04800015,0480,04,04,Södermanlands län,Ekensberg
04800016,0480,04,04,Södermanlands län,Västra Brandkärr
04800017,0480,04,04,Södermanlands län,Östra Bergen
04800018,0480,04,04,Södermanlands län,Stenkulla
04800019,0480,04,04,Södermanlands län,Rosenkälla
04800020,0480,04,04,Södermanlands län,Brandholmen
04800021,0480,04,04,Södermanlands län,Bryngelstorp
04800022,0480,04,04,Södermanlands län,Ängstugan
04800023,0480,04,04,Södermanlands län,Helgona
04800024,0480,04,04,Södermanlands län,Hagalund
04800025,0480,04,04,Södermanlands län,Svärta
04800026,0480,04,04,Södermanlands län,Tystberga
04800027,0480,04,04,Södermanlands län,Koppartorp
04800028,0480,04,04,Södermanlands län,Nävekvarn
04800029,0480,04,04,Södermanlands län,Bergshammar
04800030,0480,04,04,Södermanlands län,Tuna
04800031,0480,04,04,Södermanlands län,Lunda
04800032,0480,04,04,Södermanlands län,Kila
04800033,0480,04,04,Södermanlands län,Stigtomta Centrum
04800034,0480,04,04,Södermanlands län,Stigtomta Ytterområde
04800035,0480,04,04,Södermanlands län,Vrena
04800036,0480,04,04,Södermanlands län,Råby-Ripsa
04800037,0480,04,04,Södermanlands län,Runtuna
04800038,0480,04,04,Södermanlands län,Folkungavägen
04800039,0480,04,04,Södermanlands län,Bränn-Ekeby
04810101,0481,04,04,Södermanlands län,Norra innerstaden
04810102,0481,04,04,Södermanlands län,Södra innerstaden
04810103,0481,04,04,Södermanlands län,Dalgången
04810104,0481,04,04,Södermanlands län,Frösäng
04810105,0481,04,04,Södermanlands län,Sunda
04810106,0481,04,04,Södermanlands län,Peterslund
04810107,0481,04,04,Södermanlands län,Danvik
04820101,0482,04,04,Södermanlands län,Flens västra
04820102,0482,04,04,Södermanlands län,Flens norra
04820103,0482,04,04,Södermanlands län,Flens östra
04820104,0482,04,04,Södermanlands län,Flens södra
04820105,0482,04,04,Södermanlands län,Flens centrum
04820209,0482,04,04,Södermanlands län,Helgesta-Hyltinge
04820507,0482,04,04,Södermanlands län,Malmköping västra
04820508,0482,04,04,Södermanlands län,Malmköping östra
04820705,0482,04,04,Södermanlands län,Mellösa
04820706,0482,04,04,Södermanlands län,Hälleforsnäs
04820810,0482,04,04,Södermanlands län,Bettna
04830001,0483,04,04,Södermanlands län,Gamla vattentornet
04830002,0483,04,04,Södermanlands län,Norr city
04830003,0483,04,04,Södermanlands län,Lövåsen
04830004,0483,04,04,Södermanlands län,Lokstallarna
04830005,0483,04,04,Södermanlands län,Öster
04830006,0483,04,04,Södermanlands län,Centrum
04830007,0483,04,04,Södermanlands län,Oppunda
04830008,0483,04,04,Södermanlands län,Skogsborg
04830009,0483,04,04,Södermanlands län,Duveholm
04830010,0483,04,04,Södermanlands län,Laggarhult
04830011,0483,04,04,Södermanlands län,Nyhem
04830012,0483,04,04,Södermanlands län,Nävertorp
04830013,0483,04,04,Södermanlands län,Värmbol
04830014,0483,04,04,Södermanlands län,Bie
04830015,0483,04,04,Södermanlands län,Julita
04830016,0483,04,04,Södermanlands län,Sköldinge-Floda
04830017,0483,04,04,Södermanlands län,Valla
04830018,0483,04,04,Södermanlands län,Forssjö
04830019,0483,04,04,Södermanlands län,Björkvik
04840101,0484,04,04,Södermanlands län,Eskilstuna Centrum Norra
04840102,0484,04,04,Södermanlands län,Nyfors Centrum Västra
04840103,0484,04,04,Södermanlands län,Nyfors Centrum Östra
04840104,0484,04,04,Södermanlands län,Nyfors Östra
04840106,0484,04,04,Södermanlands län,Övre Nyfors
04840107,0484,04,04,Södermanlands län,Västermalm - Brunnsbacken
04840108,0484,04,04,Södermanlands län,Västermalm - Myrtorp
04840109,0484,04,04,Södermanlands län,Fröslunda-Tallåsparken
04840110,0484,04,04,Södermanlands län,Fröslunda-Björkhultsvägen
04840111,0484,04,04,Södermanlands län,Råbergstorp - Lagersberg
04840112,0484,04,04,Södermanlands län,Tunavallen
04840113,0484,04,04,Södermanlands län,Lundby - Gredby
04840114,0484,04,04,Södermanlands län,Ekeby - Brottsta
04840115,0484,04,04,Södermanlands län,Stenby
04840116,0484,04,04,Södermanlands län,Mesta
04840117,0484,04,04,Södermanlands län,Gamla Staden
04840118,0484,04,04,Södermanlands län,Slottsbacken
04840119,0484,04,04,Södermanlands län,Stadsparken Östra
04840120,0484,04,04,Södermanlands län,Ekbacken
04840121,0484,04,04,Södermanlands län,Eskilshem - Röksta
04840122,0484,04,04,Södermanlands län,Årby
04840124,0484,04,04,Södermanlands län,Munktellstaden - Valhalla
04840125,0484,04,04,Södermanlands län,Ärna
04840126,0484,04,04,Södermanlands län,Måsta - Helgestahill
04840127,0484,04,04,Södermanlands län,Slagsta
04840128,0484,04,04,Södermanlands län,Ärsta - Sal - Skiftinge Norra
04840129,0484,04,04,Södermanlands län,Skiftinge Södra
04840130,0484,04,04,Södermanlands län,Östermalm
04840131,0484,04,04,Södermanlands län,Hisingsbacke
04840132,0484,04,04,Södermanlands län,Sveaplan - Sjukhusområdet
04840134,0484,04,04,Södermanlands län,Eskilsparken
04840135,0484,04,04,Södermanlands län,Söderängsparken
04840136,0484,04,04,Södermanlands län,Lustigbacke
04840137,0484,04,04,Södermanlands län,Snopptorp - Skogsängen Västra
04840138,0484,04,04,Södermanlands län,Viptorp - Skogsängen Östra
04840139,0484,04,04,Södermanlands län,Odlaren - Hagnestahill
04840140,0484,04,04,Södermanlands län,Solvik - Kogne - Roxnäs
04840141,0484,04,04,Södermanlands län,Krusgården
04840142,0484,04,04,Södermanlands län,Göksten
04840143,0484,04,04,Södermanlands län,Torshälla Centrum och Gamla staden
04840144,0484,04,04,Södermanlands län,Edvardslund - Haga
04840145,0484,04,04,Södermanlands län,Kjula
04840146,0484,04,04,Södermanlands län,Barva - Jäder
04840147,0484,04,04,Södermanlands län,Hammarby - Vallby
04840148,0484,04,04,Södermanlands län,Hällbybrunn Södra - Råby-Rekarne
04840149,0484,04,04,Södermanlands län,Hällbybrunn Norra
04840150,0484,04,04,Södermanlands län,Kvicksund
04840151,0484,04,04,Södermanlands län,Gillberga - Lista
04840152,0484,04,04,Södermanlands län,Öja - Västermo
04840153,0484,04,04,Södermanlands län,Näshulta
04840154,0484,04,04,Södermanlands län,Skogstorp Norra
04840155,0484,04,04,Södermanlands län,Skogstorp Södra
04840156,0484,04,04,Södermanlands län,Hållsta
04840157,0484,04,04,Södermanlands län,Hällberga
04840158,0484,04,04,Södermanlands län,Ärla
04840159,0484,04,04,Södermanlands län,Borsökna Västra
04840160,0484,04,04,Södermanlands län,Eskilstuna Centrum Södra och Väster
04840161,0484,04,04,Södermanlands län,Sundbyholm
04840162,0484,04,04,Södermanlands län,Mälarbaden - Mälby - Ängsholmen
04840164,0484,04,04,Södermanlands län,Borsökna Östra
04840165,0484,04,04,Södermanlands län,Stadsparken Västra
04860101,0486,04,04,Södermanlands län,Eldsund-Tingstuhöjden
04860102,0486,04,04,Södermanlands län,Ulvhäll-Långberget
04860103,0486,04,04,Södermanlands län,Tallåsen-Sörgärdet
04860104,0486,04,04,Södermanlands län,Kyrkberget-Kvarnbacken
04860105,0486,04,04,Södermanlands län,Stadsskogen
04860106,0486,04,04,Södermanlands län,Finninge
04860107,0486,04,04,Södermanlands län,Dammen-Malmby-Löt
04860108,0486,04,04,Södermanlands län,Strängnäs centrum
04860109,0486,04,04,Södermanlands län,Stavlund -Södra Tosterö
04860110,0486,04,04,Södermanlands län,Norra Tosterö - Aspö
04860111,0486,04,04,Södermanlands län,Storgärdet-Sidöparken
04860112,0486,04,04,Södermanlands län,Abborrberget - Sundby
04860401,0486,04,04,Södermanlands län,Mariefred C
04860402,0486,04,04,Södermanlands län,Öster-Ekhov-Kalkudden
04860403,0486,04,04,Södermanlands län,Slottsbrinken-Viggeby
04860404,0486,04,04,Södermanlands län,Marielund-Hedlandet
04860501,0486,04,04,Södermanlands län,Länna
04860601,0486,04,04,Södermanlands län,Åker S
04860602,0486,04,04,Södermanlands län,Åker N
04860701,0486,04,04,Södermanlands län,Toresund
04860801,0486,04,04,Södermanlands län,Ytterselö-Överselö
04861301,0486,04,04,Södermanlands län,Härad
04861401,0486,04,04,Södermanlands län,Vårfruberga
04880101,0488,04,04,Södermanlands län,Trosa sydost
04880102,0488,04,04,Södermanlands län,Trosa sydväst
04880103,0488,04,04,Södermanlands län,Trosa södra
04880104,0488,04,04,Södermanlands län,Trosa centrum
04880105,0488,04,04,Södermanlands län,Trosa nordväst
04880106,0488,04,04,Södermanlands län,Trosa norra
04880201,0488,04,04,Södermanlands län,Vagnhärad norra
04880202,0488,04,04,Södermanlands län,Vagnhärad södra
04880203,0488,04,04,Södermanlands län,Vagnhärad västra
04880204,0488,04,04,Södermanlands län,Vagnhärad östra
04880301,0488,04,04,Södermanlands län,Västerljung
05090401,0509,05,05,Östergötlands län,Alvastra
05090501,0509,05,05,Östergötlands län,Ödeshög
05090601,0509,05,05,Östergötlands län,Holaveden
05120501,0512,05,05,Östergötlands län,Österbymo-Norra Vi-Rydsnäs-Svinhult
05120601,0512,05,05,Östergötlands län,Hestra-Asby
05130201,0513,05,05,Östergötlands län,Kisa samhälle
05130202,0513,05,05,Östergötlands län,Kisa västra
05130203,0513,05,05,Östergötlands län,Kisa sydöstra
05130401,0513,05,05,Östergötlands län,Horn-Hycklinge-Björkfors
05130901,0513,05,05,Östergötlands län,Rimforsa S
05130902,0513,05,05,Östergötlands län,Rimforsa N
05600201,0560,05,05,Östergötlands län,Boxholm Östra-Malexander-Blåvik
05600202,0560,05,05,Östergötlands län,Boxholm Västra m fl
05600401,0560,05,05,Östergötlands län,Strålsnäs-Åsbo-Ekeby-Rinna
05610301,0561,05,05,Östergötlands län,Åtvidabergs centrum 1
05610302,0561,05,05,Östergötlands län,Åtvidabergs centrum 2
05610303,0561,05,05,Östergötlands län,Åtvidaberg syd
05610304,0561,05,05,Östergötlands län,Åtvidaberg öst
05610305,0561,05,05,Östergötlands län,Åtvidaberg nord
05620101,0562,05,05,Östergötlands län,Centrum
05620102,0562,05,05,Östergötlands län,Bergska
05620103,0562,05,05,Östergötlands län,Svälthagen
05620105,0562,05,05,Östergötlands län,Viggestorp
05620106,0562,05,05,Östergötlands län,Östermalm
05620108,0562,05,05,Östergötlands län,Storängen
05620109,0562,05,05,Östergötlands län,Grosvad
05620110,0562,05,05,Östergötlands län,Lotorp
05620111,0562,05,05,Östergötlands län,Hårstorp Södra
05620112,0562,05,05,Östergötlands län,Hårstorp Norra
05620113,0562,05,05,Östergötlands län,Nyhem
05620205,0562,05,05,Östergötlands län,Grytgöl-Ljusfallshammar
05620206,0562,05,05,Östergötlands län,Hällestad-Sonstorp
05620301,0562,05,05,Östergötlands län,Regna
05620402,0562,05,05,Östergötlands län,Rejmyre
05620404,0562,05,05,Östergötlands län,Hävla
05630101,0563,05,05,Östergötlands län,Valdemarsvik 1
05630102,0563,05,05,Östergötlands län,Valdemarsvik 2
05630201,0563,05,05,Östergötlands län,Ringarum
05630202,0563,05,05,Östergötlands län,Gusum
05630401,0563,05,05,Östergötlands län,Gryt
05630501,0563,05,05,Östergötlands län,Tryserum-Östra Ed
05800101,0580,05,05,Östergötlands län,Domkyrko 1 (Nedre Vasastaden V)
05800102,0580,05,05,Östergötlands län,Domkyrko 2 (Hunneberg)
05800103,0580,05,05,Östergötlands län,Domkyrko 3 (Övre Vasastaden Ö)
05800104,0580,05,05,Östergötlands län,Domkyrko 4 (Övre Vasastaden V)
05800105,0580,05,05,Östergötlands län,Domkyrko 5 (Nedre Vasastaden Ö)
05800106,0580,05,05,Östergötlands län,Domkyrko 6 (Kanberget mfl)
05800107,0580,05,05,Östergötlands län,Domkyrko 7 (Innerstaden S)
05800108,0580,05,05,Östergötlands län,Domkyrko 8 (Ekkällan-Stolplyckan)
05800109,0580,05,05,Östergötlands län,Domkyrko 9 (Gottfridsberg NO)
05800110,0580,05,05,Östergötlands län,Domkyrko 10 (Gottfridsberg SO)
05800111,0580,05,05,Östergötlands län,Domkyrko 11 (Fridhem)
05800112,0580,05,05,Östergötlands län,Domkyrko 12 (Barhäll-Tornhagen)
05800113,0580,05,05,Östergötlands län,Domkyrko 13 (Åbylund)
05800114,0580,05,05,Östergötlands län,Domkyrko 14 (Valla)
05800115,0580,05,05,Östergötlands län,Domkyrko 15 (T1 N)
05800116,0580,05,05,Östergötlands län,Domkyrko 16 (T1 S)
05800117,0580,05,05,Östergötlands län,Domkyrko 17 (Innerstaden N)
05800118,0580,05,05,Östergötlands län,Domkyrko 18 (Övre Vasastaden N)
05800119,0580,05,05,Östergötlands län,Domkyrko 19 (Folkets Park)
05800120,0580,05,05,Östergötlands län,Domkyrko 20 (Vallastaden N)
05800121,0580,05,05,Östergötlands län,Domkyrko 21 (Vallastaden S)
05800122,0580,05,05,Östergötlands län,Domkyrko 22 (Ebbe Park)
05800201,0580,05,05,Östergötlands län,S:t Lars 1 (Innerstaden NO)
05800202,0580,05,05,Östergötlands län,S:t Lars 2 (Innerstaden Ö)
05800203,0580,05,05,Östergötlands län,S:t Lars 3 (Hejdegården)
05800204,0580,05,05,Östergötlands län,S:t Lars 4 (Kungsberget V mfl)
05800205,0580,05,05,Östergötlands län,S:t Lars 5 (Kungsberget-Tannefors N)
05800206,0580,05,05,Östergötlands län,S:t Lars 6 (Råberga-Tannefors S)
05800207,0580,05,05,Östergötlands län,S:t Lars 7 (Innerstaden SO)
05800208,0580,05,05,Östergötlands län,S:t Lars 8 (Stångån V)
05800301,0580,05,05,Östergötlands län,Landeryd 1 (Hackefors mfl)
05800302,0580,05,05,Östergötlands län,Landeryd 2 (Ekholmen NO mfl)
05800303,0580,05,05,Östergötlands län,Landeryd 3 (Kvinneby mfl)
05800304,0580,05,05,Östergötlands län,Landeryd 4 (Ekholmen NV)
05800305,0580,05,05,Östergötlands län,Landeryd 5 (Ekholmen SO)
05800306,0580,05,05,Östergötlands län,Landeryd 6 (Hjulsbro mellersta)
05800307,0580,05,05,Östergötlands län,Landeryd 7 (Ekholmen SV)
05800308,0580,05,05,Östergötlands län,Landeryd 8 (Ullstämma)
05800309,0580,05,05,Östergötlands län,Landeryd 9 (Möjetorp-Holmen)
05800401,0580,05,05,Östergötlands län,Slaka 1 (Lambohov C)
05800402,0580,05,05,Östergötlands län,Slaka 2 (Lambohov Ö)
05800403,0580,05,05,Östergötlands län,Slaka 3 (Slaka-Lilla Mjärdevi)
05800404,0580,05,05,Östergötlands län,Slaka 4 (Lambohov S)
05800405,0580,05,05,Östergötlands län,Slaka 5 (Lambohov N)
05800501,0580,05,05,Östergötlands län,Kärna 1 (Malmslätt SO mfl)
05800502,0580,05,05,Östergötlands län,Kärna 2 (Malmslätt mellersta)
05800503,0580,05,05,Östergötlands län,Kärna 3 (Tokarp)
05800504,0580,05,05,Östergötlands län,Kärna 4 (Malmslätt V)
05800601,0580,05,05,Östergötlands län,Kaga-Ledberg
05800801,0580,05,05,Östergötlands län,Vist 1 (Vist-Sturefors S)
05800802,0580,05,05,Östergötlands län,Vist 2 (Sturefors N)
05800901,0580,05,05,Östergötlands län,Vårdnäs
05801001,0580,05,05,Östergötlands län,Skeda
05801101,0580,05,05,Östergötlands län,Nykil-Gammalkil
05801201,0580,05,05,Östergötlands län,Ulrika
05801401,0580,05,05,Östergötlands län,Sjögestad
05801501,0580,05,05,Östergötlands län,Västerlösa-Björkeberg
05801701,0580,05,05,Östergötlands län,Rappestad (Rappestad-Vikingstad N)
05801801,0580,05,05,Östergötlands län,Vikingstad (Vikingstad S)
05801901,0580,05,05,Östergötlands län,Vreta Kloster 1 Berg-Vreta Kloster S
05801902,0580,05,05,Östergötlands län,Vreta Kloster 2 Ljungsbro-Vreta Kl N
05801903,0580,05,05,Östergötlands län,Vreta Kloster 3 (Ljungsbro Ö)
05801904,0580,05,05,Östergötlands län,Vreta Kloster 4 (Ljungsbro S)
05801905,0580,05,05,Östergötlands län,Vreta Kloster 5 (Ljungsbro V)
05802001,0580,05,05,Östergötlands län,Flistad-Ljung
05802201,0580,05,05,Östergötlands län,Stjärnorp
05802401,0580,05,05,Östergötlands län,Östra Harg-Rystad 1 (Ö Harg-Rystad)
05802402,0580,05,05,Östergötlands län,Rystad 2 (Tallboda V)
05802403,0580,05,05,Östergötlands län,Rystad 3 (Tallboda Ö)
05802404,0580,05,05,Östergötlands län,Rystad 4 (Ekängen)
05802501,0580,05,05,Östergötlands län,Törnevalla (Linghem Ö)
05802701,0580,05,05,Östergötlands län,Lillkyrka-Gistad-Ö Skrukeby
05802901,0580,05,05,Östergötlands län,Örtomta-Askeby
05803101,0580,05,05,Östergötlands län,Bankekind
05803201,0580,05,05,Östergötlands län,Vårdsberg (Linghem S)
05803301,0580,05,05,Östergötlands län,Berga 1 (Ramshäll)
05803302,0580,05,05,Östergötlands län,Berga 2 (Berga NO)
05803303,0580,05,05,Östergötlands län,Berga 3 (Berga NV)
05803304,0580,05,05,Östergötlands län,Berga 4 (Berga SO)
05803305,0580,05,05,Östergötlands län,Berga 5 (Vidingsjö N)
05803306,0580,05,05,Östergötlands län,Berga 6 (Berga SV)
05803307,0580,05,05,Östergötlands län,Berga 7 (Vidingsjö S)
05803308,0580,05,05,Östergötlands län,Berga 8 (Haninge mfl)
05803309,0580,05,05,Östergötlands län,Berga 9 (Hagaberg)
05803310,0580,05,05,Östergötlands län,Berga 10 (Södra Ekkällan N)
05803311,0580,05,05,Östergötlands län,Berga 11 (Södra Ekkällan S)
05803401,0580,05,05,Östergötlands län,Johannelund 1 (Vimanshäll)
05803402,0580,05,05,Östergötlands län,Johannelund 2 (Johannelund NV)
05803403,0580,05,05,Östergötlands län,Johannelund 3 (Johannelund NO)
05803404,0580,05,05,Östergötlands län,Johannelund 4 (Ånestad)
05803405,0580,05,05,Östergötlands län,Johannelund 5 (Johannelund SV)
05803406,0580,05,05,Östergötlands län,Johannelund 6 (Johannelund SO)
05803501,0580,05,05,Östergötlands län,Skäggetorp 1 (Skäggetorp C)
05803502,0580,05,05,Östergötlands län,Skäggetorp 2 (Nygård)
05803503,0580,05,05,Östergötlands län,Skäggetorp 3 (Skäggetorp SV)
05803504,0580,05,05,Östergötlands län,Skäggetorp 4 (Skäggetorp V)
05803505,0580,05,05,Östergötlands län,Skäggetorp 5 (Tornby-Skäggetorp N)
05803601,0580,05,05,Östergötlands län,Ryd 1 (Ryd N)
05803602,0580,05,05,Östergötlands län,Ryd 2 (Ryd SO)
05803603,0580,05,05,Östergötlands län,Ryd 3 (Ryd SV)
05803604,0580,05,05,Östergötlands län,Ryd 4 (Ryd NO)
05803605,0580,05,05,Östergötlands län,Ryd 5 (Ryd mellersta)
05810104,0581,05,05,Östergötlands län,Hultdalen-Skriketorp
05810105,0581,05,05,Östergötlands län,Jursla
05810106,0581,05,05,Östergötlands län,Åbymo
05810107,0581,05,05,Östergötlands län,Åby Östra
05810108,0581,05,05,Östergötlands län,Torshag-Simonstorp
05810111,0581,05,05,Östergötlands län,Hallberga-Fyrby
05810112,0581,05,05,Östergötlands län,Pryssgården
05810113,0581,05,05,Östergötlands län,Eneby Centrum
05810114,0581,05,05,Östergötlands län,Karlshov-Sandbyhov
05810115,0581,05,05,Östergötlands län,Taborsberg
05810123,0581,05,05,Östergötlands län,Saltängen-Nya torget
05810124,0581,05,05,Östergötlands län,Lagerlunda-Herstadberg
05810125,0581,05,05,Östergötlands län,Strömparken-G:a Rådstugugatan
05810126,0581,05,05,Östergötlands län,Rosen-Gamla staden
05810129,0581,05,05,Östergötlands län,Djäknepark
05810131,0581,05,05,Östergötlands län,Söder Tull
05810134,0581,05,05,Östergötlands län,Såpkullen
05810201,0581,05,05,Östergötlands län,Kvarnberget-Tingstad
05810203,0581,05,05,Östergötlands län,Mamre
05810204,0581,05,05,Östergötlands län,Vrinnevi-Klingsborg
05810205,0581,05,05,Östergötlands län,Portlåset
05810206,0581,05,05,Östergötlands län,Hageby Centrum
05810207,0581,05,05,Östergötlands län,Smedby
05810208,0581,05,05,Östergötlands län,Brånnestad
05810211,0581,05,05,Östergötlands län,Ljunga
05810212,0581,05,05,Östergötlands län,Kuddby
05810213,0581,05,05,Östergötlands län,Östra Husby
05810214,0581,05,05,Östergötlands län,Kättinge
05810217,0581,05,05,Östergötlands län,Berga-Långtorp
05810218,0581,05,05,Östergötlands län,Ljura
05810219,0581,05,05,Östergötlands län,Sankt Johannes
05810220,0581,05,05,Östergötlands län,Klingsberg
05810223,0581,05,05,Östergötlands län,Kneippen
05810224,0581,05,05,Östergötlands län,Skarphagen
05810225,0581,05,05,Östergötlands län,Björkalund-Kårtorp
05810231,0581,05,05,Östergötlands län,Borg
05810232,0581,05,05,Östergötlands län,Kullerstad-Vickelby
05810233,0581,05,05,Östergötlands län,Mosstorp
05810234,0581,05,05,Östergötlands län,Vånga
05810235,0581,05,05,Östergötlands län,Kimstad
05810236,0581,05,05,Östergötlands län,Norsholm-Skärkind
05810237,0581,05,05,Östergötlands län,Kärrhagen-Kättsätter
05810238,0581,05,05,Östergötlands län,Atriumhusen
05810239,0581,05,05,Östergötlands län,Ringdansen
05810240,0581,05,05,Östergötlands län,Vasaparken-Ljurafältet
05810241,0581,05,05,Östergötlands län,Vidablick
05810242,0581,05,05,Östergötlands län,Söderporten
05810243,0581,05,05,Östergötlands län,Porten
05810301,0581,05,05,Östergötlands län,Kolmården Västra
05810302,0581,05,05,Östergötlands län,Kolmården Östra
05810401,0581,05,05,Östergötlands län,Krokek Södra
05810402,0581,05,05,Östergötlands län,Krokek Norra
05810501,0581,05,05,Östergötlands län,Svärtinge Mellersta
05810502,0581,05,05,Östergötlands län,Svärtinge Västra
05810503,0581,05,05,Östergötlands län,Svärtinge Östra
05810601,0581,05,05,Östergötlands län,Haga Södra
05810602,0581,05,05,Östergötlands län,Haga Norra
05810701,0581,05,05,Östergötlands län,Marielund Mellersta
05810702,0581,05,05,Östergötlands län,Marielund Västra
05810703,0581,05,05,Östergötlands län,Marielund Södra
05810801,0581,05,05,Östergötlands län,Nordantill Nordväst
05810802,0581,05,05,Östergötlands län,Nordantill Nordost
05810803,0581,05,05,Östergötlands län,Nordantill Sydväst
05810804,0581,05,05,Östergötlands län,Nordantill Sydost
05810901,0581,05,05,Östergötlands län,Östantill Östra
05810902,0581,05,05,Östergötlands län,Östantill Västra
05811001,0581,05,05,Östergötlands län,Oxelbergen Norra
05811002,0581,05,05,Östergötlands län,Oxelbergen Södra
05811101,0581,05,05,Östergötlands län,Söderstaden Östra
05811102,0581,05,05,Östergötlands län,Söderstaden Västra
05811201,0581,05,05,Östergötlands län,Berget Norra
05811202,0581,05,05,Östergötlands län,Berget Västra
05811203,0581,05,05,Östergötlands län,Berget Östra
05811301,0581,05,05,Östergötlands län,Rambodal Södra
05811302,0581,05,05,Östergötlands län,Rambodal Norra
05811401,0581,05,05,Östergötlands län,Lindö Östra
05811402,0581,05,05,Östergötlands län,Lindö Västra
05811501,0581,05,05,Östergötlands län,Ektorp Södra
05811502,0581,05,05,Östergötlands län,Strömbacken-Ektorp
05811503,0581,05,05,Östergötlands län,Ektorp Centrum
05811601,0581,05,05,Östergötlands län,Vilbergen Norra
05811602,0581,05,05,Östergötlands län,Vilbergen Södra
05811603,0581,05,05,Östergötlands län,Vilbergen Västra
05811701,0581,05,05,Östergötlands län,Klockaretorpet Östra
05811702,0581,05,05,Östergötlands län,Klockaretorpet Norra
05811703,0581,05,05,Östergötlands län,Klockaretorpet Södra
05820101,0582,05,05,Östergötlands län,S:t Laurentii
05820102,0582,05,05,Östergötlands län,Bossgård
05820103,0582,05,05,Östergötlands län,Alboga
05820201,0582,05,05,Östergötlands län,Drothem
05820301,0582,05,05,Östergötlands län,Skönberga
05820401,0582,05,05,Östergötlands län,Västra Husby-Gårdeby
05820601,0582,05,05,Östergötlands län,Östra Ryd
05820701,0582,05,05,Östergötlands län,Skällvik-Mogata
05820801,0582,05,05,Östergötlands län,Sankt Anna-Börrum
05830101,0583,05,05,Östergötlands län,Bispmotala
05830102,0583,05,05,Östergötlands län,Centrum
05830103,0583,05,05,Östergötlands län,Hyddmarken
05830104,0583,05,05,Östergötlands län,Marieberg -Västra
05830105,0583,05,05,Östergötlands län,Östermalm
05830106,0583,05,05,Östergötlands län,Bergsätter
05830107,0583,05,05,Östergötlands län,Borenshult
05830108,0583,05,05,Östergötlands län,Bråstorp
05830109,0583,05,05,Östergötlands län,Söder
05830110,0583,05,05,Östergötlands län,Ekenäs
05830111,0583,05,05,Östergötlands län,Charlottenborg
05830112,0583,05,05,Östergötlands län,Holm
05830113,0583,05,05,Östergötlands län,Mossen
05830114,0583,05,05,Östergötlands län,Samuelsberg
05830115,0583,05,05,Östergötlands län,Ekön
05830116,0583,05,05,Östergötlands län,Brunnsvik
05830117,0583,05,05,Östergötlands län,Marieberg-Östra
05830301,0583,05,05,Östergötlands län,Nykyrka
05830401,0583,05,05,Östergötlands län,Godegård
05830601,0583,05,05,Östergötlands län,Borensberg Västra - Kristberg
05830602,0583,05,05,Östergötlands län,Borensberg Östra
05830801,0583,05,05,Östergötlands län,Fornåsa - Österstad
05832201,0583,05,05,Östergötlands län,Tjällmo
05832301,0583,05,05,Östergötlands län,Fågelsta
05840101,0584,05,05,Östergötlands län,Innerstaden
05840102,0584,05,05,Östergötlands län,"Kvissberg, Borgmästarområdet mfl"
05840103,0584,05,05,Östergötlands län,Gamla Söder-Nya Söder-Hertigen mfl
05840105,0584,05,05,Östergötlands län,"Birgitta, Haga, Hagebyhöga, Hov mfl"
05840301,0584,05,05,Östergötlands län,"Borghamn, Skedet, Rogslösa mfl"
05860101,0586,05,05,Östergötlands län,Dacke-Egebybacken
05860102,0586,05,05,Östergötlands län,Västra Lundby
05860103,0586,05,05,Östergötlands län,Slomarp-Egeby-Prästgårdsliden
05860104,0586,05,05,Östergötlands län,Östra Lundby mfl
05860105,0586,05,05,Östergötlands län,Norrgården-Albacken mfl
05860106,0586,05,05,Östergötlands län,Vasastaden
05860107,0586,05,05,Östergötlands län,Eldslösa
05860108,0586,05,05,Östergötlands län,Lagman
05860201,0586,05,05,Östergötlands län,Högby
05860301,0586,05,05,Östergötlands län,Västra Lund-Trojenborg
05860302,0586,05,05,Östergötlands län,Skänninge landsbygd
05860303,0586,05,05,Östergötlands län,Skänninge centrum-Hattorp
05860701,0586,05,05,Östergötlands län,Normlösa mfl
05861001,0586,05,05,Östergötlands län,Väderstad-Appuna-Hogstad-Kumla
05861401,0586,05,05,Östergötlands län,Sya-Västra Harg-Östra Tollstad
05861701,0586,05,05,Östergötlands län,Viby
05861801,0586,05,05,Östergötlands län,Veta
05861901,0586,05,05,Östergötlands län,Mantorps centrum mfl
06040103,0604,06,06,Jönköpings län,Aneby Västra
06040202,0604,06,06,Jönköpings län,Aneby Södra
06040301,0604,06,06,Jönköpings län,Aneby Östra
06170202,0617,06,06,Jönköpings län,Åsenhöga-Källeryd
06170303,0617,06,06,Jönköpings län,Kävsjö
06170404,0617,06,06,Jönköpings län,Kulltorp
06170501,0617,06,06,Jönköpings län,Gnosjö Norra
06170502,0617,06,06,Jönköpings län,Gnosjö Östra
06170503,0617,06,06,Jönköpings län,Gnosjö Västra
06420103,0642,06,06,Jönköpings län,Sandhem-Utvängstorp
06420301,0642,06,06,Jönköpings län,Mullsjö västra
06420302,0642,06,06,Jönköpings län,Mullsjö östra
06420304,0642,06,06,Jönköpings län,Mullsjö södra-Bjurbäck
06430101,0643,06,06,Jönköpings län,Bränninge
06430102,0643,06,06,Jönköpings län,Centrum-Gunnarsbo
06430104,0643,06,06,Jönköpings län,Kyrkbyn-Furusjö
06430105,0643,06,06,Jönköpings län,Gustav Adolf-Brandstorp
06430107,0643,06,06,Jönköpings län,Kärr
06430108,0643,06,06,Jönköpings län,Kråkeryd-Mölekullen
06430110,0643,06,06,Jönköpings län,Kärnekulla-Sjogarp
06620101,0662,06,06,Jönköpings län,Gislaved  C
06620102,0662,06,06,Jönköpings län,Gullvivan
06620103,0662,06,06,Jönköpings län,Lundåker
06620104,0662,06,06,Jönköpings län,Sörgården
06620105,0662,06,06,Jönköpings län,Henja
06620106,0662,06,06,Jönköpings län,Gyllenfors-Hult
06620107,0662,06,06,Jönköpings län,Våthult-Bosebo-Båraryd
06620408,0662,06,06,Jönköpings län,Anderstorp C
06620409,0662,06,06,Jönköpings län,Anderstorp N
06620410,0662,06,06,Jönköpings län,Anderstorp S
06620913,0662,06,06,Jönköpings län,Smålandsstenar C
06620914,0662,06,06,Jönköpings län,Smålandsstenar V
06620915,0662,06,06,Jönköpings län,Smålandsstenar Ö
06621017,0662,06,06,Jönköpings län,Burseryd-Sandvik
06621218,0662,06,06,Jönköpings län,Gryteryd-Södra Hestra
06621419,0662,06,06,Jönköpings län,Ås-Kållerstad
06621620,0662,06,06,Jönköpings län,Reftele
06621621,0662,06,06,Jönköpings län,Norra Hestra
06650101,0665,06,06,Jönköpings län,Vaggeryd västra
06650102,0665,06,06,Jönköpings län,Vaggeryd norra
06650103,0665,06,06,Jönköpings län,Vaggeryd östra
06650104,0665,06,06,Jönköpings län,Byarum-Bondstorp
06650305,0665,06,06,Jönköpings län,Västra Skillingaryd-Tofteryd
06650306,0665,06,06,Jönköpings län,Skillingaryd östra
06650509,0665,06,06,Jönköpings län,Åker-Hagshult
06650610,0665,06,06,Jönköpings län,Hok-Svenarum
06800120,0680,06,06,Jönköpings län,Samset-Sveahäll
06800121,0680,06,06,Jönköpings län,Sofia
06800125,0680,06,06,Jönköpings län,Mariebo
06800126,0680,06,06,Jönköpings län,Centrum V
06800127,0680,06,06,Jönköpings län,Söder
06800128,0680,06,06,Jönköpings län,Västra Torget
06800129,0680,06,06,Jönköpings län,Friaredalen
06800130,0680,06,06,Jönköpings län,Munksjö
06800131,0680,06,06,Jönköpings län,Torpa Ö
06800132,0680,06,06,Jönköpings län,Torpa V
06800133,0680,06,06,Jönköpings län,Tokarp
06800134,0680,06,06,Jönköpings län,Gräshagen-Torpa
06800135,0680,06,06,Jönköpings län,Bäckalyckan
06800136,0680,06,06,Jönköpings län,Hisingstorp-Dalvik
06800137,0680,06,06,Jönköpings län,Skänkeberg-Dalvik
06800138,0680,06,06,Jönköpings län,Bymarken
06800139,0680,06,06,Jönköpings län,Vätterslund - Åbolid
06800140,0680,06,06,Jönköpings län,Munksjöstaden
06800141,0680,06,06,Jönköpings län,Dunkehalla
06800142,0680,06,06,Jönköpings län,Kortebo-Strandängen
06800200,0680,06,06,Jönköpings län,Kålgården Ö
06800201,0680,06,06,Jönköpings län,Centrum Ö
06800202,0680,06,06,Jönköpings län,Erik Dahlberg
06800203,0680,06,06,Jönköpings län,Kålgården V
06800204,0680,06,06,Jönköpings län,Liljeholmsparken
06800205,0680,06,06,Jönköpings län,Ekhagen S
06800206,0680,06,06,Jönköpings län,Ekhagen N
06800207,0680,06,06,Jönköpings län,Bondberget
06800211,0680,06,06,Jönköpings län,Rosenlund S
06800212,0680,06,06,Jönköpings län,Rosenlund N
06800213,0680,06,06,Jönköpings län,Vättersnäs
06800214,0680,06,06,Jönköpings län,Österängen V
06800215,0680,06,06,Jönköpings län,Österängen Ö
06800216,0680,06,06,Jönköpings län,Liljeholmen
06800318,0680,06,06,Jönköpings län,Kättilstorp-Haga-Gamla Råslätt
06800319,0680,06,06,Jönköpings län,Skeppsbron-Fridhem
06800320,0680,06,06,Jönköpings län,Råslätt-Lockebo
06800321,0680,06,06,Jönköpings län,Ljungarum
06800322,0680,06,06,Jönköpings län,Råslätt V
06800324,0680,06,06,Jönköpings län,Råslätt Ö
06800522,0680,06,06,Jönköpings län,Huskvarna Smedbyn
06800542,0680,06,06,Jönköpings län,Öxnehaga S
06800543,0680,06,06,Jönköpings län,Öxnehaga C
06800544,0680,06,06,Jönköpings län,Öxnehaga N
06800545,0680,06,06,Jönköpings län,Norrängen-Brunstorp
06800547,0680,06,06,Jönköpings län,Rosendala
06800548,0680,06,06,Jönköpings län,Huskvarna C
06800549,0680,06,06,Jönköpings län,Huskvarna Gråbo
06800551,0680,06,06,Jönköpings län,Huskvarna Tormenås
06800553,0680,06,06,Jönköpings län,Huskvarna Bråneryd
06800654,0680,06,06,Jönköpings län,Stensholm-Jöransberg
06800655,0680,06,06,Jönköpings län,Egnahem-Fagerslätt
06800656,0680,06,06,Jönköpings län,Petersberg-Jutaholm
06800657,0680,06,06,Jönköpings län,Kungsängen-Ekhagen Ö
06800760,0680,06,06,Jönköpings län,Gränna S
06800761,0680,06,06,Jönköpings län,Gränna N
06800863,0680,06,06,Jönköpings län,Norrahammar C-Flahult
06800864,0680,06,06,Jönköpings län,Norrahammar S
06800865,0680,06,06,Jönköpings län,Hovslätt
06800896,0680,06,06,Jönköpings län,Hovslätt N
06800897,0680,06,06,Jönköpings län,Hovslätt S-Norrahammar N
06800967,0680,06,06,Jönköpings län,Visingsö
06801068,0680,06,06,Jönköpings län,Skärstad
06801069,0680,06,06,Jönköpings län,Kaxholmen
06801170,0680,06,06,Jönköpings län,Ölmstad
06801473,0680,06,06,Jönköpings län,Lekeryd-Järsnäs-Svarttorp
06801474,0680,06,06,Jönköpings län,Lekeryd
06801574,0680,06,06,Jönköpings län,Tenhult N-Öggestorp
06801575,0680,06,06,Jönköpings län,Tenhult S-Ödestugu
06801576,0680,06,06,Jönköpings län,Tenhult C
06801676,0680,06,06,Jönköpings län,Barnarp C
06801689,0680,06,06,Jönköpings län,Barnarp
06801979,0680,06,06,Jönköpings län,Månsarp
06801980,0680,06,06,Jönköpings län,Taberg V
06801988,0680,06,06,Jönköpings län,Taberg Ö
06802081,0680,06,06,Jönköpings län,Attarp-Sjöåkra
06802082,0680,06,06,Jönköpings län,Backamo
06802083,0680,06,06,Jönköpings län,Trånghalla-Järstorp
06802085,0680,06,06,Jönköpings län,Torp
06802086,0680,06,06,Jönköpings län,Nyarp
06802184,0680,06,06,Jönköpings län,Bottnaryd
06802285,0680,06,06,Jönköpings län,Angerdshestra-Mulseryd-N Unnaryd
06820101,0682,06,06,Jönköpings län,Nässjö centrum
06820103,0682,06,06,Jönköpings län,Nässjö landsbygd
06820104,0682,06,06,Jönköpings län,Handskeryd
06820105,0682,06,06,Jönköpings län,Ingsberg
06820106,0682,06,06,Jönköpings län,Nyhem
06820107,0682,06,06,Jönköpings län,Runneryd
06820108,0682,06,06,Jönköpings län,Norrboda
06820109,0682,06,06,Jönköpings län,Åker
06820110,0682,06,06,Jönköpings län,Södergården
06820315,0682,06,06,Jönköpings län,Bodafors
06820317,0682,06,06,Jönköpings län,Grimstorp/Sandsjöfors
06820519,0682,06,06,Jönköpings län,Anneberg
06820724,0682,06,06,Jönköpings län,Forserum
06820726,0682,06,06,Jönköpings län,Barkeryd/Äng
06820929,0682,06,06,Jönköpings län,Malmbäck
06830101,0683,06,06,Jönköpings län,Västhorja
06830102,0683,06,06,Jönköpings län,Trälleborg
06830103,0683,06,06,Jönköpings län,Norregård
06830104,0683,06,06,Jönköpings län,Pilagården
06830105,0683,06,06,Jönköpings län,Skogsfållen
06830106,0683,06,06,Jönköpings län,Rörstorp
06830107,0683,06,06,Jönköpings län,Apladalen
06830108,0683,06,06,Jönköpings län,Mossle
06830109,0683,06,06,Jönköpings län,Lillegård
06830111,0683,06,06,Jönköpings län,Gröndal
06830123,0683,06,06,Jönköpings län,Nylund
06830124,0683,06,06,Jönköpings län,Hornaryd
06830125,0683,06,06,Jönköpings län,Vråen
06830209,0683,06,06,Jönköpings län,Bredaryd
06830512,0683,06,06,Jönköpings län,Hånger
06830613,0683,06,06,Jönköpings län,Forsheda
06830916,0683,06,06,Jönköpings län,Nöbbele
06831017,0683,06,06,Jönköpings län,Bor
06831220,0683,06,06,Jönköpings län,Rydaholm
06831321,0683,06,06,Jönköpings län,Fryele
06840101,0684,06,06,Jönköpings län,Sävsjö stad
06840102,0684,06,06,Jönköpings län,Sävsjö Ljunga
06840103,0684,06,06,Jönköpings län,Sävsjö Vallsjö
06840304,0684,06,06,Jönköpings län,Vrigstad
06840605,0684,06,06,Jönköpings län,Rörvik
06840706,0684,06,06,Jönköpings län,Stockaryd
06850101,0685,06,06,Jönköpings län,Mellangården
06850102,0685,06,06,Jönköpings län,Brunnsgård
06850103,0685,06,06,Jönköpings län,Vetlanda Flugeby-Näsby
06850104,0685,06,06,Jönköpings län,Pukaregården
06850105,0685,06,06,Jönköpings län,Tomaslunden
06850106,0685,06,06,Jönköpings län,Karlslund
06850107,0685,06,06,Jönköpings län,Ekenässjön-Björköby
06850309,0685,06,06,Jönköpings län,Bäckseda
06850511,0685,06,06,Jönköpings län,Bäckaby-Ramkvilla
06850816,0685,06,06,Jönköpings län,Korsberga
06851320,0685,06,06,Jönköpings län,Nye-Näshult
06851522,0685,06,06,Jönköpings län,Holsbybrunn
06851623,0685,06,06,Jönköpings län,Kvillsfors-Pauliström
06851926,0685,06,06,Jönköpings län,Landsbro-Myresjö
06860101,0686,06,06,Jönköpings län,Sjöängen/Prästängen m.fl.
06860102,0686,06,06,Jönköpings län,Norrtull med landsbygd
06860103,0686,06,06,Jönköpings län,Gamla Stan m.fl.
06860104,0686,06,06,Jönköpings län,Grevhagen med landsbygd
06860105,0686,06,06,Jönköpings län,Blåsippan-Kaffekullen
06860106,0686,06,06,Jönköpings län,Kvarnarp
06860207,0686,06,06,Jönköpings län,Mariannelund-Hässleby-Kråkshult
06860514,0686,06,06,Jönköpings län,Ingatorp-Hjältevad-Bellö
06860615,0686,06,06,Jönköpings län,Hult-Bruzaholm
06860820,0686,06,06,Jönköpings län,Höreda-Mellby
06870101,0687,06,06,Jönköpings län,Tranås Norra-Sommen
06870102,0687,06,06,Jönköpings län,Tranås Kvarn
06870103,0687,06,06,Jönköpings län,Ängaryd
06870104,0687,06,06,Jönköpings län,Centrum
06870105,0687,06,06,Jönköpings län,Ekmarksberg
06870106,0687,06,06,Jönköpings län,Junkaremålen
06870107,0687,06,06,Jönköpings län,Fröafall
06870108,0687,06,06,Jönköpings län,Tranås Södra
06870109,0687,06,06,Jönköpings län,Tranås Västra
07600101,0760,07,07,Kronobergs län,Åseda N
07600102,0760,07,07,Kronobergs län,Åseda S
07600305,0760,07,07,Kronobergs län,Lenhovda
07600407,0760,07,07,Kronobergs län,Nottebäck
07600511,0760,07,07,Kronobergs län,Älghult
07610101,0761,07,07,Kronobergs län,Lessebo N
07610102,0761,07,07,Kronobergs län,Lessebo S
07610203,0761,07,07,Kronobergs län,Hovmantorp Ö
07610206,0761,07,07,Kronobergs län,Hovmantorp V
07610304,0761,07,07,Kronobergs län,Ekeberga
07610405,0761,07,07,Kronobergs län,Ljuder
07630101,0763,07,07,Kronobergs län,Tingsryd 1
07630102,0763,07,07,Kronobergs län,Tingsryd 2
07630204,0763,07,07,Kronobergs län,Almundsryd
07630309,0763,07,07,Kronobergs län,Älmeboda-Linneryd
07630511,0763,07,07,Kronobergs län,S Sandsjö
07630612,0763,07,07,Kronobergs län,Väckelsång
07630716,0763,07,07,Kronobergs län,Urshult
07640101,0764,07,07,Kronobergs län,Alvesta N
07640102,0764,07,07,Kronobergs län,Alvesta S-Blädinge
07640103,0764,07,07,Kronobergs län,Aringsås
07640104,0764,07,07,Kronobergs län,Alvesta V
07640105,0764,07,07,Kronobergs län,Lekaryd-Härlöv-Prästängen
07640408,0764,07,07,Kronobergs län,Hjortsberga
07640509,0764,07,07,Kronobergs län,Slätthög-Mistelås-Moheda V
07640510,0764,07,07,Kronobergs län,Moheda Ö
07640914,0764,07,07,Kronobergs län,Vislanda
07641017,0764,07,07,Kronobergs län,Skatelöv
07641119,0764,07,07,Kronobergs län,Västra Torsås
07650101,0765,07,07,Kronobergs län,Gemön-Möckeln
07650103,0765,07,07,Kronobergs län,Klöxhult
07650115,0765,07,07,Kronobergs län,Norregård
07650116,0765,07,07,Kronobergs län,Froafälle
07650117,0765,07,07,Kronobergs län,Haganäs
07650118,0765,07,07,Kronobergs län,Centrum
07650204,0765,07,07,Kronobergs län,Häradsbäck-Bråthult
07650305,0765,07,07,Kronobergs län,Virestad-Eneryda
07650408,0765,07,07,Kronobergs län,Diö-Stenbrohult
07650511,0765,07,07,Kronobergs län,Göteryd
07670101,0767,07,07,Kronobergs län,Markaryd 1 V
07670103,0767,07,07,Kronobergs län,Timsfors-Råstorp
07670104,0767,07,07,Kronobergs län,Markaryd 1 Ö
07670205,0767,07,07,Kronobergs län,Traryd-Hinneryd
07670308,0767,07,07,Kronobergs län,Strömsnäsbruk
07800115,0780,07,07,Kronobergs län,Centrum
07800116,0780,07,07,Kronobergs län,Bäckaslöv
07800117,0780,07,07,Kronobergs län,Söder
07800118,0780,07,07,Kronobergs län,Öster
07800119,0780,07,07,Kronobergs län,Kvarnhagen
07800120,0780,07,07,Kronobergs län,Högstorp-Hollstorp
07800121,0780,07,07,Kronobergs län,Väster
07800171,0780,07,07,Kronobergs län,Museet
07800225,0780,07,07,Kronobergs län,Furuby
07800326,0780,07,07,Kronobergs län,Braås
07800630,0780,07,07,Kronobergs län,Dädesjö
07800731,0780,07,07,Kronobergs län,Åryd
07800833,0780,07,07,Kronobergs län,Ingelstad
07800934,0780,07,07,Kronobergs län,Värends Nöbbele
07801338,0780,07,07,Kronobergs län,Tävelsås-Uråsa
07801439,0780,07,07,Kronobergs län,Vederslöv
07801641,0780,07,07,Kronobergs län,Gemla
07801742,0780,07,07,Kronobergs län,Bergunda-Bredvik
07801853,0780,07,07,Kronobergs län,Öjaby norra
07801854,0780,07,07,Kronobergs län,Öjaby södra-Räppe
07801944,0780,07,07,Kronobergs län,Åby
07802045,0780,07,07,Kronobergs län,Sandsbro östra
07802062,0780,07,07,Kronobergs län,Sandsbro västra
07802154,0780,07,07,Kronobergs län,Rottne södra
07802155,0780,07,07,Kronobergs län,Rottne norra
07802449,0780,07,07,Kronobergs län,Lammhult
07802551,0780,07,07,Kronobergs län,Asa-Berg-Tolg
07802855,0780,07,07,Kronobergs län,Kungsmad
07802865,0780,07,07,Kronobergs län,Ringsberg
07802866,0780,07,07,Kronobergs län,Norrelid
07802868,0780,07,07,Kronobergs län,Fagrabäck
07802869,0780,07,07,Kronobergs län,Norr
07802870,0780,07,07,Kronobergs län,Teknikum
07802960,0780,07,07,Kronobergs län,Östra Lugnet
07802974,0780,07,07,Kronobergs län,Pilbäcken
07802975,0780,07,07,Kronobergs län,Hov
07802976,0780,07,07,Kronobergs län,Dalbo centrum
07802977,0780,07,07,Kronobergs län,Araby
07802978,0780,07,07,Kronobergs län,Nydala
07802979,0780,07,07,Kronobergs län,Danneborg-Östra Hovshaga
07802980,0780,07,07,Kronobergs län,Arenastaden
07802981,0780,07,07,Kronobergs län,Gustavslund
07802982,0780,07,07,Kronobergs län,Ulriksberg
07802988,0780,07,07,Kronobergs län,Hovshaga centrum
07802989,0780,07,07,Kronobergs län,Norra Hovshaga-Evedal
07802990,0780,07,07,Kronobergs län,Liedbergsgatan
07803082,0780,07,07,Kronobergs län,Kampen-Sigfrid
07803083,0780,07,07,Kronobergs län,Ljungfälle
07803085,0780,07,07,Kronobergs län,Torparängen
07803086,0780,07,07,Kronobergs län,Furutå
07803087,0780,07,07,Kronobergs län,Universitetet södra
07803088,0780,07,07,Kronobergs län,Teleborg södra-Telestad
07803089,0780,07,07,Kronobergs län,Teleborg centrum
07803090,0780,07,07,Kronobergs län,Universitetet västra
07803091,0780,07,07,Kronobergs län,Vikaholm
07803092,0780,07,07,Kronobergs län,Universitetet norra
07810103,0781,07,07,Kronobergs län,Astrad
07810104,0781,07,07,Kronobergs län,Ljungsätra
07810105,0781,07,07,Kronobergs län,Ekebacken
07810106,0781,07,07,Kronobergs län,Stensberg
07810107,0781,07,07,Kronobergs län,Hammaren
07810108,0781,07,07,Kronobergs län,Hjortsberg Väst
07810109,0781,07,07,Kronobergs län,Hjortsberg Öst
07810110,0781,07,07,Kronobergs län,Kungshög Väst
07810111,0781,07,07,Kronobergs län,Kungshög Öst
07810112,0781,07,07,Kronobergs län,Sunnerbo
07810310,0781,07,07,Kronobergs län,Ryssby
07810311,0781,07,07,Kronobergs län,Agunnaryd
07810715,0781,07,07,Kronobergs län,Hamneda
07810815,0781,07,07,Kronobergs län,Berga Väst
07810816,0781,07,07,Kronobergs län,Berga Öst
07810817,0781,07,07,Kronobergs län,Vittaryd-Bolmsö
07811119,0781,07,07,Kronobergs län,Angelstad
07811624,0781,07,07,Kronobergs län,Lidhult
07811625,0781,07,07,Kronobergs län,Torpa
08210101,0821,08,08,Kalmar län,Fågelfors
08210201,0821,08,08,Kalmar län,Högsby
08210202,0821,08,08,Kalmar län,Berga
08210301,0821,08,08,Kalmar län,Ruda
08210401,0821,08,08,Kalmar län,Fagerhult
08340101,0834,08,08,Kalmar län,Gullabo
08340201,0834,08,08,Kalmar län,Torsås landsbygd
08340202,0834,08,08,Kalmar län,Torsås samhälle
08340401,0834,08,08,Kalmar län,Söderåkra
08340402,0834,08,08,Kalmar län,Bergkvara
08400105,0840,08,08,Kalmar län,Vickleby-Resmo
08400303,0840,08,08,Kalmar län,Mörbylånga-Kastlösa
08400401,0840,08,08,Kalmar län,Gårdby
08400811,0840,08,08,Kalmar län,Sydöland
08401304,0840,08,08,Kalmar län,Glömminge
08401406,0840,08,08,Kalmar län,Algutsrum
08401501,0840,08,08,Kalmar län,Snäckstrand
08401502,0840,08,08,Kalmar län,Talludden
08401503,0840,08,08,Kalmar län,Runsbäck
08401504,0840,08,08,Kalmar län,Skogsby
08401505,0840,08,08,Kalmar län,Färjestaden Östra
08600101,0860,08,08,Kalmar län,Ekeberg
08600102,0860,08,08,Kalmar län,Hultsfred S
08600103,0860,08,08,Kalmar län,Hultsfred N
08600201,0860,08,08,Kalmar län,Lönneberga
08600301,0860,08,08,Kalmar län,Målilla
08600401,0860,08,08,Kalmar län,Järeda
08600501,0860,08,08,Kalmar län,Virserum
08600601,0860,08,08,Kalmar län,Vena
08600801,0860,08,08,Kalmar län,Mörlunda
08610101,0861,08,08,Kalmar län,Mönsterås Centrum S
08610102,0861,08,08,Kalmar län,Mönsterås Centrum N
08610103,0861,08,08,Kalmar län,Mönsterås Landsbygd S
08610104,0861,08,08,Kalmar län,Mönsterås Landsbygd N
08610105,0861,08,08,Kalmar län,Mönsterås Ljungnäs
08610201,0861,08,08,Kalmar län,Fliseryd
08610301,0861,08,08,Kalmar län,Blomstermåla
08610302,0861,08,08,Kalmar län,Ålem
08610303,0861,08,08,Kalmar län,Timmernabben
08620101,0862,08,08,Kalmar län,Emmaboda södra
08620102,0862,08,08,Kalmar län,Emmaboda norra
08620201,0862,08,08,Kalmar län,Lindås
08620202,0862,08,08,Kalmar län,Vissefjärda
08620301,0862,08,08,Kalmar län,Algutsboda
08620401,0862,08,08,Kalmar län,Långasjö
08800101,0880,08,08,Kalmar län,Kvarnholmen
08800107,0880,08,08,Kalmar län,Malmen V
08800108,0880,08,08,Kalmar län,Malmen Ö-Norrgårdsgärdet Ö
08800122,0880,08,08,Kalmar län,Malmen S
08800124,0880,08,08,Kalmar län,Ängö-Varvsholmen
08800201,0880,08,08,Kalmar län,Lindsdal NV-Förlösa
08800202,0880,08,08,Kalmar län,Lindsdal NO
08800203,0880,08,08,Kalmar län,Lindsdal SV-Kläckeberga
08800204,0880,08,08,Kalmar län,Lindsdal SO-Fjölebro
08800205,0880,08,08,Kalmar län,Vimpeltorpet
08800206,0880,08,08,Kalmar län,Snurrom
08800301,0880,08,08,Kalmar län,Smedby Ö
08800302,0880,08,08,Kalmar län,Smedby V
08800303,0880,08,08,Kalmar län,Smedby S-Rinkabyholm N-Boholmarna
08800401,0880,08,08,Kalmar län,Rinkabyholm S-Hossmo
08800501,0880,08,08,Kalmar län,Rockneby
08800502,0880,08,08,Kalmar län,Drag-Revsudden
08800601,0880,08,08,Kalmar län,Läckeby
08800801,0880,08,08,Kalmar län,Trekanten
08800802,0880,08,08,Kalmar län,Ljungbyholm-Vassmolösa N
08800901,0880,08,08,Kalmar län,Hagby Vassmolösa S
08801001,0880,08,08,Kalmar län,Halltorp-Voxtorp
08801301,0880,08,08,Kalmar län,Tvärskog
08801401,0880,08,08,Kalmar län,Påryd
08801502,0880,08,08,Kalmar län,Gamla stan
08801503,0880,08,08,Kalmar län,Kalmarsundsparken-Stensö
08801504,0880,08,08,Kalmar län,Sandås-Stensberg
08801505,0880,08,08,Kalmar län,Falkenberg
08801506,0880,08,08,Kalmar län,Tegelviken-Johannesborg
08801609,0880,08,08,Kalmar län,Norrgårdsgärdet V
08801610,0880,08,08,Kalmar län,Oxhagen
08801611,0880,08,08,Kalmar län,Getingen-Tallhagen
08801621,0880,08,08,Kalmar län,Skälby
08801712,0880,08,08,Kalmar län,Funkabo
08801713,0880,08,08,Kalmar län,Djurängen V
08801714,0880,08,08,Kalmar län,Djurängen Ö
08801715,0880,08,08,Kalmar län,Berga Centrum
08801716,0880,08,08,Kalmar län,Berga
08801817,0880,08,08,Kalmar län,Norrliden V
08801818,0880,08,08,Kalmar län,Norrliden Ö
08801820,0880,08,08,Kalmar län,Bergavik
08801823,0880,08,08,Kalmar län,Björkenäs mfl
08810101,0881,08,08,Kalmar län,Nybro Centrum
08810102,0881,08,08,Kalmar län,Myrdalen
08810103,0881,08,08,Kalmar län,Kungshall
08810104,0881,08,08,Kalmar län,Paradiset
08810105,0881,08,08,Kalmar län,Hanemåla Norra
08810106,0881,08,08,Kalmar län,Västeräng
08810107,0881,08,08,Kalmar län,Hanemåla Södra
08810201,0881,08,08,Kalmar län,Alsterbro
08810301,0881,08,08,Kalmar län,Bäckebo
08810401,0881,08,08,Kalmar län,Kristvallabrunn
08810501,0881,08,08,Kalmar län,Madesjö Södra
08810502,0881,08,08,Kalmar län,Madesjö Norra
08810601,0881,08,08,Kalmar län,Örsjö-Alsjöholm
08810901,0881,08,08,Kalmar län,Orrefors
08820101,0882,08,08,Kalmar län,Saltvik-Mockebo
08820102,0882,08,08,Kalmar län,Kolberga-Humlekärrshult
08820103,0882,08,08,Kalmar län,Norrtorn
08820104,0882,08,08,Kalmar län,Orrängen-Tratten
08820105,0882,08,08,Kalmar län,Centrum
08820106,0882,08,08,Kalmar län,Kikebo-Åsa
08820107,0882,08,08,Kalmar län,Södertorn
08820108,0882,08,08,Kalmar län,Gröndal
08820109,0882,08,08,Kalmar län,Kristineberg-Stångehamn-Mysingsö
08820110,0882,08,08,Kalmar län,Kristineberg Västra
08820319,0882,08,08,Kalmar län,Fårbo-Misterhult
08820321,0882,08,08,Kalmar län,Figeholm
08820411,0882,08,08,Kalmar län,Kristdala-Bråbo-Ishult
08820513,0882,08,08,Kalmar län,Svalliden-Bockara
08820514,0882,08,08,Kalmar län,Rödsle-Norrby-Björnhult
08820517,0882,08,08,Kalmar län,Påskallavik
08830101,0883,08,08,Kalmar län,Centrum
08830102,0883,08,08,Kalmar län,Västralund-Stenhagen
08830103,0883,08,08,Kalmar län,Marieborg
08830104,0883,08,08,Kalmar län,Peru
08830105,0883,08,08,Kalmar län,Brevik
08830106,0883,08,08,Kalmar län,Skogshaga
08830107,0883,08,08,Kalmar län,Jenny-Kvännaren
08830108,0883,08,08,Kalmar län,Karstorp
08830109,0883,08,08,Kalmar län,Piperskärr-Gränsö
08830112,0883,08,08,Kalmar län,Johannesdal
08830113,0883,08,08,Kalmar län,Ludvigsdal-Hornslandet
08830115,0883,08,08,Kalmar län,Östermalm
08830118,0883,08,08,Kalmar län,Södermalm
08830209,0883,08,08,Kalmar län,Djurgården-Törnsfall
08830310,0883,08,08,Kalmar län,Gladhammar-Västrum
08830514,0883,08,08,Kalmar län,Ukna-Västra Ed
08830720,0883,08,08,Kalmar län,Överum
08830922,0883,08,08,Kalmar län,Loftahammar
08831124,0883,08,08,Kalmar län,Gamleby 1
08831126,0883,08,08,Kalmar län,Gamleby 2-Lofta
08831430,0883,08,08,Kalmar län,Blackstad-Odensvi
08831431,0883,08,08,Kalmar län,Ankarsrum
08831532,0883,08,08,Kalmar län,Hjorted
08840101,0884,08,08,Kalmar län,Vimmerby 1
08840102,0884,08,08,Kalmar län,Vimmerby 2
08840103,0884,08,08,Kalmar län,Vimmerby 3
08840104,0884,08,08,Kalmar län,Vimmerby 4
08840105,0884,08,08,Kalmar län,Vimmerby 5
08840106,0884,08,08,Kalmar län,Storebro
08840301,0884,08,08,Kalmar län,Rumskulla-Pelarne
08840501,0884,08,08,Kalmar län,Frödinge
08840601,0884,08,08,Kalmar län,Locknevi
08840701,0884,08,08,Kalmar län,Djursdala
08840801,0884,08,08,Kalmar län,Gullringen
08840802,0884,08,08,Kalmar län,Södra Vi
08840901,0884,08,08,Kalmar län,Tuna
08850101,0885,08,08,Kalmar län,Borgholms 1
08850102,0885,08,08,Kalmar län,Borgholms 2
08850203,0885,08,08,Kalmar län,Alböke-Föra-Bredsättra-Egby-Löt
08850707,0885,08,08,Kalmar län,Köping
08850808,0885,08,08,Kalmar län,Räpplinge-Högsrum
08851010,0885,08,08,Kalmar län,Gärdslösa-Långlöt-Runsten
08851313,0885,08,08,Kalmar län,Böda
08851415,0885,08,08,Kalmar län,Högby
08851516,0885,08,08,Kalmar län,Källa-Persnäs
09800101,0980,09,09,Gotlands län,Visby Innerstaden
09800102,0980,09,09,Gotlands län,Visby Norr
09800103,0980,09,09,Gotlands län,Visby Öster
09800104,0980,09,09,Gotlands län,Visby Skarphäll/Östra Vi
09800105,0980,09,09,Gotlands län,Visby Länna
09800106,0980,09,09,Gotlands län,Visby Visborgsst/Halsjärnet
09800107,0980,09,09,Gotlands län,Visby A7/Östra Vi
09800108,0980,09,09,Gotlands län,Visby Djuplunda/Södervärn
09800109,0980,09,09,Gotlands län,Visby Furulund
09800110,0980,09,09,Gotlands län,Visby Bingeby
09800111,0980,09,09,Gotlands län,Visby Pilhagen/Gråbo
09800112,0980,09,09,Gotlands län,Visby Yttre Furulund
09800113,0980,09,09,Gotlands län,Visby Terra Nova
09800114,0980,09,09,Gotlands län,Visby Galgberget/Snäck
09800115,0980,09,09,Gotlands län,Visby Söder
09800201,0980,09,09,Gotlands län,Slite Othem/Hellvi
09800202,0980,09,09,Gotlands län,Slite Othem/Boge
09800401,0980,09,09,Gotlands län,Fårö
09800501,0980,09,09,Gotlands län,Fårösund
09801001,0980,09,09,Gotlands län,Lärbro
09801401,0980,09,09,Gotlands län,Tingstäde
09801801,0980,09,09,Gotlands län,Väskinde
09802401,0980,09,09,Gotlands län,Vallstena
09802901,0980,09,09,Gotlands län,Dalhem
09803101,0980,09,09,Gotlands län,Endre
09803501,0980,09,09,Gotlands län,Roma
09804001,0980,09,09,Gotlands län,Vänge
09804401,0980,09,09,Gotlands län,Kräklingbo
09804801,0980,09,09,Gotlands län,Västerhejde
09805301,0980,09,09,Gotlands län,Stenkumla
09805501,0980,09,09,Gotlands län,Eskelhem
09805701,0980,09,09,Gotlands län,Sanda
09806101,0980,09,09,Gotlands län,Klinte
09806301,0980,09,09,Gotlands län,Eksta
09806701,0980,09,09,Gotlands län,Garde
09807301,0980,09,09,Gotlands län,Stånga
09807601,0980,09,09,Gotlands län,Hemse/Alva
09807602,0980,09,09,Gotlands län,Hemse/Rone
09808401,0980,09,09,Gotlands län,Havdhem
09809101,0980,09,09,Gotlands län,Burgsvik
10600101,1060,10,10,Blekinge län,Vilboken
10600102,1060,10,10,Blekinge län,Kyrkhult-Hemsjö
10600103,1060,10,10,Blekinge län,Jämshög
10600104,1060,10,10,Blekinge län,Brännaregården
10600105,1060,10,10,Blekinge län,Ekeryd-Gränum
10600106,1060,10,10,Blekinge län,Oredslund
10600107,1060,10,10,Blekinge län,Olofström-Vilshult
10600108,1060,10,10,Blekinge län,Olofström C
10800127,1080,10,10,Blekinge län,Långö-Gräsvik
10800128,1080,10,10,Blekinge län,Saltö-Björkholmen
10800131,1080,10,10,Blekinge län,Västerudd
10800132,1080,10,10,Blekinge län,Rosenfeldt m.fl.
10800133,1080,10,10,Blekinge län,Trossö Ö
10800134,1080,10,10,Blekinge län,Möllebacken m.fl.
10800135,1080,10,10,Blekinge län,Wachtmeister m.fl.
10800136,1080,10,10,Blekinge län,Hogland m.fl.
10800137,1080,10,10,Blekinge län,Pantarholmen
10800138,1080,10,10,Blekinge län,Galgamarken
10800139,1080,10,10,Blekinge län,Bergåsa m.fl.
10800140,1080,10,10,Blekinge län,Hästö
10800141,1080,10,10,Blekinge län,Marieberg m.fl.
10800142,1080,10,10,Blekinge län,Kungsmarken
10800143,1080,10,10,Blekinge län,Mariedal-Backabo-Torskors
10800430,1080,10,10,Blekinge län,Aspö
10800508,1080,10,10,Blekinge län,Kronotorp m.fl.
10800509,1080,10,10,Blekinge län,Verkö m.fl.
10800510,1080,10,10,Blekinge län,Lyckeby V
10800606,1080,10,10,Blekinge län,Kättilsmåla
10800611,1080,10,10,Blekinge län,Lyckeby Ö
10800612,1080,10,10,Blekinge län,Spandelstorp m.fl.
10800613,1080,10,10,Blekinge län,Hässlegården
10800801,1080,10,10,Blekinge län,Kristianopel
10800903,1080,10,10,Blekinge län,Jämjö N
10800904,1080,10,10,Blekinge län,Jämjö S
10801002,1080,10,10,Blekinge län,Torhamn
10801107,1080,10,10,Blekinge län,Sturkö
10801205,1080,10,10,Blekinge län,Ramdala
10801214,1080,10,10,Blekinge län,Trummenäs
10801421,1080,10,10,Blekinge län,Strömsberg
10801422,1080,10,10,Blekinge län,Rödeby N
10801423,1080,10,10,Blekinge län,Rödeby S
10801518,1080,10,10,Blekinge län,Fridlevstad
10801616,1080,10,10,Blekinge län,Sillhövda
10801720,1080,10,10,Blekinge län,Tving
10801824,1080,10,10,Blekinge län,Nättraby V
10801825,1080,10,10,Blekinge län,Nättraby Ö
10801844,1080,10,10,Blekinge län,Nättraby S
10801926,1080,10,10,Blekinge län,Hasslö
10810101,1081,10,10,Blekinge län,Centrum
10810102,1081,10,10,Blekinge län,Fredriksberg
10810103,1081,10,10,Blekinge län,Hulta
10810104,1081,10,10,Blekinge län,Blekan
10810105,1081,10,10,Blekinge län,Lugnet
10810106,1081,10,10,Blekinge län,Espedalen
10810107,1081,10,10,Blekinge län,Älgbacken
10810108,1081,10,10,Blekinge län,Persborg
10810109,1081,10,10,Blekinge län,Varan
10810110,1081,10,10,Blekinge län,Hasselstad-Eringsboda
10810111,1081,10,10,Blekinge län,Häggatorp
10810112,1081,10,10,Blekinge län,Kalleberga
10810113,1081,10,10,Blekinge län,Kallinge
10810314,1081,10,10,Blekinge län,Backaryd-Öljehult
10810617,1081,10,10,Blekinge län,Förkärla-Listerby N
10810718,1081,10,10,Blekinge län,Listerby S
10810920,1081,10,10,Blekinge län,Hjortsberga-Edestad
10811021,1081,10,10,Blekinge län,Bräkne-Hoby Landsbygd
10811022,1081,10,10,Blekinge län,Bräkne-Hoby Samhälle
10820101,1082,10,10,Blekinge län,Högadal
10820102,1082,10,10,Blekinge län,Prästslätten
10820103,1082,10,10,Blekinge län,Stadsporten
10820104,1082,10,10,Blekinge län,Torget
10820105,1082,10,10,Blekinge län,Österslätt
10820106,1082,10,10,Blekinge län,Tubbaryd
10820107,1082,10,10,Blekinge län,Skogsborg
10820108,1082,10,10,Blekinge län,Vägga
10820310,1082,10,10,Blekinge län,Hällaryd
10820512,1082,10,10,Blekinge län,Horsaryd
10820513,1082,10,10,Blekinge län,Korpadalen
10820514,1082,10,10,Blekinge län,Froarp
10820515,1082,10,10,Blekinge län,Centrala Asarum
10820517,1082,10,10,Blekinge län,Svängsta nordöst
10820518,1082,10,10,Blekinge län,Svängsta sydväst
10820619,1082,10,10,Blekinge län,Mörrum västra
10820620,1082,10,10,Blekinge län,Mörrum östra
10820621,1082,10,10,Blekinge län,Gustavstorp
10830101,1083,10,10,Blekinge län,Furulund
10830102,1083,10,10,Blekinge län,Möllebacken
10830103,1083,10,10,Blekinge län,Falkvik
10830104,1083,10,10,Blekinge län,Hjortakroken
10830105,1083,10,10,Blekinge län,Norje m fl
10830106,1083,10,10,Blekinge län,Gammalstorp m fl
10830107,1083,10,10,Blekinge län,Mjällby m fl
10830108,1083,10,10,Blekinge län,Hörvik m fl
10830109,1083,10,10,Blekinge län,Hällevik m fl
10830110,1083,10,10,Blekinge län,Siretorp m fl
12140101,1214,12,12,Skåne läns västra,Svalöv Östra
12140201,1214,12,12,Skåne läns västra,Svalöv Norra
12140301,1214,12,12,Skåne läns västra,Svalöv Västra
12140501,1214,12,12,Skåne läns västra,Kågeröd - Stenestad
12140601,1214,12,12,Skåne läns västra,Billeberga - Tågarp
12140801,1214,12,12,Skåne läns västra,Teckomatorp Norra
12140901,1214,12,12,Skåne läns västra,Teckomatorp Södra
12141401,1214,12,12,Skåne läns västra,Röstånga - Konga-Ask
12300101,1230,12,13,Skåne läns södra,Kyrkheddinge
12300409,1230,12,13,Skåne läns södra,Uppåkra
12300702,1230,12,13,Skåne läns södra,Borggård
12300703,1230,12,13,Skåne läns södra,Central Södra
12300704,1230,12,13,Skåne läns södra,Bråhög
12300705,1230,12,13,Skåne läns södra,Aspvägen
12300706,1230,12,13,Skåne läns södra,Stanstorp
12300707,1230,12,13,Skåne läns södra,Mellanvången
12300708,1230,12,13,Skåne läns södra,Annero
12300709,1230,12,13,Skåne läns södra,Central Norra
12300710,1230,12,13,Skåne läns södra,Kyrkbyn
12300711,1230,12,13,Skåne läns södra,Vikhem
12300712,1230,12,13,Skåne läns södra,Hagalid
12300713,1230,12,13,Skåne läns södra,Jakriborg
12300714,1230,12,13,Skåne läns södra,Hjärup Norra
12300715,1230,12,13,Skåne läns södra,Hjärup  Södra
12300911,1230,12,13,Skåne läns södra,Tottarp
12310101,1231,12,13,Skåne läns södra,Karstorp-Svanetorp
12310102,1231,12,13,Skåne läns södra,Gamla Åkarp-Dalslund-Kockumsområdet
12310103,1231,12,13,Skåne läns södra,Harakärrsområdet-Mossvägen-Lyckö äng
12310104,1231,12,13,Skåne läns södra,Tågarp Ö.
12310105,1231,12,13,Skåne läns södra,Centrala Arlöv
12310106,1231,12,13,Skåne läns södra,Elisetorp V.
12310107,1231,12,13,Skåne läns södra,Elisetorp Ö.
12310108,1231,12,13,Skåne läns södra,Svenshög
12310109,1231,12,13,Skåne läns södra,Kronetorp-Burlövs egna hem m.fl.
12310110,1231,12,13,Skåne läns södra,Tågarp V.
12310111,1231,12,13,Skåne läns södra,Lillevång
12330201,1233,12,13,Skåne läns södra,Vellinge Eskilstorp
12330301,1233,12,13,Skåne läns södra,Hököpinge-Gessie
12330302,1233,12,13,Skåne läns södra,Hököpinge-Bruksparken
12330401,1233,12,13,Skåne läns södra,Vellinge södra
12330402,1233,12,13,Skåne läns södra,Vellinge väster
12330403,1233,12,13,Skåne läns södra,Vellinge centrum
12330404,1233,12,13,Skåne läns södra,Vellinge Herrestorp
12330501,1233,12,13,Skåne läns södra,Skanör västra
12330502,1233,12,13,Skåne läns södra,Skanör östra
12330503,1233,12,13,Skåne läns södra,Ljunghusen västra
12330504,1233,12,13,Skåne läns södra,Ljunghusen östra
12330505,1233,12,13,Skåne läns södra,Skanör centrum
12330601,1233,12,13,Skåne läns södra,Falsterbo södra
12330602,1233,12,13,Skåne läns södra,Falsterbo norra
12330801,1233,12,13,Skåne läns södra,Höllviken norra
12330802,1233,12,13,Skåne läns södra,Höllviken västra-centrum
12330803,1233,12,13,Skåne läns södra,Höllviken östra-centrum
12330804,1233,12,13,Skåne läns södra,Kronodal-Granviks
12330805,1233,12,13,Skåne läns södra,Höllviken Gya
12330901,1233,12,13,Skåne läns södra,Höllviken-Kämpinge
12330902,1233,12,13,Skåne läns södra,Höllviken-Höllviksstrand
12330903,1233,12,13,Skåne läns södra,Räng
12331201,1233,12,13,Skåne läns södra,Östra Grevie
12331301,1233,12,13,Skåne läns södra,Västra Ingelstad
12560103,1256,12,14,Skåne läns norra och östra,Knislinge Öster
12560104,1256,12,14,Skåne läns norra och östra,Knislinge Väster
12560301,1256,12,14,Skåne läns norra och östra,Hanaskog
12560401,1256,12,14,Skåne läns norra och östra,Hjärsås
12560402,1256,12,14,Skåne läns norra och östra,Sibbhult
12560601,1256,12,14,Skåne läns norra och östra,Broby Väster
12560603,1256,12,14,Skåne läns norra och östra,Broby Öster
12560701,1256,12,14,Skåne läns norra och östra,Glimåkra
12570102,1257,12,14,Skåne läns norra och östra,Åsljunga
12570103,1257,12,14,Skåne läns norra och östra,Örkelljunga Centrum
12570104,1257,12,14,Skåne läns norra och östra,Örkelljunga Norra
12570105,1257,12,14,Skåne läns norra och östra,Örkelljunga Mellan
12570206,1257,12,14,Skåne läns norra och östra,Rya
12570307,1257,12,14,Skåne läns norra och östra,Skånes Fagerhult
12600101,1260,12,12,Skåne läns västra,Bjuv 1
12600102,1260,12,12,Skåne läns västra,Bjuv 2
12600103,1260,12,12,Skåne läns västra,Bjuv 3
12600104,1260,12,12,Skåne läns västra,Bjuv 4
12600105,1260,12,12,Skåne läns västra,Bjuv 5
12600106,1260,12,12,Skåne läns västra,Billesholm 3
12600201,1260,12,12,Skåne läns västra,Billesholm 1
12600302,1260,12,12,Skåne läns västra,Billesholm 2
12600401,1260,12,12,Skåne läns västra,Ekeby 1
12600402,1260,12,12,Skåne läns västra,Ekeby 2
12600403,1260,12,12,Skåne läns västra,Ekeby 3
12610102,1261,12,13,Skåne läns södra,Kävlinge Söder
12610103,1261,12,13,Skåne läns södra,Södervidinge/Gryet
12610104,1261,12,13,Skåne läns södra,Kävlinge Väster
12610301,1261,12,13,Skåne läns södra,Karaby/Dösjebro
12610302,1261,12,13,Skåne läns södra,Ålstorp
12610401,1261,12,13,Skåne läns södra,Lackalänga
12610402,1261,12,13,Skåne läns södra,Furulund Centrum
12610403,1261,12,13,Skåne läns södra,Stävie
12610504,1261,12,13,Skåne läns södra,Sandskogen
12610505,1261,12,13,Skåne läns södra,Löddeköpinge Norr
12610506,1261,12,13,Skåne läns södra,Stationsstaden
12610507,1261,12,13,Skåne läns södra,Kävlinge Centrum/Korsbacka
12610901,1261,12,13,Skåne läns södra,Harrie
12610902,1261,12,13,Skåne läns södra,Rinnebäck
12611001,1261,12,13,Skåne läns södra,Hofterup
12611201,1261,12,13,Skåne läns södra,Barsebäck/Järavallen
12611203,1261,12,13,Skåne läns södra,Vikhög/Lyckorna
12611204,1261,12,13,Skåne läns södra,Tolvåker
12611205,1261,12,13,Skåne läns södra,Löddeköpinge Centrum
12620101,1262,12,13,Skåne läns södra,Lilla Lomma - Lomma Ö - Alnarp
12620102,1262,12,13,Skåne läns södra,Lomma Hamn
12620103,1262,12,13,Skåne läns södra,Båt- och Fågelgatorna
12620104,1262,12,13,Skåne läns södra,Piläng
12620105,1262,12,13,Skåne läns södra,Karstorp
12620106,1262,12,13,Skåne läns södra,Lervik
12620107,1262,12,13,Skåne läns södra,Lomma Centrum
12620108,1262,12,13,Skåne läns södra,Lomma Strand - Habo Ljung
12620109,1262,12,13,Skåne läns södra,Vinstorp
12620201,1262,12,13,Skåne läns södra,Bjärred N - Borgeby
12620202,1262,12,13,Skåne läns södra,Löddesnäs
12620301,1262,12,13,Skåne läns södra,Bjärred S
12620302,1262,12,13,Skåne läns södra,Bjärehov
12620303,1262,12,13,Skåne läns södra,Flädie-Fjelie
12620304,1262,12,13,Skåne läns södra,Bjärred V
12620305,1262,12,13,Skåne läns södra,Bjärred Ö
12630101,1263,12,13,Skåne läns södra,Svedala centrum
12630102,1263,12,13,Skåne läns södra,Svedala stadsparken-Sjödiken
12630103,1263,12,13,Skåne läns södra,Svedala kyrka
12630104,1263,12,13,Skåne läns södra,Svedala väster–Skabersjö
12630105,1263,12,13,Skåne läns södra,Svedala norr
12630106,1263,12,13,Skåne läns södra,Svedala öster-Börringe
12630107,1263,12,13,Skåne läns södra,Svedala söder
12630108,1263,12,13,Skåne läns södra,Svedala gamla Sockerbruket
12630703,1263,12,13,Skåne läns södra,Bara centrum
12630704,1263,12,13,Skåne läns södra,Bara Torup
12630705,1263,12,13,Skåne läns södra,Bara Bjärshög
12630801,1263,12,13,Skåne läns södra,"Klågerup, Hyby, Holmeja"
12630802,1263,12,13,Skåne läns södra,Klågerup Centrum
12640101,1264,12,13,Skåne läns södra,Skurup NV
12640102,1264,12,13,Skåne läns södra,Skurup NO
12640103,1264,12,13,Skåne läns södra,Skurup SV
12640104,1264,12,13,Skåne läns södra,Skurup SO
12640601,1264,12,13,Skåne läns södra,Skivarp N
12640602,1264,12,13,Skåne läns södra,Skivarp S - Abbekås
12641001,1264,12,13,Skåne läns södra,Rydsgård
12641101,1264,12,13,Skåne läns södra,Slimminge
12650101,1265,12,13,Skåne läns södra,Sjöbo Sandbäck
12650301,1265,12,13,Skåne läns södra,Sjöbo Emanuel
12650302,1265,12,13,Skåne läns södra,Sjöbo Centrum
12650303,1265,12,13,Skåne läns södra,Sjöbo Färsinga
12650304,1265,12,13,Skåne läns södra,Sjöbo Linné
12650401,1265,12,13,Skåne läns södra,Sövde
12650501,1265,12,13,Skåne läns södra,Blentarp
12650601,1265,12,13,Skåne läns södra,Everlöv
12650901,1265,12,13,Skåne läns södra,Vanstad
12651001,1265,12,13,Skåne läns södra,Lövestad
12651101,1265,12,13,Skåne läns södra,Fränninge
12651201,1265,12,13,Skåne läns södra,Vollsjö
12651501,1265,12,13,Skåne läns södra,Östra Kärrstorp
12660201,1266,12,12,Skåne läns västra,Hörby väst
12660202,1266,12,12,Skåne läns västra,Hörby norr
12660203,1266,12,12,Skåne läns västra,Hörby sydväst
12660204,1266,12,12,Skåne läns västra,Hörby öst
12660301,1266,12,12,Skåne läns västra,Långaröd
12660501,1266,12,12,Skåne läns västra,Ludvigsborg
12660701,1266,12,12,Skåne läns västra,Östraby-Västerstad
12660801,1266,12,12,Skåne läns västra,Svensköp
12670201,1267,12,12,Skåne läns västra,Höör/Bokeslund
12670202,1267,12,12,Skåne läns västra,Höör/Ormanäs
12670203,1267,12,12,Skåne läns västra,Höör/Veterinärsområdet
12670204,1267,12,12,Skåne läns västra,Höör/Centrum
12670205,1267,12,12,Skåne läns västra,Höör/Åkersberg
12670206,1267,12,12,Skåne läns västra,Höör/Stanstorp
12670301,1267,12,12,Skåne läns västra,Höör/Snogeröd
12670401,1267,12,12,Skåne läns västra,Höör/Orup
12670601,1267,12,12,Skåne läns västra,Höör/Frostavallen
12670801,1267,12,12,Skåne läns västra,Höör/Tjörnarp
12700510,1270,12,14,Skåne läns norra och östra,Tomelilla S
12700511,1270,12,14,Skåne läns norra och östra,Tomelilla tätort SV
12700512,1270,12,14,Skåne läns norra och östra,Tomelilla Ö
12700513,1270,12,14,Skåne läns norra och östra,Tomelilla V och Tryde
12700607,1270,12,14,Skåne läns norra och östra,Onslunda
12700910,1270,12,14,Skåne läns norra och östra,Smedstorp
12701113,1270,12,14,Skåne läns norra och östra,Brösarp
12720101,1272,12,14,Skåne läns norra och östra,Ivetofta
12720102,1272,12,14,Skåne läns norra och östra,Bromölla Västra
12720103,1272,12,14,Skåne läns norra och östra,Bromölla Östra
12720104,1272,12,14,Skåne läns norra och östra,Bromölla Centrala
12720105,1272,12,14,Skåne läns norra och östra,Bromölla Södra
12720201,1272,12,14,Skåne läns norra och östra,Nymölla-Gualöv-Valje
12720301,1272,12,14,Skåne läns norra och östra,Näsum
12730101,1273,12,14,Skåne läns norra och östra,Osby Sydväst
12730102,1273,12,14,Skåne läns norra och östra,Osby Nordväst
12730103,1273,12,14,Skåne läns norra och östra,Osby Norra
12730104,1273,12,14,Skåne läns norra och östra,Osby Nordöst
12730105,1273,12,14,Skåne läns norra och östra,Osby Södra
12730201,1273,12,14,Skåne läns norra och östra,Örkened Centralt
12730202,1273,12,14,Skåne läns norra och östra,Örkened
12730301,1273,12,14,Skåne läns norra och östra,Loshult/Killeberg
12750101,1275,12,14,Skåne läns norra och östra,Södra
12750102,1275,12,14,Skåne läns norra och östra,Västra
12750103,1275,12,14,Skåne läns norra och östra,Östra
12750104,1275,12,14,Skåne läns norra och östra,Centrum och Norra
12750105,1275,12,14,Skåne läns norra och östra,Oderljunga
12760101,1276,12,14,Skåne läns norra och östra,Klippan N-Gråmanstorp mfl
12760102,1276,12,14,Skåne läns norra och östra,Klippan NÖ-Solslätt
12760103,1276,12,14,Skåne läns norra och östra,Klippan V
12760106,1276,12,14,Skåne läns norra och östra,Klippan SÖ-Nyslätt-Elfdalen
12760204,1276,12,14,Skåne läns norra och östra,Storäng-Vedby mfl
12760305,1276,12,14,Skåne läns norra och östra,Krika-Bonnarp-Nybygget
12760410,1276,12,14,Skåne läns norra och östra,Riseberga-Färingtofta mfl
12760507,1276,12,14,Skåne läns norra och östra,Ljungbyhed N
12760508,1276,12,14,Skåne läns norra och östra,Ljungbyhed S
12760711,1276,12,14,Skåne läns norra och östra,Östra Ljungby
12760712,1276,12,14,Skåne läns norra och östra,Stidsvig
12770101,1277,12,14,Skåne läns norra och östra,Åstorp  Centrum
12770102,1277,12,14,Skåne läns norra och östra,Åstorp  Björnekulla
12770105,1277,12,14,Skåne läns norra och östra,Åstorp  Bjärshög
12770106,1277,12,14,Skåne läns norra och östra,Åstorp  Dala
12770107,1277,12,14,Skåne läns norra och östra,Åstorp  Öster
12770110,1277,12,14,Skåne läns norra och östra,Åstorp Norr
12770203,1277,12,14,Skåne läns norra och östra,Nyvång
12770204,1277,12,14,Skåne läns norra och östra,Hyllinge
12770308,1277,12,14,Skåne läns norra och östra,Kvidinge tätort
12770309,1277,12,14,Skåne läns norra och östra,Kvidinge landsbygd
12780101,1278,12,14,Skåne läns norra och östra,Båstad Västra
12780102,1278,12,14,Skåne läns norra och östra,Båstad Östra
12780202,1278,12,14,Skåne läns norra och östra,Förslöv Västra
12780203,1278,12,14,Skåne läns norra och östra,Förslöv Östra
12780303,1278,12,14,Skåne läns norra och östra,Grevie
12780404,1278,12,14,Skåne läns norra och östra,Västra Karup
12780607,1278,12,14,Skåne läns norra och östra,Torekov-Hov
12780703,1278,12,14,Skåne läns norra och östra,Östra Karup
12780704,1278,12,14,Skåne läns norra och östra,Hemmeslöv-Riviera
12800101,1280,12,11,Malmö kommun,Gamla staden V
12800102,1280,12,11,Malmö kommun,Gamla staden-Stortorget
12800103,1280,12,11,Malmö kommun,Gamla staden-Caroli
12800104,1280,12,11,Malmö kommun,Gamla staden-Ö Tullgatan
12800105,1280,12,11,Malmö kommun,Gamla staden-Österport
12800106,1280,12,11,Malmö kommun,Davidshall
12800107,1280,12,11,Malmö kommun,Davidshall-Lugnet
12800108,1280,12,11,Malmö kommun,Västra hamnen
12800109,1280,12,11,Malmö kommun,Västra hamnen-Flaggskeppet
12800110,1280,12,11,Malmö kommun,Västra hamnen-Dockplatsen
12800111,1280,12,11,Malmö kommun,Slussen-Ö Förstadsg
12800112,1280,12,11,Malmö kommun,Slussen
12800113,1280,12,11,Malmö kommun,Östervärn-Fredsgatan
12800114,1280,12,11,Malmö kommun,Östervärn-Nobelv
12800115,1280,12,11,Malmö kommun,Ellstorp
12800116,1280,12,11,Malmö kommun,N Sorgenfri
12800117,1280,12,11,Malmö kommun,Värnhem
12800118,1280,12,11,Malmö kommun,Rörsjöstaden-Rörsjöparken
12800119,1280,12,11,Malmö kommun,Rörsjöstaden-Kungsgatan
12800120,1280,12,11,Malmö kommun,V Sorgenfri-Betania
12800121,1280,12,11,Malmö kommun,V Sorgenfri-Rörsjö
12800122,1280,12,11,Malmö kommun,Lugnet-Rörsjö
12800123,1280,12,11,Malmö kommun,Lugnet
12800124,1280,12,11,Malmö kommun,Rådmansvången-Triangeln
12800125,1280,12,11,Malmö kommun,Rådmansvången-Stadshuset
12800126,1280,12,11,Malmö kommun,Rådmansvången-S Förstadsgatan
12800127,1280,12,11,Malmö kommun,Rådmansvången-Tandläkarhögskolan
12800128,1280,12,11,Malmö kommun,Västra hamnen-Fullriggaren
12800129,1280,12,11,Malmö kommun,Gamla staden-S Promenaden
12800130,1280,12,11,Malmö kommun,Rörsjöstaden-Föreningsgatan
12800131,1280,12,11,Malmö kommun,Västra hamnen-Kockum fritid
12800132,1280,12,11,Malmö kommun,Katrinelund-Värnhem
12800133,1280,12,11,Malmö kommun,Västra hamnen-Isbergs gata
12800134,1280,12,11,Malmö kommun,Västra hamnen-Bassängkajen
12800135,1280,12,11,Malmö kommun,Västra hamnen-Bomgatan
12800136,1280,12,11,Malmö kommun,Västra hamnen-Varvsparken
12800137,1280,12,11,Malmö kommun,Värnhem-Rörsjö
12800201,1280,12,11,Malmö kommun,Möllevången-Bergsgatan
12800202,1280,12,11,Malmö kommun,V Sorgenfri-Mariagatan
12800203,1280,12,11,Malmö kommun,V Sorgenfri-Nobelv
12800204,1280,12,11,Malmö kommun,Möllevångstorget N
12800205,1280,12,11,Malmö kommun,Möllevången-Folkets park
12800206,1280,12,11,Malmö kommun,Möllevången-Karlskronaplan
12800207,1280,12,11,Malmö kommun,Möllevången-Bangatan
12800208,1280,12,11,Malmö kommun,Möllevången-Södervärnsplan
12800209,1280,12,11,Malmö kommun,Södervärn
12800210,1280,12,11,Malmö kommun,Flensburg-Allm sjukhuset
12800211,1280,12,11,Malmö kommun,S Sofielund-Seved
12800212,1280,12,11,Malmö kommun,N Sofielund-Sofielundsskolan
12800213,1280,12,11,Malmö kommun,S Sofielund-Bryggeriet
12800214,1280,12,11,Malmö kommun,N Sofielund-Nobelv
12800215,1280,12,11,Malmö kommun,N Sofielund-Nobeltorget
12800216,1280,12,11,Malmö kommun,Ö Sorgenfri-Kiviksgatan
12800217,1280,12,11,Malmö kommun,Ö Sorgenfri-Nobelv
12800218,1280,12,11,Malmö kommun,Ö Sorgenfri-Sorgenfrivägen
12800219,1280,12,11,Malmö kommun,Ö Sorgenfri-Brantevik
12800220,1280,12,11,Malmö kommun,Annelund
12800221,1280,12,11,Malmö kommun,Lönngården
12800222,1280,12,11,Malmö kommun,Möllevångstorget S
12800301,1280,12,11,Malmö kommun,Hästhagen
12800302,1280,12,11,Malmö kommun,Fågelbacken N
12800303,1280,12,11,Malmö kommun,Kronprinsen
12800304,1280,12,11,Malmö kommun,Fågelbacken S
12800305,1280,12,11,Malmö kommun,Kronborg-Teatern
12800306,1280,12,11,Malmö kommun,Rönneholm SO
12800307,1280,12,11,Malmö kommun,Rönneholm-Mariedalsv
12800308,1280,12,11,Malmö kommun,Rönneholm NV
12800309,1280,12,11,Malmö kommun,Rönneholm NO
12800310,1280,12,11,Malmö kommun,Rönneholmsparken
12800311,1280,12,11,Malmö kommun,Ribersborg SO
12800312,1280,12,11,Malmö kommun,Ribersborg NO
12800313,1280,12,11,Malmö kommun,Ribersborgsskolan
12800314,1280,12,11,Malmö kommun,Ribersborg-Limhamnsvägen
12800315,1280,12,11,Malmö kommun,Ribersborg-Nicoloviusg
12800316,1280,12,11,Malmö kommun,Ribersborg-Regementsg
12800317,1280,12,11,Malmö kommun,Fridhem
12800318,1280,12,11,Malmö kommun,Västervång-Fridhem
12800319,1280,12,11,Malmö kommun,Mellanheden
12800320,1280,12,11,Malmö kommun,Dammfri-Köpenhamnsvägen
12800321,1280,12,11,Malmö kommun,Dammfri-Korsörvägen
12800322,1280,12,11,Malmö kommun,Solbacken
12800323,1280,12,11,Malmö kommun,Dammfri-John Ericssons väg
12800324,1280,12,11,Malmö kommun,Kronborg
12800401,1280,12,11,Malmö kommun,Bellevue-Nya Bellevue
12800402,1280,12,11,Malmö kommun,Rosenvång
12800403,1280,12,11,Malmö kommun,Gamla Limhamn-Bellevue
12800404,1280,12,11,Malmö kommun,"Limhamn, Ön"
12800405,1280,12,11,Malmö kommun,Gamla Limhamn-Tegnérgatan
12800406,1280,12,11,Malmö kommun,Gamla Limhamn-Linnéskolan
12800407,1280,12,11,Malmö kommun,Sibbarp N
12800408,1280,12,11,Malmö kommun,Annetorp N
12800409,1280,12,11,Malmö kommun,Djupadal N
12800410,1280,12,11,Malmö kommun,Annetorp S
12800411,1280,12,11,Malmö kommun,Sibbarp S
12800412,1280,12,11,Malmö kommun,Sibbarp-Hammars Park
12800413,1280,12,11,Malmö kommun,Djupadal-Ö Rosenvång
12800414,1280,12,11,Malmö kommun,Djupadal-Broddaparken
12800415,1280,12,11,Malmö kommun,Hyllieby
12800416,1280,12,11,Malmö kommun,Bunkeflostrand N
12800417,1280,12,11,Malmö kommun,Bunkeflostrand-Fjärilsg
12800418,1280,12,11,Malmö kommun,Bunkeflostrand-Ängslätt
12800419,1280,12,11,Malmö kommun,Bunkeflostrand-Strandhem
12800420,1280,12,11,Malmö kommun,Annestad N
12800421,1280,12,11,Malmö kommun,Bunkeflo-Vintrie
12800422,1280,12,11,Malmö kommun,Klagshamn N
12800423,1280,12,11,Malmö kommun,Tygelsjö Ö
12800424,1280,12,11,Malmö kommun,V Klagstorp-Tygelsjö V
12800425,1280,12,11,Malmö kommun,Limhamn-Dragörkajen
12800426,1280,12,11,Malmö kommun,Kalkbrottet
12800427,1280,12,11,Malmö kommun,Annestad S
12800428,1280,12,11,Malmö kommun,Elinelund N
12800429,1280,12,11,Malmö kommun,Limhamn-Cementparken
12800430,1280,12,11,Malmö kommun,Limhamn-Fendertorget
12800431,1280,12,11,Malmö kommun,Limhamn-Fernissagatan
12800432,1280,12,11,Malmö kommun,Limhamn-Formgatan
12800433,1280,12,11,Malmö kommun,Limhamn-Rosengrens gata
12800434,1280,12,11,Malmö kommun,Klagshamn S-Tygelsjö vång
12800435,1280,12,11,Malmö kommun,Elinelund S
12800436,1280,12,11,Malmö kommun,Gamla Limhamn-Valborgsgatan
12800501,1280,12,11,Malmö kommun,Lorensborg N
12800502,1280,12,11,Malmö kommun,Lorensborg V
12800503,1280,12,11,Malmö kommun,Lorensborg SO
12800504,1280,12,11,Malmö kommun,Bellevuegården V
12800505,1280,12,11,Malmö kommun,Bellevuegården Ö
12800506,1280,12,11,Malmö kommun,Kroksbäck N
12800507,1280,12,11,Malmö kommun,Kroksbäck V
12800508,1280,12,11,Malmö kommun,Kroksbäck S
12800509,1280,12,11,Malmö kommun,Borgmästaregården S
12800510,1280,12,11,Malmö kommun,Borgmästaregården N
12800511,1280,12,11,Malmö kommun,Södertorp
12800512,1280,12,11,Malmö kommun,Gröndal
12800513,1280,12,11,Malmö kommun,Kulladal N
12800514,1280,12,11,Malmö kommun,Kulladal-Per Albin Hanssons väg
12800515,1280,12,11,Malmö kommun,Kulladal-Kulladalsgatan
12800516,1280,12,11,Malmö kommun,Holma N
12800517,1280,12,11,Malmö kommun,Holma S
12800518,1280,12,11,Malmö kommun,Lindeborg-Axel Danielssons väg
12800519,1280,12,11,Malmö kommun,Lindeborg Centrum
12800520,1280,12,11,Malmö kommun,Lindeborg-Stolpalösaparken
12800521,1280,12,11,Malmö kommun,Hyllievång-Tennisgränd
12800522,1280,12,11,Malmö kommun,Hyllievång-Allétorget
12800523,1280,12,11,Malmö kommun,Hyllievång-Dagvattenparken
12800524,1280,12,11,Malmö kommun,Hyllievång-Sagas gränd
12800525,1280,12,11,Malmö kommun,Hyllievång-Skrivaregatan
12800526,1280,12,11,Malmö kommun,Bellevuegården-Hålsjön
12800601,1280,12,11,Malmö kommun,Heleneholm
12800602,1280,12,11,Malmö kommun,Eriksfält
12800603,1280,12,11,Malmö kommun,Almhög V
12800604,1280,12,11,Malmö kommun,Almhög Ö
12800605,1280,12,11,Malmö kommun,Augustenborg N
12800606,1280,12,11,Malmö kommun,Augustenborg S
12800607,1280,12,11,Malmö kommun,Hindby
12800608,1280,12,11,Malmö kommun,Nydala NV
12800609,1280,12,11,Malmö kommun,Nydala NO
12800610,1280,12,11,Malmö kommun,Nydala SO
12800611,1280,12,11,Malmö kommun,Gullviksborg
12800612,1280,12,11,Malmö kommun,Gullvik
12800613,1280,12,11,Malmö kommun,Ö Söderkulla
12800614,1280,12,11,Malmö kommun,Hermodsdal
12800615,1280,12,11,Malmö kommun,Hermodsdal-Gullviksborg
12800616,1280,12,11,Malmö kommun,V Söderkulla-Söderkullagatan
12800617,1280,12,11,Malmö kommun,V Söderkulla Centrum
12800618,1280,12,11,Malmö kommun,V Söderkulla-Fosietorp
12800619,1280,12,11,Malmö kommun,Lindängen N
12800620,1280,12,11,Malmö kommun,Lindängen Centrum
12800621,1280,12,11,Malmö kommun,Almvik
12800622,1280,12,11,Malmö kommun,Lindängen Ö
12800623,1280,12,11,Malmö kommun,Lindängen-Almvik
12800624,1280,12,11,Malmö kommun,Lindängen-Kastanjegården
12800625,1280,12,11,Malmö kommun,Lindängen-Vårsången
12800701,1280,12,11,Malmö kommun,Oxie Kyrkby N
12800702,1280,12,11,Malmö kommun,Oxie Kyrkby Ö
12800703,1280,12,11,Malmö kommun,Oxie Kyrkby-Toarp
12800704,1280,12,11,Malmö kommun,Kristineberg
12800705,1280,12,11,Malmö kommun,Käglinge
12800706,1280,12,11,Malmö kommun,Oxievång Ö
12800707,1280,12,11,Malmö kommun,Oxievång V
12800708,1280,12,11,Malmö kommun,Käglinge-Lockarp
12800801,1280,12,11,Malmö kommun,Törnrosen
12800802,1280,12,11,Malmö kommun,Örtagården V
12800803,1280,12,11,Malmö kommun,Persborg
12800804,1280,12,11,Malmö kommun,V Kattarp
12800805,1280,12,11,Malmö kommun,Rosengård centrum
12800806,1280,12,11,Malmö kommun,Apelgården S
12800807,1280,12,11,Malmö kommun,Apelgården N
12800808,1280,12,11,Malmö kommun,Kryddgården S
12800809,1280,12,11,Malmö kommun,Herrgården
12800810,1280,12,11,Malmö kommun,Kryddgården N
12800811,1280,12,11,Malmö kommun,Törnrosen-Örtagården
12800812,1280,12,11,Malmö kommun,Örtagården Ö
12800901,1280,12,11,Malmö kommun,Riseberga-Storhällagatan
12800902,1280,12,11,Malmö kommun,Riseberga-Ringbergagatan
12800903,1280,12,11,Malmö kommun,Videdal N
12800904,1280,12,11,Malmö kommun,Videdal S
12800905,1280,12,11,Malmö kommun,Virentofta V
12800906,1280,12,11,Malmö kommun,Virentofta Ö
12800907,1280,12,11,Malmö kommun,Höja
12800908,1280,12,11,Malmö kommun,Stenkällan-Höja
12800909,1280,12,11,Malmö kommun,Stenkällan-Jägersro Villastad
12800910,1280,12,11,Malmö kommun,Ö Skrävlinge-Kvarnby
12800911,1280,12,11,Malmö kommun,S Sallerup
12800912,1280,12,11,Malmö kommun,Almgården
12800913,1280,12,11,Malmö kommun,Ö Skrävlinge-Gyllins
12800914,1280,12,11,Malmö kommun,Riseberga-Elsa Anderssons gata
12801001,1280,12,11,Malmö kommun,Kirsebergsstaden-Rostorp
12801002,1280,12,11,Malmö kommun,Kirsebergsstaden-Solgatan
12801003,1280,12,11,Malmö kommun,Kirsebergsstaden-Kirsebergstornet
12801004,1280,12,11,Malmö kommun,Johanneslust
12801005,1280,12,11,Malmö kommun,Kirsebergsstaden-Beijers park
12801006,1280,12,11,Malmö kommun,Segevång Ö
12801007,1280,12,11,Malmö kommun,Segevång V
12801008,1280,12,11,Malmö kommun,Segevång N
12801009,1280,12,11,Malmö kommun,Håkanstorp
12801010,1280,12,11,Malmö kommun,Bulltofta-Valdemarsro
12801011,1280,12,11,Malmö kommun,Segevång S
12810101,1281,12,13,Skåne läns södra,"Centrum, Krafts rote"
12810102,1281,12,13,Skåne läns södra,"Centrum, Clemens rote"
12810103,1281,12,13,Skåne läns södra,"Centrum, Vårfru rote"
12810104,1281,12,13,Skåne läns södra,Mårtenslund
12810105,1281,12,13,Skåne läns södra,Nöden
12810106,1281,12,13,Skåne läns södra,Revingelyckan-Margretedal
12810107,1281,12,13,Skåne läns södra,Stampelyckan-Planetstaden
12810108,1281,12,13,Skåne läns södra,"Centrum,  Drottens rote-Svanelyckan"
12810109,1281,12,13,Skåne läns södra,Ulrikedal
12810110,1281,12,13,Skåne läns södra,Gylleholm
12810111,1281,12,13,Skåne läns södra,"Centrum, Färgaren"
12810201,1281,12,13,Skåne läns södra,Kobjer-Sliparelyckan
12810202,1281,12,13,Skåne läns södra,Pilelyckan-Rådmansvången
12810203,1281,12,13,Skåne läns södra,Papegojelyckan Ö
12810204,1281,12,13,Skåne läns södra,Väster
12810205,1281,12,13,Skåne läns södra,Spoletorp V
12810206,1281,12,13,Skåne läns södra,Papegojelyckan V
12810207,1281,12,13,Skåne läns södra,Värpinge - Klosters Fälad
12810208,1281,12,13,Skåne läns södra,Värpinge gård
12810209,1281,12,13,Skåne läns södra,Vildanden
12810210,1281,12,13,Skåne läns södra,Måsen
12810211,1281,12,13,Skåne läns södra,Klosterhusen
12810301,1281,12,13,Skåne läns södra,Råbylund Öster
12810302,1281,12,13,Skåne läns södra,"Linero, Vikingaparken"
12810303,1281,12,13,Skåne läns södra,"Linero, Tre högars park"
12810304,1281,12,13,Skåne läns södra,"Linero, Gårdarike"
12810305,1281,12,13,Skåne läns södra,Norränga
12810306,1281,12,13,Skåne läns södra,Råbylund Väster
12810401,1281,12,13,Skåne läns södra,Olshög-Professorsstaden
12810402,1281,12,13,Skåne läns södra,Spoletorp Ö
12810403,1281,12,13,Skåne läns södra,Tuna Öster
12810404,1281,12,13,Skåne läns södra,Galjevången
12810405,1281,12,13,Skåne läns södra,Möllevången Ö
12810406,1281,12,13,Skåne läns södra,Möllevången V
12810407,1281,12,13,Skåne läns södra,Plantagelyckan
12810408,1281,12,13,Skåne läns södra,Tuna Väster
12810501,1281,12,13,Skåne läns södra,Nöbbelövs centrum
12810502,1281,12,13,Skåne läns södra,Nöbbelöv-Oscarshem
12810503,1281,12,13,Skåne läns södra,Gunnesboparken
12810504,1281,12,13,Skåne läns södra,"Gunnesbo, Fornängen"
12811301,1281,12,13,Skåne läns södra,"Sandby, Västervång-Hardeberga"
12811302,1281,12,13,Skåne läns södra,"Sandby, Kyrkovång"
12811303,1281,12,13,Skåne läns södra,"Sandby, Fågelsång-Assarhusa"
12811304,1281,12,13,Skåne läns södra,"Sandby, Östervång-Revinge"
12811305,1281,12,13,Skåne läns södra,Sandby Centrum
12811601,1281,12,13,Skåne läns södra,"Dalby, Centrum-Nyvång"
12811602,1281,12,13,Skåne läns södra,"Dalby, Norrevång"
12811603,1281,12,13,Skåne läns södra,"Dalby, Stationen-Påskagänget"
12811604,1281,12,13,Skåne läns södra,"Dalby, Pinnmöllan-Rökepipan"
12811605,1281,12,13,Skåne läns södra,Torna Hällestad
12811606,1281,12,13,Skåne läns södra,Dalby Kolonin
12812001,1281,12,13,Skåne läns södra,"Genarp, Slätterna"
12812002,1281,12,13,Skåne läns södra,"Genarp, Ekesvång"
12812101,1281,12,13,Skåne läns södra,"Veberöd, Björkhaga-Trulsbo"
12812102,1281,12,13,Skåne läns södra,"Veberöd, Gamla byn"
12812103,1281,12,13,Skåne läns södra,"Veberöd, Idala"
12812104,1281,12,13,Skåne läns södra,Veberöd Raggeborg
12812401,1281,12,13,Skåne läns södra,Hospitalsgården-Järnåkra
12812402,1281,12,13,Skåne läns södra,Nilstorp
12812403,1281,12,13,Skåne läns södra,Klostergården SV
12812404,1281,12,13,Skåne läns södra,Klostergården N
12812405,1281,12,13,Skåne läns södra,Sankt Lars
12812406,1281,12,13,Skåne läns södra,Klostergården SÖ
12812407,1281,12,13,Skåne läns södra,Klostergården Centrum
12812501,1281,12,13,Skåne läns södra,"N Fäladen, Kämnärsrätten SÖ"
12812502,1281,12,13,Skåne läns södra,Sankt Hans park
12812503,1281,12,13,Skåne läns södra,Fäladstorget
12812504,1281,12,13,Skåne läns södra,"N Fäladen, Borgareparken"
12812505,1281,12,13,Skåne läns södra,Ladugårdsmarken
12812506,1281,12,13,Skåne läns södra,Annehem
12812507,1281,12,13,Skåne läns södra,Delfi
12812508,1281,12,13,Skåne läns södra,"N Fäladen, Kämnärsrätten NV"
12812509,1281,12,13,Skåne läns södra,"N Fäladen, Rådhusrätten"
12812510,1281,12,13,Skåne läns södra,Offerkällan
12812511,1281,12,13,Skåne läns södra,Brunnshög
12812512,1281,12,13,Skåne läns södra,"Brunnshög, Solbjer"
12812601,1281,12,13,Skåne läns södra,"Östra Torn, Spexaren"
12812602,1281,12,13,Skåne läns södra,Vipelyckan
12812603,1281,12,13,Skåne läns södra,"Östra Torn, Gåsatoften"
12812604,1281,12,13,Skåne läns södra,"Östra Torn, Vänortsparken"
12812605,1281,12,13,Skåne läns södra,"Östra Torn, Orkesterparken"
12812606,1281,12,13,Skåne läns södra,Mårtens Fälad
12812701,1281,12,13,Skåne läns södra,Vallkärra
12812702,1281,12,13,Skåne läns södra,Torn
12820101,1282,12,12,Skåne läns västra,Citadellstaden
12820102,1282,12,12,Skåne läns västra,Fröjdenborg
12820103,1282,12,12,Skåne läns västra,Norra Förstaden
12820104,1282,12,12,Skåne läns västra,Centrum
12820105,1282,12,12,Skåne läns västra,Dammhagen
12820106,1282,12,12,Skåne läns västra,Gustav Adolf
12820107,1282,12,12,Skåne läns västra,S:t Olov
12820108,1282,12,12,Skåne läns västra,Albano
12820109,1282,12,12,Skåne läns västra,Larvi
12820110,1282,12,12,Skåne läns västra,Sandvången
12820111,1282,12,12,Skåne läns västra,Helgebröten
12820112,1282,12,12,Skåne läns västra,Norrestad
12820113,1282,12,12,Skåne läns västra,Karlslund
12820114,1282,12,12,Skåne läns västra,Västra Fäladen
12820115,1282,12,12,Skåne läns västra,Drottningen
12820116,1282,12,12,Skåne läns västra,Svaneholm
12820117,1282,12,12,Skåne läns västra,Norra Borstahusen
12820118,1282,12,12,Skåne läns västra,Weibullsholm
12820201,1282,12,12,Skåne läns västra,Ven
12820301,1282,12,12,Skåne läns västra,Annelöv
12820401,1282,12,12,Skåne läns västra,Häljarp Norra
12820402,1282,12,12,Skåne läns västra,Häljarp Södra
12820501,1282,12,12,Skåne läns västra,Asmundtorp
12820801,1282,12,12,Skåne läns västra,Härslöv
12820802,1282,12,12,Skåne läns västra,Glumslöv Norra
12820803,1282,12,12,Skåne läns västra,Glumslöv Södra
12830101,1283,12,12,Skåne läns västra,Olympia
12830102,1283,12,12,Skåne läns västra,Centrum S
12830103,1283,12,12,Skåne läns västra,Centrum V
12830104,1283,12,12,Skåne läns västra,Slottshöjden S
12830105,1283,12,12,Skåne läns västra,Slottshöjden N
12830106,1283,12,12,Skåne läns västra,Stattena
12830107,1283,12,12,Skåne läns västra,Centrum Ö
12830108,1283,12,12,Skåne läns västra,Tågaborg Ö
12830109,1283,12,12,Skåne läns västra,Tågaborg S
12830110,1283,12,12,Skåne läns västra,St Jörgens plats
12830111,1283,12,12,Skåne läns västra,Tågaborg M
12830112,1283,12,12,Skåne läns västra,Tågaborg N
12830113,1283,12,12,Skåne läns västra,Pålsjöbaden
12830114,1283,12,12,Skåne läns västra,Pålsjö Ö
12830115,1283,12,12,Skåne läns västra,Ringstorp C
12830116,1283,12,12,Skåne läns västra,Berga
12830117,1283,12,12,Skåne läns västra,Mariastaden N
12830118,1283,12,12,Skåne läns västra,Mariastaden V
12830119,1283,12,12,Skåne läns västra,Mariastaden Ö
12830120,1283,12,12,Skåne läns västra,Ringstorp Ö
12830121,1283,12,12,Skåne läns västra,Tågaborg C
12830122,1283,12,12,Skåne läns västra,Margaretaplatsen
12830123,1283,12,12,Skåne läns västra,Ringstorp N
12830124,1283,12,12,Skåne läns västra,Mariastaden S
12830201,1283,12,12,Skåne läns västra,Furutorp
12830202,1283,12,12,Skåne läns västra,Stadsparken
12830203,1283,12,12,Skåne läns västra,Högaborg V
12830204,1283,12,12,Skåne läns västra,Eneborg V
12830205,1283,12,12,Skåne läns västra,Wilson park
12830206,1283,12,12,Skåne läns västra,Eneborg M
12830207,1283,12,12,Skåne läns västra,Högaborg Ö
12830208,1283,12,12,Skåne läns västra,Viskängen
12830209,1283,12,12,Skåne läns västra,Närlunda
12830210,1283,12,12,Skåne läns västra,Eskilsminne
12830211,1283,12,12,Skåne läns västra,Ragnvalla
12830212,1283,12,12,Skåne läns västra,Adolfsberg-Västergård S
12830213,1283,12,12,Skåne läns västra,Sofieberg
12830214,1283,12,12,Skåne läns västra,Husensjö
12830215,1283,12,12,Skåne läns västra,Rosengården Ö
12830216,1283,12,12,Skåne läns västra,Rosengården V
12830217,1283,12,12,Skåne läns västra,Västergård N
12830218,1283,12,12,Skåne läns västra,Gustavslund Ö
12830219,1283,12,12,Skåne läns västra,Söder
12830220,1283,12,12,Skåne läns västra,Gustav Adolf
12830221,1283,12,12,Skåne läns västra,Oceanhamnen
12830222,1283,12,12,Skåne läns västra,Eneborg Ö
12830223,1283,12,12,Skåne läns västra,Rosengården C
12830224,1283,12,12,Skåne läns västra,Gustavslund V
12830301,1283,12,12,Skåne läns västra,Råå S
12830302,1283,12,12,Skåne läns västra,Råå N
12830303,1283,12,12,Skåne läns västra,Högasten
12830304,1283,12,12,Skåne läns västra,Lussebäcken
12830305,1283,12,12,Skåne läns västra,Planteringen S
12830306,1283,12,12,Skåne läns västra,Planteringen N
12830307,1283,12,12,Skåne läns västra,Elineberg
12830308,1283,12,12,Skåne läns västra,Ramlösabrunn
12830309,1283,12,12,Skåne läns västra,Ramlösa N
12830310,1283,12,12,Skåne läns västra,Humlegården
12830311,1283,12,12,Skåne läns västra,Ättekulla N
12830312,1283,12,12,Skåne läns västra,Raus S
12830313,1283,12,12,Skåne läns västra,Ramlösa Ö
12830314,1283,12,12,Skåne läns västra,Ättekulla Ö
12830401,1283,12,12,Skåne läns västra,Kattarp N
12830501,1283,12,12,Skåne läns västra,Kattarp S
12830601,1283,12,12,Skåne läns västra,Allerum
12830602,1283,12,12,Skåne läns västra,Hittarp-Domsten
12830603,1283,12,12,Skåne läns västra,Laröd V
12830604,1283,12,12,Skåne läns västra,Laröd Ö
12830701,1283,12,12,Skåne läns västra,Ödåkra V
12830702,1283,12,12,Skåne läns västra,Ödåkra Ö
12830703,1283,12,12,Skåne läns västra,Björka-Väla
12830901,1283,12,12,Skåne läns västra,Påarp V
12830902,1283,12,12,Skåne läns västra,Påarp Ö
12831201,1283,12,12,Skåne läns västra,Mörarp V
12831202,1283,12,12,Skåne läns västra,Mörarp Ö
12831301,1283,12,12,Skåne läns västra,Bårslöv Ö
12831302,1283,12,12,Skåne läns västra,Bårslöv V
12831601,1283,12,12,Skåne läns västra,Rydebäck N
12831602,1283,12,12,Skåne läns västra,Rydebäck S
12831603,1283,12,12,Skåne läns västra,Gantofta
12831604,1283,12,12,Skåne läns västra,Vallåkra-Ottarp
12831605,1283,12,12,Skåne läns västra,Rydebäck Ö
12831606,1283,12,12,Skåne läns västra,Rydebäck M
12831701,1283,12,12,Skåne läns västra,Fredriksdal V
12831702,1283,12,12,Skåne läns västra,Fredriksdal M
12831703,1283,12,12,Skåne läns västra,Drottninghög Ö
12831704,1283,12,12,Skåne läns västra,Drottninghög V
12831705,1283,12,12,Skåne läns västra,Dalhem-Källstorp
12831706,1283,12,12,Skåne läns västra,Dalhem S
12831707,1283,12,12,Skåne läns västra,Brohult
12831708,1283,12,12,Skåne läns västra,Lundsbäck
12831709,1283,12,12,Skåne läns västra,Fredriksdal Ö
12840001,1284,12,12,Skåne läns västra,Nyhamn V
12840002,1284,12,12,Skåne läns västra,Nyhamn Ö - Brunnby
12840003,1284,12,12,Skåne läns västra,Jonstorp V - Ingelsträde
12840004,1284,12,12,Skåne läns västra,Jonstorp Ö
12840005,1284,12,12,Skåne läns västra,Höganäs NV
12840006,1284,12,12,Skåne läns västra,Höganäs NÖ - Väsby
12840007,1284,12,12,Skåne läns västra,Höganäs C
12840008,1284,12,12,Skåne läns västra,Höganäs S
12840009,1284,12,12,Skåne läns västra,Höganäs SÖ
12840010,1284,12,12,Skåne läns västra,Höganäs Ö
12840011,1284,12,12,Skåne läns västra,Lerberget N
12840012,1284,12,12,Skåne läns västra,Lerberget S
12840013,1284,12,12,Skåne läns västra,Viken N
12840014,1284,12,12,Skåne läns västra,Viken Ö
12840015,1284,12,12,Skåne läns västra,Viken S
12850101,1285,12,12,Skåne läns västra,Centrum Sydost
12850102,1285,12,12,Skåne läns västra,Centrum Väster
12850103,1285,12,12,Skåne läns västra,Karlsro
12850104,1285,12,12,Skåne läns västra,Norr
12850105,1285,12,12,Skåne läns västra,Rönneberga
12850106,1285,12,12,Skåne läns västra,Solkullen
12850107,1285,12,12,Skåne läns västra,Väster
12850108,1285,12,12,Skåne läns västra,Sallerup
12850109,1285,12,12,Skåne läns västra,Berga
12850110,1285,12,12,Skåne läns västra,Örtofta
12850111,1285,12,12,Skåne läns västra,Centrum
12850201,1285,12,12,Skåne läns västra,Stehag
12850401,1285,12,12,Skåne läns västra,Västra Strö
12850801,1285,12,12,Skåne läns västra,Billinge
12850901,1285,12,12,Skåne läns västra,Skarhult
12851101,1285,12,12,Skåne läns västra,Marieholm
12851301,1285,12,12,Skåne läns västra,Löberöd
12851401,1285,12,12,Skåne läns västra,Harlösa
12851601,1285,12,12,Skåne läns västra,Flyinge
12860101,1286,12,13,Skåne läns södra,Edvinshem SÖ-Gjuteriet
12860102,1286,12,13,Skåne läns södra,Edvinshem N
12860103,1286,12,13,Skåne läns södra,Bellevue S
12860104,1286,12,13,Skåne läns södra,Bellevue N
12860105,1286,12,13,Skåne läns södra,Solbacken N
12860106,1286,12,13,Skåne läns södra,Hälsobacken
12860107,1286,12,13,Skåne läns södra,Egna hem-Solbacken SÖ
12860108,1286,12,13,Skåne läns södra,Surbrunnen-Östra förstaden N
12860109,1286,12,13,Skåne läns södra,Ö förstaden S-Regementet-Sandskogen
12860110,1286,12,13,Skåne läns södra,Gamla staden V
12860111,1286,12,13,Skåne läns södra,Västra Sjöstaden-Åkesholm
12860112,1286,12,13,Skåne läns södra,Gamla staden Ö
12860401,1286,12,13,Skåne läns södra,Svarte-Snårestad-Bjäresjö-Sjörup mfl
12860701,1286,12,13,Skåne läns södra,StHerrestad-Hedeskoga-Bussjö-Källesj
12861101,1286,12,13,Skåne läns södra,Nybrostrand-St Köpinge-Svenstorp
12861102,1286,12,13,Skåne läns södra,Köpingebro
12861201,1286,12,13,Skåne läns södra,Sövestad-Baldringe-Högestad m fl
12861601,1286,12,13,Skåne läns södra,Löderup m fl
12861801,1286,12,13,Skåne läns södra,Glemmingebro-Ingelstorp-Kåseberga
12870101,1287,12,13,Skåne läns södra,Fuglie-Hammarlöv-Alstad
12870102,1287,12,13,Skåne läns södra,Skegrie
12870103,1287,12,13,Skåne läns södra,Skåre-Maglarp-Västra Tommarp
12870104,1287,12,13,Skåne läns södra,Tågarp-Västervång
12870105,1287,12,13,Skåne läns södra,Högalid-Lundhög
12870106,1287,12,13,Skåne läns södra,Granlunda-Söderslättshallen
12870107,1287,12,13,Skåne läns södra,Barnängen-Liljeskolan
12870108,1287,12,13,Skåne läns södra,Parken-Trelleborg Övre
12870109,1287,12,13,Skåne läns södra,Vannhög-Bastionen
12870110,1287,12,13,Skåne läns södra,Söderslättsgymnasiet-Hamngatan
12870111,1287,12,13,Skåne läns södra,Trelleborgen-S:t Nicolai
12870112,1287,12,13,Skåne läns södra,Friheden
12870113,1287,12,13,Skåne läns södra,Flaningen
12870201,1287,12,13,Skåne läns södra,Centralstationen-Hamnen
12870202,1287,12,13,Skåne läns södra,Wemmenhögsgatan-S:ta Gertruds väg
12870203,1287,12,13,Skåne läns södra,Klockaregatan-Österlid
12870204,1287,12,13,Skåne läns södra,Flintedal-Kyrkoköpinge-Malörten
12870205,1287,12,13,Skåne läns södra,Pilevall-Dalköpinge kyrka
12870206,1287,12,13,Skåne läns södra,Fagerängen-Östra stranden
12870207,1287,12,13,Skåne läns södra,Dalköpinge-Svartesjö
12870208,1287,12,13,Skåne läns södra,Gislövs läge-Gylle-Bösarp
12870209,1287,12,13,Skåne läns södra,Norra Åby-Böste
12870210,1287,12,13,Skåne läns södra,Stora Isie-Äspö-Smygehamn
12870211,1287,12,13,Skåne läns södra,Beddingestrand
12870212,1287,12,13,Skåne läns södra,Jordberga-Klagstorp-Önnarp
12870213,1287,12,13,Skåne läns södra,Anderslöv östra-Grönby-Näsbyholm
12870214,1287,12,13,Skåne läns södra,Anderslöv västra-Lilla Alstad
12900101,1290,12,14,Skåne läns norra och östra,Centrum
12900102,1290,12,14,Skåne läns norra och östra,Söder-Udden
12900103,1290,12,14,Skåne läns norra och östra,Söder
12900104,1290,12,14,Skåne läns norra och östra,Östermalm
12900105,1290,12,14,Skåne läns norra och östra,Egna Hem - Parkstaden
12900106,1290,12,14,Skåne läns norra och östra,Lyckans Höjd
12900107,1290,12,14,Skåne läns norra och östra,Östra Fäladen
12900108,1290,12,14,Skåne läns norra och östra,Gamlegården1
12900109,1290,12,14,Skåne läns norra och östra,Gamlegården2
12900111,1290,12,14,Skåne läns norra och östra,Kulltorp
12900112,1290,12,14,Skåne läns norra och östra,Näsby norra
12900113,1290,12,14,Skåne läns norra och östra,Näsby södra
12900114,1290,12,14,Skåne läns norra och östra,Österäng
12900115,1290,12,14,Skåne läns norra och östra,Öllsjö
12900116,1290,12,14,Skåne läns norra och östra,Sommarlust
12900209,1290,12,14,Skåne läns norra och östra,Charlottesborg - Härlöv
12900210,1290,12,14,Skåne läns norra och östra,Hedentorp - Åsum
12900216,1290,12,14,Skåne läns norra och östra,Vilan-Långebro
12900402,1290,12,14,Skåne läns norra och östra,Träne - Djurröd - Skepparslöv
12900702,1290,12,14,Skåne läns norra och östra,Vä
12900803,1290,12,14,Skåne läns norra och östra,Köpinge - Nöbbelöv
12900901,1290,12,14,Skåne läns norra och östra,Hammar
12900902,1290,12,14,Skåne läns norra och östra,Nosaby
12900903,1290,12,14,Skåne läns norra och östra,Hammarslund-Gamla Hammar och Araslöv
12901103,1290,12,14,Skåne läns norra och östra,Österslöv - Balsby - Fjälkestad
12901303,1290,12,14,Skåne läns norra och östra,Önnestad-Norra Strö
12901401,1290,12,14,Skåne läns norra och östra,Färlöv
12901501,1290,12,14,Skåne läns norra och östra,Åhus centrum
12901502,1290,12,14,Skåne läns norra och östra,Åhus-Täppet
12901503,1290,12,14,Skåne läns norra och östra,Åhus Transval-Sånna
12901505,1290,12,14,Skåne läns norra och östra,Åhus Vattentornet-Ripa
12901506,1290,12,14,Skåne läns norra och östra,Åhus Äspet
12901507,1290,12,14,Skåne läns norra och östra,Åhus Vanneberga - Östra Sand
12901701,1290,12,14,Skåne läns norra och östra,Everöd - Östra Sönnarslöv - Huaröd
12902301,1290,12,14,Skåne läns norra och östra,Bäckaskog
12902401,1290,12,14,Skåne läns norra och östra,Fjälkinge - Nymö
12902501,1290,12,14,Skåne läns norra och östra,Gustav Adolf - Rinkaby
12902901,1290,12,14,Skåne läns norra och östra,Degeberga - Hörröd
12903001,1290,12,14,Skåne läns norra och östra,Yngsjö - Vittskövle - Maglehem
12903103,1290,12,14,Skåne läns norra och östra,Tollarp-Linderöd-Äsphult
12903201,1290,12,14,Skåne läns norra och östra,Tollarp centrum södra
12903202,1290,12,14,Skåne läns norra och östra,Tollarp centrum norra
12903501,1290,12,14,Skåne läns norra och östra,Oppmanna - Vånga - Arkelstorp
12910101,1291,12,14,Skåne läns norra och östra,Simrishamn N
12910102,1291,12,14,Skåne läns norra och östra,Simrishamn C
12910103,1291,12,14,Skåne läns norra och östra,Simrishamn S
12910204,1291,12,14,Skåne läns norra och östra,Simris
12910408,1291,12,14,Skåne läns norra och östra,Gladsax
12910609,1291,12,14,Skåne läns norra och östra,Skillinge
12910710,1291,12,14,Skåne läns norra och östra,Borrby
12911114,1291,12,14,Skåne läns norra och östra,Gärsnäs
12911316,1291,12,14,Skåne läns norra och östra,Hammenhög
12911720,1291,12,14,Skåne läns norra och östra,S:t Olof
12911922,1291,12,14,Skåne läns norra och östra,Kivik
12920101,1292,12,14,Skåne läns norra och östra,Ausås-Strövelstorp
12920102,1292,12,14,Skåne läns norra och östra,Höja-Starby
12920103,1292,12,14,Skåne läns norra och östra,Skörpinge
12920104,1292,12,14,Skåne läns norra och östra,Södra Utmarken
12920105,1292,12,14,Skåne läns norra och östra,Willan
12920106,1292,12,14,Skåne läns norra och östra,Ängavången
12920107,1292,12,14,Skåne läns norra och östra,Centrum S
12920108,1292,12,14,Skåne läns norra och östra,Nya Torg
12920109,1292,12,14,Skåne läns norra och östra,Sockerbruket
12920110,1292,12,14,Skåne läns norra och östra,Danielslund
12920111,1292,12,14,Skåne läns norra och östra,Centrum N
12920201,1292,12,14,Skåne läns norra och östra,Kungsgården
12920202,1292,12,14,Skåne läns norra och östra,Munka Ljungby S
12920203,1292,12,14,Skåne läns norra och östra,Tåssjö-Össjö
12920204,1292,12,14,Skåne läns norra och östra,Munka Ljungby N
12920205,1292,12,14,Skåne läns norra och östra,Rebbelberga
12920206,1292,12,14,Skåne läns norra och östra,Pomona
12920207,1292,12,14,Skåne läns norra och östra,Skälderviken
12920208,1292,12,14,Skåne läns norra och östra,Magnarp
12920209,1292,12,14,Skåne läns norra och östra,Vejbystrand
12920210,1292,12,14,Skåne läns norra och östra,Hjärnarp S
12920211,1292,12,14,Skåne läns norra och östra,Hjärnarp N
12930101,1293,12,14,Skåne läns norra och östra,T4-området
12930102,1293,12,14,Skåne läns norra och östra,Gäddastorp
12930103,1293,12,14,Skåne läns norra och östra,Bokeberg
12930104,1293,12,14,Skåne läns norra och östra,Stattena
12930105,1293,12,14,Skåne läns norra och östra,Hässleholm C
12930106,1293,12,14,Skåne läns norra och östra,Djupadal
12930107,1293,12,14,Skåne läns norra och östra,Haga
12930108,1293,12,14,Skåne läns norra och östra,Kristinehem-Ekedal
12930109,1293,12,14,Skåne läns norra och östra,Sjörröd
12930110,1293,12,14,Skåne läns norra och östra,Östervärn-Röinge
12930111,1293,12,14,Skåne läns norra och östra,Läreda
12930112,1293,12,14,Skåne läns norra och östra,Ljungdala
12930113,1293,12,14,Skåne läns norra och östra,Fredentorp
12930114,1293,12,14,Skåne läns norra och östra,Bokalyckan
12930301,1293,12,14,Skåne läns norra och östra,Stoby-Ignaberga
12930302,1293,12,14,Skåne läns norra och östra,Ballingslöv
12930501,1293,12,14,Skåne läns norra och östra,Vinslöv C
12930502,1293,12,14,Skåne läns norra och östra,Vinslöv N
12930503,1293,12,14,Skåne läns norra och östra,Vinslöv S
12930901,1293,12,14,Skåne läns norra och östra,Hästveda V
12931002,1293,12,14,Skåne läns norra och östra,Hästveda Ö
12931203,1293,12,14,Skåne läns norra och östra,Vittsjö utom tätorten
12931204,1293,12,14,Skåne läns norra och östra,Vittsjö tätort
12931301,1293,12,14,Skåne läns norra och östra,Bjärnum S
12931302,1293,12,14,Skåne läns norra och östra,Bjärnum N
12931402,1293,12,14,Skåne läns norra och östra,Vankiva
12931503,1293,12,14,Skåne läns norra och östra,Sösdala Ö
12931504,1293,12,14,Skåne läns norra och östra,Sösdala V
12931704,1293,12,14,Skåne läns norra och östra,Tormestorp
12931901,1293,12,14,Skåne läns norra och östra,Tyringe N
12931902,1293,12,14,Skåne läns norra och östra,Tyringe V
12931903,1293,12,14,Skåne läns norra och östra,Finja
12931904,1293,12,14,Skåne läns norra och östra,Tyringe S
12932005,1293,12,14,Skåne läns norra och östra,Röke-Hörja
13150101,1315,13,15,Hallands län,Torup
13150102,1315,13,15,Hallands län,Rydöbruk-Femsjö
13150201,1315,13,15,Hallands län,Kinnared-Drängsered
13150401,1315,13,15,Hallands län,Landeryd-Långaryd
13150501,1315,13,15,Hallands län,Hyltebruk
13150502,1315,13,15,Hallands län,Örnabäckshult
13150503,1315,13,15,Hallands län,Staffansbo
13150701,1315,13,15,Hallands län,Unnaryd-Jälluntofta
13800101,1380,13,15,Hallands län,Centrum norra
13800102,1380,13,15,Hallands län,Centrum västra
13800103,1380,13,15,Hallands län,Centrum södra
13800104,1380,13,15,Hallands län,Galgberget västra
13800105,1380,13,15,Hallands län,Galgberget östra
13800106,1380,13,15,Hallands län,Kärleken-Sofieberg västra och södra
13800107,1380,13,15,Hallands län,Kärleken-Sofieberg östra
13800108,1380,13,15,Hallands län,Mickedala
13800109,1380,13,15,Hallands län,Rotorp norra
13800110,1380,13,15,Hallands län,Rotorp södra-Alet
13800111,1380,13,15,Hallands län,Kattegatt
13800112,1380,13,15,Hallands län,Slottsjord
13800201,1380,13,15,Hallands län,Centrum östra-Gamletull södra
13800202,1380,13,15,Hallands län,Gamletull västra
13800203,1380,13,15,Hallands län,Gamletull norra och östra
13800204,1380,13,15,Hallands län,Furet
13800205,1380,13,15,Hallands län,Frennarp
13800206,1380,13,15,Hallands län,Nyatorp norra
13800207,1380,13,15,Hallands län,Nyatorp södra
13800208,1380,13,15,Hallands län,Nyhem västra
13800209,1380,13,15,Hallands län,Nyhem norra och östra
13800210,1380,13,15,Hallands län,Nyhem södra
13800211,1380,13,15,Hallands län,Engelbrekt västra och södra
13800212,1380,13,15,Hallands län,Östra Förstaden-Engelbrekt norra
13800213,1380,13,15,Hallands län,Engelbrekt östra-Östra Stranden
13800214,1380,13,15,Hallands län,Linehed södra
13800215,1380,13,15,Hallands län,Linehed norra
13800216,1380,13,15,Hallands län,Gustavsfält norra
13800217,1380,13,15,Hallands län,Gustavsfält södra
13800218,1380,13,15,Hallands län,Andersberg norra
13800219,1380,13,15,Hallands län,Andersberg södra
13800301,1380,13,15,Hallands län,Vallås västra
13800302,1380,13,15,Hallands län,Vallås norra
13800303,1380,13,15,Hallands län,Vallås östra
13800304,1380,13,15,Hallands län,Vallås södra
13800305,1380,13,15,Hallands län,Snöstorp östra-Brogård
13800306,1380,13,15,Hallands län,Snöstorp västra
13800307,1380,13,15,Hallands län,Fyllinge norra
13800308,1380,13,15,Hallands län,Fyllinge södra
13800309,1380,13,15,Hallands län,Skedala-Marbäck
13800401,1380,13,15,Hallands län,Simlångsdalen
13800501,1380,13,15,Hallands län,Oskarström västra och södra
13800502,1380,13,15,Hallands län,Oskarström norra
13800503,1380,13,15,Hallands län,Oskarström östra
13800701,1380,13,15,Hallands län,Eldsberga-Tönnersjö
13800702,1380,13,15,Hallands län,Gullbranna-Laxvik
13800801,1380,13,15,Hallands län,Trönninge
13800901,1380,13,15,Hallands län,Söndrum södra
13800902,1380,13,15,Hallands län,Eketånga-Stenhuggeriet östra
13800903,1380,13,15,Hallands län,Söndrum norra-Vapnö
13800904,1380,13,15,Hallands län,Bäckagård-Pålsbo norra
13800905,1380,13,15,Hallands län,Bäckagård-Pålsbo södra
13800906,1380,13,15,Hallands län,Bäckagård-Trottaberg västra
13800907,1380,13,15,Hallands län,Frösakull östra
13800908,1380,13,15,Hallands län,Frösakull västra-Tylösand
13800909,1380,13,15,Hallands län,Eketånga-Stenhuggeriet västra
13800910,1380,13,15,Hallands län,Bäckagård-Trottaberg östra
13801001,1380,13,15,Hallands län,Kärleken-Sofieberg norra-Holm
13801101,1380,13,15,Hallands län,Gullbrandstorp södra-Villshärad
13801102,1380,13,15,Hallands län,Gullbrandstorp norra-Onsjö-Ågarp
13801103,1380,13,15,Hallands län,Haverdal
13801104,1380,13,15,Hallands län,Harplinge
13801201,1380,13,15,Hallands län,Steninge-Särdal
13801401,1380,13,15,Hallands län,Getinge södra-Rävinge
13801402,1380,13,15,Hallands län,Getinge norra
13801701,1380,13,15,Hallands län,Kvibille-Slättåkra
13801901,1380,13,15,Hallands län,Åled västra
13801902,1380,13,15,Hallands län,Åled östra-Sennan
13810101,1381,13,15,Hallands län,Laholm Centrum
13810102,1381,13,15,Hallands län,Laholm Östra
13810103,1381,13,15,Hallands län,Laholm Västra
13810104,1381,13,15,Hallands län,Laholm Norra
13810105,1381,13,15,Hallands län,Laholm Södra
13810106,1381,13,15,Hallands län,Mellbystrand Södra
13810107,1381,13,15,Hallands län,Mellbystrand Norra
13810301,1381,13,15,Hallands län,Våxtorp
13810501,1381,13,15,Hallands län,Hasslöv-Skottorp
13810502,1381,13,15,Hallands län,Skummeslöv
13810601,1381,13,15,Hallands län,Hishult
13810701,1381,13,15,Hallands län,Ränneslöv
13810801,1381,13,15,Hallands län,Vallberga-Ysby
13810901,1381,13,15,Hallands län,Knäred
13811101,1381,13,15,Hallands län,Veinge
13811102,1381,13,15,Hallands län,Tjärby
13820101,1382,13,15,Hallands län,FBG 1 V Gärdet-Hamnen-Gamla stan
13820102,1382,13,15,Hallands län,FBG 2 Arvidstorp
13820103,1382,13,15,Hallands län,FBG 3 Herting
13820104,1382,13,15,Hallands län,FBG 4 V Gärdet-Smedjeholm
13820105,1382,13,15,Hallands län,FBG 5 Centrum
13820106,1382,13,15,Hallands län,FBG 6 Ö Gärdet-Vindilen-Fajans
13820107,1382,13,15,Hallands län,FBG 7 N Skrea Strand
13820108,1382,13,15,Hallands län,FBG 8 Hjortsberg
13820109,1382,13,15,Hallands län,FBG 9 Tånga-Sloalyckan-V Tröinge
13820110,1382,13,15,Hallands län,FBG 10 Falkagård-Stafsinge
13820112,1382,13,15,Hallands län,FBG 12 S Skrea Strand-Ringsegård
13820201,1382,13,15,Hallands län,Skrea Samhälle-Ringsegård
13820202,1382,13,15,Hallands län,FBG 11 Slätten
13820301,1382,13,15,Hallands län,Årstad
13820601,1382,13,15,Hallands län,Slöinge
13820701,1382,13,15,Hallands län,Ugglarp-Långasand
13820801,1382,13,15,Hallands län,Skogstorp
13820901,1382,13,15,Hallands län,Glommen-Olofsbo
13820902,1382,13,15,Hallands län,Långås-Morup
13821001,1382,13,15,Hallands län,Ljungby
13821101,1382,13,15,Hallands län,Tröingeberg
13821102,1382,13,15,Hallands län,Vinbergs Samhälle och kyrkby
13821201,1382,13,15,Hallands län,Vessigebro
13821501,1382,13,15,Hallands län,Köinge-Okome
13821901,1382,13,15,Hallands län,Ätran-Fegen
13822301,1382,13,15,Hallands län,Ullared
13822401,1382,13,15,Hallands län,Älvsered
13830121,1383,13,15,Hallands län,Värö
13830122,1383,13,15,Hallands län,Stråvalla
13830123,1383,13,15,Hallands län,Veddige V
13830124,1383,13,15,Hallands län,Veddige Ö
13830126,1383,13,15,Hallands län,Bua
13830129,1383,13,15,Hallands län,Tångaberg-Kärra-Åskloster
13830130,1383,13,15,Hallands län,Bläshammar-Trönningenäs
13830131,1383,13,15,Hallands län,Lindberg-Tofta-Torpa
13830132,1383,13,15,Hallands län,Valinge-Stamnared
13830135,1383,13,15,Hallands län,Brunnsberg-Norrdal
13830136,1383,13,15,Hallands län,Stenåsa-Äckregården
13830137,1383,13,15,Hallands län,Gamleby
13830138,1383,13,15,Hallands län,Trädlyckan
13830139,1383,13,15,Hallands län,Håsten
13830140,1383,13,15,Hallands län,Karlberg
13830151,1383,13,15,Hallands län,Kungsäter-Karl Gustav-Gunnarsjö
13830152,1383,13,15,Hallands län,Derome-Sällstorp-Grimmared
13830153,1383,13,15,Hallands län,Getterön-Lugnet-Göingegården Ö
13830154,1383,13,15,Hallands län,Trönninge-Göingegården V
13830221,1383,13,15,Hallands län,Skällinge-Nösslinge
13830222,1383,13,15,Hallands län,Rolfstorp
13830223,1383,13,15,Hallands län,Träslöv N
13830224,1383,13,15,Hallands län,Grimeton-Gödestad-Hunnestad
13830225,1383,13,15,Hallands län,Varberg centrum S
13830226,1383,13,15,Hallands län,Varberg centrum N
13830227,1383,13,15,Hallands län,Lorensberg-Tranelyckan
13830228,1383,13,15,Hallands län,Lilla Träslöv
13830229,1383,13,15,Hallands län,Hästhaga-Rosenfred
13830230,1383,13,15,Hallands län,Mariedal
13830231,1383,13,15,Hallands län,Sörse-Apelvikshöjd
13830232,1383,13,15,Hallands län,Sörse-Ranelid
13830235,1383,13,15,Hallands län,Apelviken-Nygård
13830237,1383,13,15,Hallands län,Träslövsläge NV
13830238,1383,13,15,Hallands län,Träslövsläge SÖ
13830239,1383,13,15,Hallands län,Tvååker V
13830240,1383,13,15,Hallands län,Tvååker Ö
13830251,1383,13,15,Hallands län,Breared
13830252,1383,13,15,Hallands län,Träslöv S
13830253,1383,13,15,Hallands län,Spannarp-Sibbarp-Dagsås
13840101,1384,13,15,Hallands län,Innerstaden
13840102,1384,13,15,Hallands län,Västra Villastaden
13840103,1384,13,15,Hallands län,Ö Villastaden/Signeskulle/Gårdskulla
13840104,1384,13,15,Hallands län,Hålabäck
13840105,1384,13,15,Hallands län,Hammerö
13840106,1384,13,15,Hallands län,Hammerö Södra/Västra
13840107,1384,13,15,Hallands län,Tingberget
13840201,1384,13,15,Hallands län,Varla Södra
13840202,1384,13,15,Hallands län,Varla Norra
13840203,1384,13,15,Hallands län,Tölö
13840204,1384,13,15,Hallands län,Fors
13840205,1384,13,15,Hallands län,Hede
13840206,1384,13,15,Hallands län,Björkris
13840301,1384,13,15,Hallands län,Anneberg
13840302,1384,13,15,Hallands län,Älvsåker
13840401,1384,13,15,Hallands län,Vallda Sandö
13840402,1384,13,15,Hallands län,Vallda Lerkil
13840403,1384,13,15,Hallands län,Vallda Bröndome
13840404,1384,13,15,Hallands län,Vallda Backa
13840501,1384,13,15,Hallands län,Kyvik
13840502,1384,13,15,Hallands län,Kullavik Centrum
13840503,1384,13,15,Hallands län,Släps Kullen
13840504,1384,13,15,Hallands län,Malevik/Släps Inland
13840505,1384,13,15,Hallands län,Bukärrs Centrum
13840506,1384,13,15,Hallands län,Särö
13840601,1384,13,15,Hallands län,Frillesås Landsbygd
13840602,1384,13,15,Hallands län,Frillesås Kust
13840801,1384,13,15,Hallands län,Ölmevalla Östra
13840802,1384,13,15,Hallands län,Ölmanäs
13840803,1384,13,15,Hallands län,Åsa Centrum
13840901,1384,13,15,Hallands län,Gällinge/Idala/Förlanda
13841201,1384,13,15,Hallands län,Fjärås Norra
13841202,1384,13,15,Hallands län,Fjärås/Må
13841203,1384,13,15,Hallands län,Fjärås Södra
13841301,1384,13,15,Hallands län,Hanhals
13841401,1384,13,15,Hallands län,Forsbäck/Oskarsberg
13841402,1384,13,15,Hallands län,Presse/Skällared
13841403,1384,13,15,Hallands län,Onsala Kyrka
13841404,1384,13,15,Hallands län,Onsala Rydet
13841405,1384,13,15,Hallands län,Gottskär
13841406,1384,13,15,Hallands län,Vässingö/Röda Holme
13841407,1384,13,15,Hallands län,Onsala Västra
13841408,1384,13,15,Hallands län,Kolla Norra
13841409,1384,13,15,Hallands län,Kolla Södra
13841411,1384,13,15,Hallands län,Onsala Södra
13841412,1384,13,15,Hallands län,Åsa kust
14010101,1401,14,17,Västra Götalands läns västra,Härryda
14010201,1401,14,17,Västra Götalands läns västra,Backa-Eskilsby m.fl.
14010202,1401,14,17,Västra Götalands läns västra,Landvetter centrum V-Skårtorp m.fl.
14010203,1401,14,17,Västra Götalands läns västra,Landvetter centrum Ö-Snåkered m.fl.
14010204,1401,14,17,Västra Götalands läns västra,Önneröd-Salmered
14010205,1401,14,17,Västra Götalands läns västra,Tahult-Byvägen m.fl.
14010301,1401,14,17,Västra Götalands läns västra,Kindbogården-Solsten m.fl.
14010302,1401,14,17,Västra Götalands läns västra,Säteriet-Bråta m.fl.
14010303,1401,14,17,Västra Götalands läns västra,Mölnlycke centrum m.fl.
14010304,1401,14,17,Västra Götalands läns västra,Pixbo m.fl.
14010305,1401,14,17,Västra Götalands läns västra,Högadal-Övre Skogen m.fl.
14010306,1401,14,17,Västra Götalands läns västra,Djupedalsäng m.fl.
14010307,1401,14,17,Västra Götalands läns västra,Nedre Skogen-Skinnefjäll m.fl.
14010308,1401,14,17,Västra Götalands läns västra,Orrekullen-Långetjärnshöjd
14010309,1401,14,17,Västra Götalands läns västra,Båtsmanstorpet m.fl.
14010310,1401,14,17,Västra Götalands läns västra,Nysäter-Benareby m.fl.
14010311,1401,14,17,Västra Götalands läns västra,Mölnlycke fabriker m.fl.
14010401,1401,14,17,Västra Götalands läns västra,Älmhult-Bocköhalvön m.fl.
14010402,1401,14,17,Västra Götalands läns västra,Rävlanda
14010403,1401,14,17,Västra Götalands läns västra,Hällingsjö
14010404,1401,14,17,Västra Götalands läns västra,Hindås centrum-Ingelse m.fl.
14020101,1402,14,17,Västra Götalands läns västra,Brattåskärr S–Fröjasten–Soldatängen
14020102,1402,14,17,Västra Götalands läns västra,Oxled–Soldatheden
14020103,1402,14,17,Västra Götalands läns västra,Kullegården S–Puketorp
14020104,1402,14,17,Västra Götalands läns västra,Vallhamra C–Ljungkullen
14020105,1402,14,17,Västra Götalands läns västra,Brattåskärr N–Sotenäs S
14020106,1402,14,17,Västra Götalands läns västra,Bethala-Sotenäs N
14020107,1402,14,17,Västra Götalands läns västra,Kullegården N-Finngösa
14020108,1402,14,17,Västra Götalands läns västra,Övre Björndammen-Björndammsterassen
14020109,1402,14,17,Västra Götalands läns västra,Östra Centrum-Brodalen-Lexby Ö
14020110,1402,14,17,Västra Götalands läns västra,Oluf Nilssons väg
14020111,1402,14,17,Västra Götalands läns västra,Partille Centrum
14020112,1402,14,17,Västra Götalands läns västra,Mellby-Paradiset
14020113,1402,14,17,Västra Götalands läns västra,Lexbydal-Lexby V-Kåhög
14020114,1402,14,17,Västra Götalands läns västra,Jonsered-Uddared
14020115,1402,14,17,Västra Götalands läns västra,Skulltorp-Kåbäcken
14020116,1402,14,17,Västra Götalands läns västra,Nedre Björndammen-Furuskog
14020117,1402,14,17,Västra Götalands läns västra,Furulund
14020118,1402,14,17,Västra Götalands läns västra,Timmerslätt
14020119,1402,14,17,Västra Götalands läns västra,Björndammens Torg-Stenliden
14020120,1402,14,17,Västra Götalands läns västra,Hålsjöområdet-Öjersjö S
14020121,1402,14,17,Västra Götalands läns västra,Kåsjöområdet-Öjersjö N
14020122,1402,14,17,Västra Götalands läns västra,Öjersjö Ö
14070101,1407,14,17,Västra Götalands läns västra,"Björkö, Grötö och Kalvsund"
14070105,1407,14,17,Västra Götalands läns västra,"Hyppeln, Hälsö, Knippla och Rörö"
14070106,1407,14,17,Västra Götalands läns västra,Hönö Nordväst
14070107,1407,14,17,Västra Götalands läns västra,Hönö Nordost
14070110,1407,14,17,Västra Götalands läns västra,Öckerö Norra
14070111,1407,14,17,Västra Götalands läns västra,Öckerö Södra
14070112,1407,14,17,Västra Götalands läns västra,Fotö och Hönö Södra
14150101,1415,14,17,Västra Götalands läns västra,Spekeröd
14150201,1415,14,17,Västra Götalands läns västra,Stenungestrand-Stenungsön-S Askerön
14150202,1415,14,17,Västra Götalands läns västra,Doterödsvägen-Nyborg
14150203,1415,14,17,Västra Götalands läns västra,Brudhammar-Kopper-Kristinedal
14150204,1415,14,17,Västra Götalands läns västra,Hasselbacken-Uppegårdsvägen
14150205,1415,14,17,Västra Götalands läns västra,Ekbacken-Hällebäck-Högenorum
14150206,1415,14,17,Västra Götalands läns västra,Kyrkenorum
14150207,1415,14,17,Västra Götalands läns västra,Hallerna-Strandkärr
14150208,1415,14,17,Västra Götalands läns västra,Strandnorum-Kåkenäs
14150209,1415,14,17,Västra Götalands läns västra,Kvarnberget-Solgårdsterassen
14150301,1415,14,17,Västra Götalands läns västra,Näs-Apleröd-Stripplekärr
14150302,1415,14,17,Västra Götalands läns västra,Berg-Käderöd-Hällesdalen
14150401,1415,14,17,Västra Götalands läns västra,Svenshögen-Ucklum
14150501,1415,14,17,Västra Götalands läns västra,Getskär-Valeberget
14150502,1415,14,17,Västra Götalands läns västra,Anrås-VästraTorp-Saxeröd
14150503,1415,14,17,Västra Götalands läns västra,Källsby-Sävelycke-Timmervik
14150504,1415,14,17,Västra Götalands läns västra,Gilltorp-Rämma-Högen
14190101,1419,14,17,Västra Götalands läns västra,Myggenäs
14190102,1419,14,17,Västra Götalands läns västra,Valla
14190103,1419,14,17,Västra Götalands läns västra,Höviksnäs-Hakenäset
14190201,1419,14,17,Västra Götalands läns västra,Södra Skärhamn
14190202,1419,14,17,Västra Götalands läns västra,Norra Skärhamn
14190203,1419,14,17,Västra Götalands läns västra,Bleket-Klädesholmen
14190204,1419,14,17,Västra Götalands läns västra,Kållekärr
14190205,1419,14,17,Västra Götalands läns västra,Stenkyrka
14190303,1419,14,17,Västra Götalands läns västra,Rönnäng
14190501,1419,14,17,Västra Götalands läns västra,Klövedal
14210101,1421,14,18,Västra Götalands läns norra,Orust västra
14210201,1421,14,18,Västra Götalands läns norra,Henån södra
14210202,1421,14,18,Västra Götalands läns norra,Henån norra
14210301,1421,14,18,Västra Götalands läns norra,Varekil
14210401,1421,14,18,Västra Götalands läns norra,Svanesund norra
14210402,1421,14,18,Västra Götalands läns norra,Svanesund centrum
14210601,1421,14,18,Västra Götalands läns norra,Orust nordöstra
14211001,1421,14,18,Västra Götalands läns norra,Ellös
14270104,1427,14,18,Västra Götalands läns norra,Kungshamn södra
14270109,1427,14,18,Västra Götalands läns norra,Kungshamn Norra-Hovenäset
14270306,1427,14,18,Västra Götalands läns norra,Askum-Väjern-Malmön
14270401,1427,14,18,Västra Götalands läns norra,Smögen
14270507,1427,14,18,Västra Götalands läns norra,Hunnebostrand
14270508,1427,14,18,Västra Götalands läns norra,Bovallstrand-Tossene
14300101,1430,14,18,Västra Götalands läns norra,Munkedal 1-Söder-Håby-Tungenäset
14300102,1430,14,18,Västra Götalands läns norra,Munkedal 2-Väster-Centrum
14300103,1430,14,18,Västra Götalands läns norra,Munkedal 3-Öster-Valbo Ryr
14300505,1430,14,18,Västra Götalands läns norra,Dingle-Bärfendal
14300506,1430,14,18,Västra Götalands läns norra,Hällevadsholm-Svarteborg
14300808,1430,14,18,Västra Götalands läns norra,Sörbygden
14350203,1435,14,18,Västra Götalands läns norra,Tanumshede
14350204,1435,14,18,Västra Götalands läns norra,Grebbestad norra
14350205,1435,14,18,Västra Götalands läns norra,Grebbestad södra
14350301,1435,14,18,Västra Götalands läns norra,Tanumshede-Lur
14350401,1435,14,18,Västra Götalands läns norra,Bullaren
14350601,1435,14,18,Västra Götalands läns norra,Hamburgsund
14350603,1435,14,18,Västra Götalands läns norra,Kville-Rabbalshede
14350701,1435,14,18,Västra Götalands läns norra,Fjällbacka
14380101,1438,14,18,Västra Götalands läns norra,Dals-Ed Nord
14380102,1438,14,18,Västra Götalands läns norra,Dals-Ed Syd
14380103,1438,14,18,Västra Götalands läns norra,Dals-Ed Centrum
14390101,1439,14,18,Västra Götalands läns norra,Färgelanda
14390205,1439,14,18,Västra Götalands läns norra,Ödeborg-Stigen
14390811,1439,14,18,Västra Götalands läns norra,Högsäter och norra kommundelen
14400101,1440,14,17,Västra Götalands läns västra,Nödinge södra
14400102,1440,14,17,Västra Götalands läns västra,Nödinge östra
14400103,1440,14,17,Västra Götalands läns västra,Surte norra
14400104,1440,14,17,Västra Götalands läns västra,Surte södra
14400105,1440,14,17,Västra Götalands läns västra,Bohus södra
14400106,1440,14,17,Västra Götalands läns västra,Bohus norra
14400107,1440,14,17,Västra Götalands läns västra,Nödinge centrum
14400210,1440,14,17,Västra Götalands läns västra,Skepplanda norra - Hålanda
14400311,1440,14,17,Västra Götalands läns västra,Skepplanda östra
14400312,1440,14,17,Västra Götalands läns västra,Skepplanda västra
14400414,1440,14,17,Västra Götalands läns västra,Starrkärr
14400515,1440,14,17,Västra Götalands läns västra,Älvängen centrum
14400516,1440,14,17,Västra Götalands läns västra,Älvängen södra
14400517,1440,14,17,Västra Götalands läns västra,Älvängen norra
14400518,1440,14,17,Västra Götalands läns västra,Nol norra
14400519,1440,14,17,Västra Götalands läns västra,Nol södra
14400521,1440,14,17,Västra Götalands läns västra,Älvängen östra
14400622,1440,14,17,Västra Götalands läns västra,Alafors västra
14400623,1440,14,17,Västra Götalands läns västra,Alafors östra
14410101,1441,14,17,Västra Götalands läns västra,Västra Hulan - Bråta
14410102,1441,14,17,Västra Götalands läns västra,Östra Hulan - Öxeryd
14410103,1441,14,17,Västra Götalands läns västra,Rydsberg - Almekärr
14410104,1441,14,17,Västra Götalands läns västra,Ljungsbacken - Stamsjön
14410105,1441,14,17,Västra Götalands läns västra,Södra Lerum - Slätthult
14410106,1441,14,17,Västra Götalands läns västra,Centrala Lerum
14410107,1441,14,17,Västra Götalands läns västra,Norra Aspenäs - Axåsen
14410108,1441,14,17,Västra Götalands läns västra,Södra Aspenäs - Torpadal
14410109,1441,14,17,Västra Götalands läns västra,Södra Hallsås
14410110,1441,14,17,Västra Götalands läns västra,Norra Hallsås - Höjden
14410111,1441,14,17,Västra Götalands läns västra,Stenkullen - Hedefors
14410212,1441,14,17,Västra Götalands läns västra,Uddared - Oryd
14410213,1441,14,17,Västra Götalands läns västra,Centrala Floda - Nordåsen
14410214,1441,14,17,Västra Götalands läns västra,Drängsered - Hästhagen
14410215,1441,14,17,Västra Götalands läns västra,Hyltorna - Öjared
14410216,1441,14,17,Västra Götalands läns västra,Berghult - Ryggebol
14410217,1441,14,17,Västra Götalands läns västra,Kyrkmossen - Lindskogen
14410218,1441,14,17,Västra Götalands läns västra,Tollered - Norsesund
14410319,1441,14,17,Västra Götalands läns västra,Olstorp
14410320,1441,14,17,Västra Götalands läns västra,Stannum - Ljungvik
14410321,1441,14,17,Västra Götalands läns västra,Aggetorp - Björboholm
14410322,1441,14,17,Västra Götalands läns västra,Centrala Gråbo
14410323,1441,14,17,Västra Götalands läns västra,Brattås - Hjällsnäs
14410424,1441,14,17,Västra Götalands läns västra,Sjövik
14420101,1442,14,19,Västra Götalands läns södra,Lena-Bergstena-Fullestad
14420402,1442,14,19,Västra Götalands läns södra,Siene-Hol-Horla
14420703,1442,14,19,Västra Götalands läns södra,Nårunga-Ornunga m.fl.
14421305,1442,14,19,Västra Götalands läns södra,Algutstorp-Landa
14421407,1442,14,19,Västra Götalands läns södra,Vårgårda N
14421408,1442,14,19,Västra Götalands läns södra,Vårgårda V
14421409,1442,14,19,Västra Götalands läns södra,Vårgårda Centrum
14421410,1442,14,19,Västra Götalands läns södra,Vårgårda Centrum Ö
14430201,1443,14,19,Västra Götalands läns södra,Olsfors
14430202,1443,14,19,Västra Götalands läns södra,Bollebygd Väst
14430203,1443,14,19,Västra Götalands läns södra,Bollebygd Syd
14430204,1443,14,19,Västra Götalands läns södra,Bollebygd Öst
14430205,1443,14,19,Västra Götalands läns södra,Töllsjö
14430206,1443,14,19,Västra Götalands läns södra,Bollebygd Centrum
14440404,1444,14,20,Västra Götalands läns östra,Grästorps Landsbygd
14440503,1444,14,20,Västra Götalands läns östra,Grästorps Norra
14440906,1444,14,20,Västra Götalands läns östra,Grästorps Södra
14450101,1445,14,20,Västra Götalands läns östra,Bredöl
14450403,1445,14,20,Västra Götalands läns östra,Nossebro
14450606,1445,14,20,Västra Götalands läns östra,Jonslund
14460101,1446,14,20,Västra Götalands läns östra,Karlsborg centrum-södra
14460108,1446,14,20,Västra Götalands läns östra,Karlsborg norra
14460304,1446,14,20,Västra Götalands läns östra,Mölltorp - Brevik
14460405,1446,14,20,Västra Götalands läns östra,Undenäs - Forsvik
14470101,1447,14,20,Västra Götalands läns östra,Amnehärads Norra
14470102,1447,14,20,Västra Götalands läns östra,Amnehärads Södra
14470203,1447,14,20,Västra Götalands läns östra,Hova
14520104,1452,14,19,Västra Götalands läns södra,Tranemo Östra
14520108,1452,14,19,Västra Götalands läns södra,Tranemo Västra
14520201,1452,14,19,Västra Götalands läns södra,Ambjörnarp-Sjötofta
14520409,1452,14,19,Västra Götalands läns södra,Grimsås
14520505,1452,14,19,Västra Götalands läns södra,Limmared
14520606,1452,14,19,Västra Götalands läns södra,Länghem
14521012,1452,14,19,Västra Götalands läns södra,Dalstorp
14600101,1460,14,18,Västra Götalands läns norra,Nordvästra
14600102,1460,14,18,Västra Götalands läns norra,Norra
14600613,1460,14,18,Västra Götalands läns norra,Nordöstra
14600616,1460,14,18,Västra Götalands läns norra,Sydöstra
14600919,1460,14,18,Västra Götalands läns norra,Sydvästra
14610101,1461,14,18,Västra Götalands läns norra,Fagerlid/Järn
14610105,1461,14,18,Västra Götalands läns norra,Mellerud/Holm
14610309,1461,14,18,Västra Götalands läns norra,Bolstad
14610714,1461,14,18,Västra Götalands läns norra,Rostock/Dalskog/Ör
14610918,1461,14,18,Västra Götalands läns norra,Skållerud
14620101,1462,14,17,Västra Götalands läns västra,Göta
14620102,1462,14,17,Västra Götalands läns västra,Lilla Edet Södra
14620103,1462,14,17,Västra Götalands läns västra,Lilla Edet Norra
14620305,1462,14,17,Västra Götalands läns västra,Lödöse
14620506,1462,14,17,Västra Götalands läns västra,Nygård
14620608,1462,14,17,Västra Götalands läns västra,Västerlanda
14620712,1462,14,17,Västra Götalands läns västra,Hjärtum
14620713,1462,14,17,Västra Götalands läns västra,Ström
14630101,1463,14,19,Västra Götalands läns södra,Kinna centrum
14630102,1463,14,19,Västra Götalands läns södra,Kinna-Näs-Vallås
14630103,1463,14,19,Västra Götalands läns södra,Kinna-Rydal-Kinnaström
14630104,1463,14,19,Västra Götalands läns södra,Kinna-Marieberg-Kinnahult
14630105,1463,14,19,Västra Götalands läns södra,Kinna-Aspäng
14630307,1463,14,19,Västra Götalands läns södra,Skene-Sandvallsäng
14630308,1463,14,19,Västra Götalands läns södra,Skene-Hedbo
14630309,1463,14,19,Västra Götalands läns södra,Örby-Krok-Brättingstorp
14630328,1463,14,19,Västra Götalands läns södra,Skene-Assberg
14630329,1463,14,19,Västra Götalands läns södra,Örby centrum
14630411,1463,14,19,Västra Götalands läns södra,Ubbhult-Sätila
14630513,1463,14,19,Västra Götalands läns södra,Hyssna
14630615,1463,14,19,Västra Götalands läns södra,Fritsla
14630716,1463,14,19,Västra Götalands läns södra,Skephult-Fritsla
14630918,1463,14,19,Västra Götalands läns södra,Berghem-Hajom
14631019,1463,14,19,Västra Götalands läns södra,Fotskäl-Tostared-Björketorp
14631626,1463,14,19,Västra Götalands läns södra,Torestorp-Öxabäck-Älekulla
14631701,1463,14,19,Västra Götalands läns södra,Sätila V
14631702,1463,14,19,Västra Götalands läns södra,Sätila Ö
14631703,1463,14,19,Västra Götalands läns södra,Horred-Öxnevalla
14631704,1463,14,19,Västra Götalands läns södra,Horred-Istorp
14631705,1463,14,19,Västra Götalands läns södra,Skene-Haby
14650113,1465,14,19,Västra Götalands läns södra,Svenljunga öster
14650114,1465,14,19,Västra Götalands läns södra,Svenljunga söder
14650115,1465,14,19,Västra Götalands läns södra,Svenljunga väster
14650303,1465,14,19,Västra Götalands läns södra,Högvad
14650505,1465,14,19,Västra Götalands läns södra,Kindaholm
14651212,1465,14,19,Västra Götalands läns södra,Sexdrega
14651414,1465,14,19,Västra Götalands läns södra,Hillared
14660107,1466,14,19,Västra Götalands läns södra,Herrljunga Västra
14660601,1466,14,19,Västra Götalands läns södra,Herrljunga Centrum
14660705,1466,14,19,Västra Götalands läns södra,Herrljunga Östra
14660903,1466,14,19,Västra Götalands läns södra,Gäsene Östra
14661406,1466,14,19,Västra Götalands läns södra,Ljung
14700101,1470,14,20,Västra Götalands läns östra,Vara Östra
14700102,1470,14,20,Västra Götalands läns östra,Vara Västra
14700103,1470,14,20,Västra Götalands läns östra,Vara Centrum
14700204,1470,14,20,Västra Götalands läns östra,Levene
14701006,1470,14,20,Västra Götalands läns östra,Arentorp
14701210,1470,14,20,Västra Götalands läns östra,Vedum
14702424,1470,14,20,Västra Götalands läns östra,Larv
14702725,1470,14,20,Västra Götalands läns östra,Skarstad
14702927,1470,14,20,Västra Götalands läns östra,Kvänum
14710111,1471,14,20,Västra Götalands läns östra,Sil-Husaby
14710203,1471,14,20,Västra Götalands läns östra,Götene 1
14710214,1471,14,20,Västra Götalands läns östra,Götene 2
14710215,1471,14,20,Västra Götalands läns östra,Götene-Holmestad
14710608,1471,14,20,Västra Götalands läns östra,Källby norra
14710609,1471,14,20,Västra Götalands läns östra,Källby södra
14710705,1471,14,20,Västra Götalands läns östra,Lundsbrunnsorten
14711513,1471,14,20,Västra Götalands läns östra,Hällekis-Forshem
14720101,1472,14,20,Västra Götalands läns östra,Smuleberg m.fl.
14720102,1472,14,20,Västra Götalands läns östra,Södra centrum
14720103,1472,14,20,Västra Götalands läns östra,"Häggetorp, Katrineberg m.fl."
14720104,1472,14,20,Västra Götalands läns östra,Skattegården m.fl.
14720106,1472,14,20,Västra Götalands läns östra,"Hörnebo, Kvarnhagen m.fl."
14720205,1472,14,20,Västra Götalands läns östra,"Fagersanna, Ransberg m.fl."
14730101,1473,14,20,Västra Götalands läns östra,Älgarås
14730102,1473,14,20,Västra Götalands läns östra,Kilen
14730103,1473,14,20,Västra Götalands läns östra,Moholm
14730104,1473,14,20,Västra Götalands läns östra,Björkäng
14730105,1473,14,20,Västra Götalands läns östra,Kårtorp
14800101,1480,14,16,Göteborgs kommun,"Nordöstra Göteborg, Bergum"
14800102,1480,14,16,Göteborgs kommun,"Nordöstra Göteborg, Olofstorp"
14800103,1480,14,16,Göteborgs kommun,"Nordöstra Göteborg, Björsared"
14800104,1480,14,16,Göteborgs kommun,"Nordöstra Göteborg, Gunnilse"
14800105,1480,14,16,Göteborgs kommun,"Nordöstra Göteborg, Linnarhult"
14800106,1480,14,16,Göteborgs kommun,"Nordöstra Göteborg, Angereds Centrum"
14800107,1480,14,16,Göteborgs kommun,"Nordöstra Göteborg, Storås"
14800108,1480,14,16,Göteborgs kommun,"Nordöstra Göteborg, Eriksbo Östra"
14800109,1480,14,16,Göteborgs kommun,"Nordöstra Göteborg, Hammarkullen C"
14800110,1480,14,16,Göteborgs kommun,"Nordöstra Göteborg, Hammarkullen Ö"
14800112,1480,14,16,Göteborgs kommun,"Nordöstra Göteborg, Hammarkullen V"
14800113,1480,14,16,Göteborgs kommun,"Nordöstra Göteborg, Eriksbo Västra"
14800114,1480,14,16,Göteborgs kommun,"Nordöstra Göteborg, Bläsebo"
14800115,1480,14,16,Göteborgs kommun,"Nordöstra Göteborg, Hjällbo Norra"
14800116,1480,14,16,Göteborgs kommun,"Nordöstra Göteborg, Skolspåret"
14800117,1480,14,16,Göteborgs kommun,"Nordöstra Göteborg, Hjällbo Södra"
14800118,1480,14,16,Göteborgs kommun,"Nordöstra Göteborg, Agnesberg"
14800119,1480,14,16,Göteborgs kommun,"Nordöstra Göteborg, Gårdsten Västra"
14800120,1480,14,16,Göteborgs kommun,"Nordöstra Göteborg, Gårdsten Södra"
14800122,1480,14,16,Göteborgs kommun,"Nordöstra Göteborg, Gårdsten Östra"
14800123,1480,14,16,Göteborgs kommun,"Nordöstra Göteborg, Saffransgatan"
14800124,1480,14,16,Göteborgs kommun,"Nordöstra Göteborg, Gårdsten Norra"
14800125,1480,14,16,Göteborgs kommun,"Nordöstra Göteborg, Lövgärdet C"
14800126,1480,14,16,Göteborgs kommun,"Nordöstra Göteborg, Senapsgatan m fl"
14800128,1480,14,16,Göteborgs kommun,"Nordöstra Göteborg, Lövgärdet Övre"
14800129,1480,14,16,Göteborgs kommun,"Nordöstra Göteborg, Lövgärdet Nedre"
14800130,1480,14,16,Göteborgs kommun,"Nordöstra Göteborg, Trädgårdsgärdet"
14800131,1480,14,16,Göteborgs kommun,"Nordöstra Göteborg, Titteridamm"
14800132,1480,14,16,Göteborgs kommun,"Nordöstra Göteborg, Rannebergen S"
14800133,1480,14,16,Göteborgs kommun,"Nordöstra Göteborg, Rannebergen C"
14800134,1480,14,16,Göteborgs kommun,"Nordöstra Göteborg, Rannebergen N"
14800201,1480,14,16,Göteborgs kommun,"Östra Göteborg, Rymdtorget"
14800202,1480,14,16,Göteborgs kommun,"Östra Göteborg, Gärdsmosse"
14800204,1480,14,16,Göteborgs kommun,"Östra Göteborg, Bergsjön Östra"
14800205,1480,14,16,Göteborgs kommun,"Östra Göteborg, Bergsjön Norra"
14800207,1480,14,16,Göteborgs kommun,"Östra Göteborg, Siriusgatan"
14800208,1480,14,16,Göteborgs kommun,"Östra Göteborg, Gärdsås"
14800209,1480,14,16,Göteborgs kommun,"Östra Göteborg, Bergsjön Södra"
14800210,1480,14,16,Göteborgs kommun,"Östra Göteborg, Komettorget"
14800212,1480,14,16,Göteborgs kommun,"Östra Göteborg, Fjällbo"
14800213,1480,14,16,Göteborgs kommun,"Östra Göteborg, Utbynäs"
14800214,1480,14,16,Göteborgs kommun,"Östra Göteborg, Utby"
14800215,1480,14,16,Göteborgs kommun,"Östra Göteborg, Kamgatan m fl"
14800216,1480,14,16,Göteborgs kommun,"Östra Göteborg, Kviberg Östra"
14800217,1480,14,16,Göteborgs kommun,"Östra Göteborg, Kvibergsnäs"
14800218,1480,14,16,Göteborgs kommun,"Östra Göteborg, Bellevue Park"
14800219,1480,14,16,Göteborgs kommun,"Östra Göteborg, Bellevue"
14800220,1480,14,16,Göteborgs kommun,"Östra Göteborg, Gamlestaden Norra"
14800221,1480,14,16,Göteborgs kommun,"Östra Göteborg, Gamlestaden Södra"
14800222,1480,14,16,Göteborgs kommun,"Östra Göteborg, Nylöse"
14800223,1480,14,16,Göteborgs kommun,"Östra Göteborg, Kviberg Västra"
14800224,1480,14,16,Göteborgs kommun,"Östra Göteborg, Kortedala Södra"
14800225,1480,14,16,Göteborgs kommun,"Östra Göteborg, Månadsparken"
14800226,1480,14,16,Göteborgs kommun,"Östra Göteborg, Gregorianska G. m fl"
14800227,1480,14,16,Göteborgs kommun,"Östra Göteborg, Kortedala Västra"
14800228,1480,14,16,Göteborgs kommun,"Östra Göteborg, Kortedala Torg"
14800229,1480,14,16,Göteborgs kommun,"Östra Göteborg, Förstamajgatan m fl"
14800230,1480,14,16,Göteborgs kommun,"Östra Göteborg, Kortedala Östra"
14800231,1480,14,16,Göteborgs kommun,"Östra Göteborg, Månadsgatorna m fl"
14800232,1480,14,16,Göteborgs kommun,"Östra Göteborg, Adventsparken Östra"
14800233,1480,14,16,Göteborgs kommun,"Östra Göteborg, Adventsparken Västra"
14800235,1480,14,16,Göteborgs kommun,"Östra Göteborg, Kortedala Norra"
14800301,1480,14,16,Göteborgs kommun,"Östra Centrum, Fräntorp"
14800302,1480,14,16,Göteborgs kommun,"Östra Centrum, Vidkärr"
14800303,1480,14,16,Göteborgs kommun,"Östra Centrum, Munkebäck Norra"
14800304,1480,14,16,Göteborgs kommun,"Östra Centrum, Munkebäck Södra"
14800305,1480,14,16,Göteborgs kommun,"Östra Centrum, Kålltorp Norra"
14800306,1480,14,16,Göteborgs kommun,"Östra Centrum, Torpa"
14800307,1480,14,16,Göteborgs kommun,"Östra Centrum, Björkekärr Norra"
14800308,1480,14,16,Göteborgs kommun,"Östra Centrum, Smörslätten"
14800309,1480,14,16,Göteborgs kommun,"Östra Centrum, Björkekärr Östra"
14800310,1480,14,16,Göteborgs kommun,"Östra Centrum, Robertshöjd m fl"
14800311,1480,14,16,Göteborgs kommun,"Östra Centrum, Björkekärr Västra"
14800312,1480,14,16,Göteborgs kommun,"Östra Centrum, Kålltorp Östra"
14800313,1480,14,16,Göteborgs kommun,"Östra Centrum, Solrosparken"
14800314,1480,14,16,Göteborgs kommun,"Östra Centrum, Kålltorp Västra"
14800315,1480,14,16,Göteborgs kommun,"Östra Centrum, Kålltorp Södra"
14800316,1480,14,16,Göteborgs kommun,"Östra Centrum, Björkekärr Södra"
14800317,1480,14,16,Göteborgs kommun,"Östra Centrum, Kallebäck Östra"
14800318,1480,14,16,Göteborgs kommun,"Östra Centrum, Kallebäck Västra"
14800319,1480,14,16,Göteborgs kommun,"Östra Centrum, Kallebäck Norra"
14800320,1480,14,16,Göteborgs kommun,"Östra Centrum, Skår Södra"
14800321,1480,14,16,Göteborgs kommun,"Östra Centrum, Jakobsdal"
14800322,1480,14,16,Göteborgs kommun,"Östra Centrum, Skår Norra"
14800323,1480,14,16,Göteborgs kommun,"Östra Centrum, Stora Torp"
14800324,1480,14,16,Göteborgs kommun,"Östra Centrum, Lilla Torp"
14800325,1480,14,16,Göteborgs kommun,"Östra Centrum, Bö"
14800326,1480,14,16,Göteborgs kommun,"Östra Centrum, Örgryte"
14800327,1480,14,16,Göteborgs kommun,"Östra Centrum, Prästgårdsängen m fl"
14800328,1480,14,16,Göteborgs kommun,"Östra Centrum, Kärralund Södra"
14800329,1480,14,16,Göteborgs kommun,"Östra Centrum, Kärralund Norra"
14800330,1480,14,16,Göteborgs kommun,"Östra Centrum, Härlanda"
14800331,1480,14,16,Göteborgs kommun,"Östra Centrum, Lunden Nya"
14800332,1480,14,16,Göteborgs kommun,"Östra Centrum, Danska Vägen m fl"
14800333,1480,14,16,Göteborgs kommun,"Östra Centrum, Nobelplatsen"
14800334,1480,14,16,Göteborgs kommun,"Östra Centrum, Sankt Pauli"
14800335,1480,14,16,Göteborgs kommun,"Östra Centrum, Lunden Gamla"
14800336,1480,14,16,Göteborgs kommun,"Östra Centrum, Överås"
14800337,1480,14,16,Göteborgs kommun,"Östra Centrum, Gubbero"
14800338,1480,14,16,Göteborgs kommun,"Östra Centrum, Gubberoparken"
14800339,1480,14,16,Göteborgs kommun,"Östra Centrum, Redbergsplatsen"
14800340,1480,14,16,Göteborgs kommun,"Östra Centrum, Olskroken"
14800341,1480,14,16,Göteborgs kommun,"Östra Centrum, Redberget"
14800342,1480,14,16,Göteborgs kommun,"Östra Centrum, Bagaregården"
14800343,1480,14,16,Göteborgs kommun,"Östra Centrum, Redbergslid"
14800344,1480,14,16,Göteborgs kommun,"Östra Centrum, Ånäs"
14800345,1480,14,16,Göteborgs kommun,"Östra Centrum, Strömmensberg Västra"
14800346,1480,14,16,Göteborgs kommun,"Östra Centrum, Strömmensberg Östra"
14800347,1480,14,16,Göteborgs kommun,"Östra Centrum, Kallebäck Södra"
14800401,1480,14,16,Göteborgs kommun,"Centrum, Otterhällan"
14800402,1480,14,16,Göteborgs kommun,"Centrum, Inom Vallgraven"
14800403,1480,14,16,Göteborgs kommun,"Centrum, Nordstan"
14800404,1480,14,16,Göteborgs kommun,"Centrum, Stampen Västra"
14800405,1480,14,16,Göteborgs kommun,"Centrum, Odinsgatan m fl"
14800406,1480,14,16,Göteborgs kommun,"Centrum, Stampen Östra"
14800407,1480,14,16,Göteborgs kommun,"Centrum, Friggagatan m fl"
14800408,1480,14,16,Göteborgs kommun,"Centrum, Svingeln"
14800409,1480,14,16,Göteborgs kommun,"Centrum, Gårda Norra"
14800410,1480,14,16,Göteborgs kommun,"Centrum, Gårda Södra"
14800411,1480,14,16,Göteborgs kommun,"Centrum, Bohusgatan m fl"
14800412,1480,14,16,Göteborgs kommun,"Centrum, Sten Sturegatan m fl"
14800413,1480,14,16,Göteborgs kommun,"Centrum, Heden"
14800414,1480,14,16,Göteborgs kommun,"Centrum, Hedås"
14800415,1480,14,16,Göteborgs kommun,"Centrum, Götaplatsen"
14800416,1480,14,16,Göteborgs kommun,"Centrum, Carlandersplatsen"
14800417,1480,14,16,Göteborgs kommun,"Centrum, Eklanda Östra"
14800418,1480,14,16,Göteborgs kommun,"Centrum, Eklanda Norra"
14800419,1480,14,16,Göteborgs kommun,"Centrum, Johanneberg Övre"
14800420,1480,14,16,Göteborgs kommun,"Centrum, Johanneberg Östra"
14800421,1480,14,16,Göteborgs kommun,"Centrum, Eklanda Södra"
14800422,1480,14,16,Göteborgs kommun,"Centrum, Kristinehöjd Västra"
14800424,1480,14,16,Göteborgs kommun,"Centrum, Kristinehöjd Östra"
14800425,1480,14,16,Göteborgs kommun,"Centrum, Getebergsäng"
14800426,1480,14,16,Göteborgs kommun,"Centrum, Krokslätt Norra"
14800427,1480,14,16,Göteborgs kommun,"Centrum, Krokslätt Södra"
14800428,1480,14,16,Göteborgs kommun,"Centrum, Fredriksdal"
14800429,1480,14,16,Göteborgs kommun,"Centrum, Framnäs"
14800430,1480,14,16,Göteborgs kommun,"Centrum, Mossen"
14800431,1480,14,16,Göteborgs kommun,"Centrum, Fridkullagatan m fl"
14800432,1480,14,16,Göteborgs kommun,"Centrum, Guldheden Östra"
14800433,1480,14,16,Göteborgs kommun,"Centrum, Doktor Forselius Backe m fl"
14800434,1480,14,16,Göteborgs kommun,"Centrum, Guldheden Södra"
14800435,1480,14,16,Göteborgs kommun,"Centrum, Guldheden Vattentornet"
14800436,1480,14,16,Göteborgs kommun,"Centrum, Doktor Fries Torg"
14800437,1480,14,16,Göteborgs kommun,"Centrum, Guldheden Västra"
14800438,1480,14,16,Göteborgs kommun,"Centrum, Guldheden Norra"
14800439,1480,14,16,Göteborgs kommun,"Centrum, Landala Egnahem"
14800440,1480,14,16,Göteborgs kommun,"Centrum, Landalagången m fl"
14800441,1480,14,16,Göteborgs kommun,"Centrum, Johanneberg Västra"
14800442,1480,14,16,Göteborgs kommun,"Centrum, Johanneberg Nedre"
14800443,1480,14,16,Göteborgs kommun,"Centrum, Lorensberg"
14800444,1480,14,16,Göteborgs kommun,"Centrum, Vasastaden Södra"
14800445,1480,14,16,Göteborgs kommun,"Centrum, Kapellplatsen"
14800446,1480,14,16,Göteborgs kommun,"Centrum, Landalabergen m fl"
14800447,1480,14,16,Göteborgs kommun,"Centrum, Fogelbergsparken"
14800448,1480,14,16,Göteborgs kommun,"Centrum, Vasastaden Västra"
14800449,1480,14,16,Göteborgs kommun,"Centrum, Vasastaden Östra"
14800450,1480,14,16,Göteborgs kommun,"Centrum, Valand"
14800451,1480,14,16,Göteborgs kommun,"Centrum, Vasastaden Norra"
14800501,1480,14,16,Göteborgs kommun,"Västra Centrum, Långgatorna"
14800502,1480,14,16,Göteborgs kommun,"Västra Centrum, Masthuggstorget"
14800503,1480,14,16,Göteborgs kommun,"Västra Centrum, Stigberget"
14800504,1480,14,16,Göteborgs kommun,"Västra Centrum, Masthugget Övre"
14800505,1480,14,16,Göteborgs kommun,"Västra Centrum, Masthugget Nedre"
14800506,1480,14,16,Göteborgs kommun,"Västra Centrum, Oscar Fredrik"
14800507,1480,14,16,Göteborgs kommun,"Västra Centrum, Sjömansgatan m fl"
14800508,1480,14,16,Göteborgs kommun,"Västra Centrum, Vegastaden"
14800509,1480,14,16,Göteborgs kommun,"Västra Centrum, Slottsskogen"
14800510,1480,14,16,Göteborgs kommun,"Västra Centrum, Linnéplatsen"
14800511,1480,14,16,Göteborgs kommun,"Västra Centrum, Sveaplan"
14800512,1480,14,16,Göteborgs kommun,"Västra Centrum, Kommendantsängen"
14800513,1480,14,16,Göteborgs kommun,"Västra Centrum, Linné"
14800514,1480,14,16,Göteborgs kommun,"Västra Centrum, Nordhem"
14800515,1480,14,16,Göteborgs kommun,"Västra Centrum, Risåsen"
14800516,1480,14,16,Göteborgs kommun,"Västra Centrum, Olivedal"
14800517,1480,14,16,Göteborgs kommun,"Västra Centrum, Plantagegatan m fl"
14800518,1480,14,16,Göteborgs kommun,"Västra Centrum, Skansberget"
14800519,1480,14,16,Göteborgs kommun,"Västra Centrum, Haga Västra"
14800520,1480,14,16,Göteborgs kommun,"Västra Centrum, Haga Östra"
14800521,1480,14,16,Göteborgs kommun,"Västra Centrum, Nilssonsberg Västra"
14800522,1480,14,16,Göteborgs kommun,"Västra Centrum, Nilssonsberg Östra"
14800523,1480,14,16,Göteborgs kommun,"Västra Centrum, Annedal Östra"
14800524,1480,14,16,Göteborgs kommun,"Västra Centrum, Annedal Västra"
14800525,1480,14,16,Göteborgs kommun,"Västra Centrum, Änggården"
14800526,1480,14,16,Göteborgs kommun,"Västra Centrum, Svalebo"
14800527,1480,14,16,Göteborgs kommun,"Västra Centrum, Skytteskogen"
14800528,1480,14,16,Göteborgs kommun,"Västra Centrum, Kungsladugård Östra"
14800529,1480,14,16,Göteborgs kommun,"Västra Centrum, Kungsladugård Västra"
14800530,1480,14,16,Göteborgs kommun,"Västra Centrum, Mariaplan"
14800531,1480,14,16,Göteborgs kommun,"Västra Centrum, Silverkällan"
14800532,1480,14,16,Göteborgs kommun,"Västra Centrum, Sannaplan"
14800533,1480,14,16,Göteborgs kommun,"Västra Centrum, Sandarna"
14800534,1480,14,16,Göteborgs kommun,"Västra Centrum, Klippan"
14800535,1480,14,16,Göteborgs kommun,"Västra Centrum, Gröna Vallen"
14800536,1480,14,16,Göteborgs kommun,"Västra Centrum, Kusttorget"
14800537,1480,14,16,Göteborgs kommun,"Västra Centrum, Chapmans Torg"
14800538,1480,14,16,Göteborgs kommun,"Västra Centrum, Slottsskogsgat. m fl"
14800539,1480,14,16,Göteborgs kommun,"Västra Centrum, Gråberget Västra"
14800540,1480,14,16,Göteborgs kommun,"Västra Centrum, Gråberget Östra"
14800541,1480,14,16,Göteborgs kommun,"Västra Centrum, Godhem"
14800542,1480,14,16,Göteborgs kommun,"Västra Centrum, Marieberg"
14800543,1480,14,16,Göteborgs kommun,"Västra Centrum, Klareborgsgatan m fl"
14800544,1480,14,16,Göteborgs kommun,"Västra Centrum, Karl Johan"
14800545,1480,14,16,Göteborgs kommun,"Västra Centrum, Söderlingska Ängen"
14800546,1480,14,16,Göteborgs kommun,"Västra Centrum, Kommendörsgatan m fl"
14800547,1480,14,16,Göteborgs kommun,"Västra Centrum, Hängmattan"
14800548,1480,14,16,Göteborgs kommun,"Västra Centrum, Gatenhielmska"
14800601,1480,14,16,Göteborgs kommun,"Sydvästra Göteborg, Högsbohöjd Norra"
14800602,1480,14,16,Göteborgs kommun,"Sydvästra Göteborg, Högsbohöjd Södra"
14800603,1480,14,16,Göteborgs kommun,"Sydvästra Göteborg, Högsbohöjd Östra"
14800604,1480,14,16,Göteborgs kommun,"Sydvästra Göteborg, Högsbotorp V"
14800605,1480,14,16,Göteborgs kommun,"Sydvästra Göteborg, Högsbotorp S"
14800606,1480,14,16,Göteborgs kommun,"Sydvästra Göteborg, Högsbo"
14800607,1480,14,16,Göteborgs kommun,"Sydvästra Göteborg, Högsbotorp Östra"
14800608,1480,14,16,Göteborgs kommun,"Sydvästra Göteborg, Marklandsgatan"
14800609,1480,14,16,Göteborgs kommun,"Sydvästra Göteborg, Kapplandsgatan"
14800610,1480,14,16,Göteborgs kommun,"Sydvästra Göteborg, Flatås Västra"
14800611,1480,14,16,Göteborgs kommun,"Sydvästra Göteborg, Flatås Södra"
14800612,1480,14,16,Göteborgs kommun,"Sydvästra Göteborg, Kaverös Norra"
14800613,1480,14,16,Göteborgs kommun,"Sydvästra Göteborg, Kavås"
14800614,1480,14,16,Göteborgs kommun,"Sydvästra Göteborg, Kaverös Södra"
14800615,1480,14,16,Göteborgs kommun,"Sydvästra Göteborg, Altplatsen"
14800616,1480,14,16,Göteborgs kommun,"Sydvästra Göteborg, Ruddalen"
14800617,1480,14,16,Göteborgs kommun,"Sydvästra Göteborg, Gånglåten"
14800618,1480,14,16,Göteborgs kommun,"Sydvästra Göteborg, Frölunda"
14800620,1480,14,16,Göteborgs kommun,"Sydvästra Göteborg, Frölunda Torg"
14800621,1480,14,16,Göteborgs kommun,"Sydvästra Göteborg, Positivparken"
14800622,1480,14,16,Göteborgs kommun,"Sydvästra Göteborg, Spinetten"
14800623,1480,14,16,Göteborgs kommun,"Sydvästra Göteborg, Tofta"
14800624,1480,14,16,Göteborgs kommun,"Sydvästra Göteborg, Järnbrott Västra"
14800625,1480,14,16,Göteborgs kommun,"Sydvästra Göteborg, Järnbrott Östra"
14800626,1480,14,16,Göteborgs kommun,"Sydvästra Göteborg, Järnbrott Södra"
14800627,1480,14,16,Göteborgs kommun,"Sydvästra Göteborg, Flatås Östra"
14800628,1480,14,16,Göteborgs kommun,"Sydvästra Göteborg, Sisjön Norra"
14800629,1480,14,16,Göteborgs kommun,"Sydvästra Göteborg, Pilegården"
14800630,1480,14,16,Göteborgs kommun,"Sydvästra Göteborg, Kobbegården"
14800631,1480,14,16,Göteborgs kommun,"Sydvästra Göteborg, Askim"
14800632,1480,14,16,Göteborgs kommun,"Sydvästra Göteborg, Sisjön Västra"
14800633,1480,14,16,Göteborgs kommun,"Sydvästra Göteborg, Sisjön Södra"
14800634,1480,14,16,Göteborgs kommun,"Sydvästra Göteborg, Trollåsen"
14800635,1480,14,16,Göteborgs kommun,"Sydvästra Göteborg, Lyckhem"
14800636,1480,14,16,Göteborgs kommun,"Sydvästra Göteborg, Lindås"
14800637,1480,14,16,Göteborgs kommun,"Sydvästra Göteborg, Billdal Södra"
14800638,1480,14,16,Göteborgs kommun,"Sydvästra Göteborg, Billdal Norra"
14800639,1480,14,16,Göteborgs kommun,"Sydvästra Göteborg, Nygård"
14800640,1480,14,16,Göteborgs kommun,"Sydvästra Göteborg, Skintebo Västra"
14800641,1480,14,16,Göteborgs kommun,"Sydvästra Göteborg, Skintebo Östra"
14800642,1480,14,16,Göteborgs kommun,"Sydvästra Göteborg, Uggleberget"
14800643,1480,14,16,Göteborgs kommun,"Sydvästra Göteborg, Brottkärr Östra"
14800644,1480,14,16,Göteborgs kommun,"Sydvästra Göteborg, Brottkärr Västra"
14800645,1480,14,16,Göteborgs kommun,"Sydvästra Göteborg, Hovås Södra"
14800646,1480,14,16,Göteborgs kommun,"Sydvästra Göteborg, Hovås Norra"
14800647,1480,14,16,Göteborgs kommun,"Sydvästra Göteborg, Hult"
14800701,1480,14,16,Göteborgs kommun,"Västra Göteborg, Långedrag Västra"
14800702,1480,14,16,Göteborgs kommun,"Västra Göteborg, Långedrag Östra"
14800703,1480,14,16,Göteborgs kommun,"Västra Göteborg, Tångudden"
14800704,1480,14,16,Göteborgs kommun,"Västra Göteborg, Hagen Norra"
14800705,1480,14,16,Göteborgs kommun,"Västra Göteborg, Nya Varvet"
14800706,1480,14,16,Göteborgs kommun,"Västra Göteborg, Kungsten"
14800707,1480,14,16,Göteborgs kommun,"Västra Göteborg, Ekebäck"
14800708,1480,14,16,Göteborgs kommun,"Västra Göteborg, Hagen Södra"
14800709,1480,14,16,Göteborgs kommun,"Västra Göteborg, Grimmered"
14800710,1480,14,16,Göteborgs kommun,"Västra Göteborg, Påvelund"
14800711,1480,14,16,Göteborgs kommun,"Västra Göteborg, Björnekulla"
14800712,1480,14,16,Göteborgs kommun,"Västra Göteborg, Osberget"
14800713,1480,14,16,Göteborgs kommun,"Västra Göteborg, Källängen"
14800714,1480,14,16,Göteborgs kommun,"Västra Göteborg, Fiskebäck"
14800715,1480,14,16,Göteborgs kommun,"Västra Göteborg, Bratthammar"
14800716,1480,14,16,Göteborgs kommun,"Västra Göteborg, Tynnered Södra"
14800717,1480,14,16,Göteborgs kommun,"Västra Göteborg, Tynnered Norra"
14800718,1480,14,16,Göteborgs kommun,"Västra Göteborg, Guldringen m fl"
14800719,1480,14,16,Göteborgs kommun,"Västra Göteborg, Tynnered Östra"
14800720,1480,14,16,Göteborgs kommun,"Västra Göteborg, Skattegården"
14800722,1480,14,16,Göteborgs kommun,"Västra Göteborg, Ängås"
14800723,1480,14,16,Göteborgs kommun,"Västra Göteborg, Topasgatan"
14800724,1480,14,16,Göteborgs kommun,"Västra Göteborg, Korsåsen"
14800725,1480,14,16,Göteborgs kommun,"Västra Göteborg, Opaltorget Norra"
14800726,1480,14,16,Göteborgs kommun,"Västra Göteborg, Opaltorget Södra"
14800727,1480,14,16,Göteborgs kommun,"Västra Göteborg, Grevegården"
14800728,1480,14,16,Göteborgs kommun,"Västra Göteborg, Önnered Norra"
14800729,1480,14,16,Göteborgs kommun,"Västra Göteborg, Önnered Östra"
14800730,1480,14,16,Göteborgs kommun,"Västra Göteborg, Önnered Västra"
14800731,1480,14,16,Göteborgs kommun,"Västra Göteborg, Åkered"
14800732,1480,14,16,Göteborgs kommun,"Västra Göteborg, Välen"
14800733,1480,14,16,Göteborgs kommun,"Västra Göteborg, Näset Norra"
14800734,1480,14,16,Göteborgs kommun,"Västra Göteborg, Näset Södra"
14800735,1480,14,16,Göteborgs kommun,"Västra Göteborg, Donsö-Vrångö"
14800736,1480,14,16,Göteborgs kommun,"Västra Göteborg, Styrsö-Köpstadsö"
14800737,1480,14,16,Göteborgs kommun,"Västra Göteborg, Brännö-Asperö"
14800801,1480,14,16,Göteborgs kommun,"Västra Hisingen, Länsmansgården Ö"
14800802,1480,14,16,Göteborgs kommun,"Västra Hisingen, Svartedalen Norra"
14800803,1480,14,16,Göteborgs kommun,"Västra Hisingen, Väderbodarna m fl"
14800804,1480,14,16,Göteborgs kommun,"Västra Hisingen, Önskevädersg. m fl"
14800805,1480,14,16,Göteborgs kommun,"Västra Hisingen, Svartedalen Södra"
14800806,1480,14,16,Göteborgs kommun,"Västra Hisingen, Kärrmossen"
14800807,1480,14,16,Göteborgs kommun,"Västra Hisingen, Jättesten"
14800808,1480,14,16,Göteborgs kommun,"Västra Hisingen, Treröset"
14800809,1480,14,16,Göteborgs kommun,"Västra Hisingen, Vårväderstorget"
14800811,1480,14,16,Göteborgs kommun,"Västra Hisingen, Biskopsgården Södra"
14800812,1480,14,16,Göteborgs kommun,"Västra Hisingen, Väderlekstorget"
14800813,1480,14,16,Göteborgs kommun,"Västra Hisingen, Biskopsgården Norra"
14800814,1480,14,16,Göteborgs kommun,"Västra Hisingen, Svarte Mosse"
14800816,1480,14,16,Göteborgs kommun,"Västra Hisingen, Länsmansgården S"
14800818,1480,14,16,Göteborgs kommun,"Västra Hisingen, Länsmansgården C"
14800819,1480,14,16,Göteborgs kommun,"Västra Hisingen, Länsmansgården N"
14800820,1480,14,16,Göteborgs kommun,"Västra Hisingen, Amhult-Arendal"
14800821,1480,14,16,Göteborgs kommun,"Västra Hisingen, Andalen"
14800822,1480,14,16,Göteborgs kommun,"Västra Hisingen, Hjuvik"
14800823,1480,14,16,Göteborgs kommun,"Västra Hisingen, Hällsvik"
14800824,1480,14,16,Göteborgs kommun,"Västra Hisingen, Trånget"
14800825,1480,14,16,Göteborgs kommun,"Västra Hisingen, Tumlehed"
14800826,1480,14,16,Göteborgs kommun,"Västra Hisingen, Torslanda Röd"
14800827,1480,14,16,Göteborgs kommun,"Västra Hisingen, Gossbydal"
14800828,1480,14,16,Göteborgs kommun,"Västra Hisingen, Nolered"
14800829,1480,14,16,Göteborgs kommun,"Västra Hisingen, Torslanda Torg"
14800830,1480,14,16,Göteborgs kommun,"Västra Hisingen, Torslanda"
14800831,1480,14,16,Göteborgs kommun,"Västra Hisingen, Domarringen m fl"
14800832,1480,14,16,Göteborgs kommun,"Västra Hisingen, Änghagen"
14800833,1480,14,16,Göteborgs kommun,"Västra Hisingen, Älvegården"
14800834,1480,14,16,Göteborgs kommun,"Västra Hisingen, Lilleby"
14800835,1480,14,16,Göteborgs kommun,"Västra Hisingen, Kvisljungeby"
14800836,1480,14,16,Göteborgs kommun,"Västra Hisingen, Björlanda"
14800837,1480,14,16,Göteborgs kommun,"Västra Hisingen, Nolvik"
14800901,1480,14,16,Göteborgs kommun,"Centrala Hisingen, Kärrdalen"
14800902,1480,14,16,Göteborgs kommun,"Centrala Hisingen, Tolered Norra"
14800903,1480,14,16,Göteborgs kommun,"Centrala Hisingen, Slätta Damm"
14800904,1480,14,16,Göteborgs kommun,"Centrala Hisingen, Bjurslätt Norra"
14800905,1480,14,16,Göteborgs kommun,"Centrala Hisingen, Hildedal"
14800906,1480,14,16,Göteborgs kommun,"Centrala Hisingen, Tolered Södra"
14800907,1480,14,16,Göteborgs kommun,"Centrala Hisingen, Tolered Östra"
14800908,1480,14,16,Göteborgs kommun,"Centrala Hisingen, Flunsås"
14800909,1480,14,16,Göteborgs kommun,"Centrala Hisingen, Wieselgrenspl."
14800910,1480,14,16,Göteborgs kommun,"Centrala Hisingen, Bjurslätt Södra"
14800912,1480,14,16,Göteborgs kommun,"Centrala Hisingen, Kvillebäcken N"
14800913,1480,14,16,Göteborgs kommun,"Centrala Hisingen, Kvillebäcken S"
14800914,1480,14,16,Göteborgs kommun,"Centrala Hisingen, Kvillebäcken Ö"
14800915,1480,14,16,Göteborgs kommun,"Centrala Hisingen, Vågmästareplatsen"
14800916,1480,14,16,Göteborgs kommun,"Centrala Hisingen, Backaplan"
14800917,1480,14,16,Göteborgs kommun,"Centrala Hisingen, Lundbyvassen"
14800918,1480,14,16,Göteborgs kommun,"Centrala Hisingen, Porslinsfabriken"
14800919,1480,14,16,Göteborgs kommun,"Centrala Hisingen, Brämaregården S"
14800920,1480,14,16,Göteborgs kommun,"Centrala Hisingen, Kvillestaden"
14800921,1480,14,16,Göteborgs kommun,"Centrala Hisingen, Brämaregården N"
14800922,1480,14,16,Göteborgs kommun,"Centrala Hisingen, Rambergsstaden Ö"
14800923,1480,14,16,Göteborgs kommun,"Centrala Hisingen, Rambergsstaden N"
14800924,1480,14,16,Göteborgs kommun,"Centrala Hisingen, Rambergsvallen"
14800925,1480,14,16,Göteborgs kommun,"Centrala Hisingen, Rambergsstaden S"
14800926,1480,14,16,Göteborgs kommun,"Centrala Hisingen, Kyrkbyn Norra"
14800927,1480,14,16,Göteborgs kommun,"Centrala Hisingen, Lundby Norra"
14800928,1480,14,16,Göteborgs kommun,"Centrala Hisingen, Kyrkbyn Södra"
14800929,1480,14,16,Göteborgs kommun,"Centrala Hisingen, Lundby Södra"
14800930,1480,14,16,Göteborgs kommun,"Centrala Hisingen, Bräcke Norra"
14800931,1480,14,16,Göteborgs kommun,"Centrala Hisingen, Bräcke Södra"
14800932,1480,14,16,Göteborgs kommun,"Centrala Hisingen, Pölsebo-Bratterås"
14800933,1480,14,16,Göteborgs kommun,"Centrala Hisingen, Färjenäs"
14800934,1480,14,16,Göteborgs kommun,"Centrala Hisingen, Eriksberg Västra"
14800935,1480,14,16,Göteborgs kommun,"Centrala Hisingen, Eriksberg Östra"
14800936,1480,14,16,Göteborgs kommun,"Centrala Hisingen, Sörhallsberget S"
14800937,1480,14,16,Göteborgs kommun,"Centrala Hisingen, Sörhallsberget N"
14800938,1480,14,16,Göteborgs kommun,"Centrala Hisingen, Sannegården V"
14800939,1480,14,16,Göteborgs kommun,"Centrala Hisingen, Sannegården Ö"
14800940,1480,14,16,Göteborgs kommun,"Centrala Hisingen, Lindholmen Södra"
14800941,1480,14,16,Göteborgs kommun,"Centrala Hisingen, Lindholmen Norra"
14801001,1480,14,16,Göteborgs kommun,"Norra Hisingen, Rödbo"
14801002,1480,14,16,Göteborgs kommun,"Norra Hisingen, Mysterna-Svankälla"
14801003,1480,14,16,Göteborgs kommun,"Norra Hisingen, Gerrebacka-Ingebäck"
14801004,1480,14,16,Göteborgs kommun,"Norra Hisingen, Kärra Norra"
14801005,1480,14,16,Göteborgs kommun,"Norra Hisingen, Kärra Östra"
14801006,1480,14,16,Göteborgs kommun,"Norra Hisingen, Kärra Södra"
14801007,1480,14,16,Göteborgs kommun,"Norra Hisingen, Kärra Västra"
14801008,1480,14,16,Göteborgs kommun,"Norra Hisingen, Skogome"
14801009,1480,14,16,Göteborgs kommun,"Norra Hisingen, Åketorp"
14801010,1480,14,16,Göteborgs kommun,"Norra Hisingen, Bäckebol Norra"
14801011,1480,14,16,Göteborgs kommun,"Norra Hisingen, Backadalen"
14801012,1480,14,16,Göteborgs kommun,"Norra Hisingen, Bäckebol Södra"
14801013,1480,14,16,Göteborgs kommun,"Norra Hisingen, Skälltorp"
14801014,1480,14,16,Göteborgs kommun,"Norra Hisingen, Selma Lagerlöfs Torg"
14801015,1480,14,16,Göteborgs kommun,"Norra Hisingen, Sankt Jörgen"
14801016,1480,14,16,Göteborgs kommun,"Norra Hisingen, Backa Röd"
14801017,1480,14,16,Göteborgs kommun,"Norra Hisingen, Julias Gata m fl"
14801018,1480,14,16,Göteborgs kommun,"Norra Hisingen, Blendas Gata m fl"
14801019,1480,14,16,Göteborgs kommun,"Norra Hisingen, Backa Södra"
14801020,1480,14,16,Göteborgs kommun,"Norra Hisingen, Backa Norra"
14801021,1480,14,16,Göteborgs kommun,"Norra Hisingen, Bällskär"
14801022,1480,14,16,Göteborgs kommun,"Norra Hisingen, Tingstad"
14801023,1480,14,16,Göteborgs kommun,"Norra Hisingen, Brunnsbo Södra"
14801025,1480,14,16,Göteborgs kommun,"Norra Hisingen, Brunnsbo Norra"
14801026,1480,14,16,Göteborgs kommun,"Norra Hisingen, Aröd"
14801027,1480,14,16,Göteborgs kommun,"Norra Hisingen, Tuve Södra"
14801028,1480,14,16,Göteborgs kommun,"Norra Hisingen, Gunnestorp"
14801029,1480,14,16,Göteborgs kommun,"Norra Hisingen, Arvesgärde m fl"
14801030,1480,14,16,Göteborgs kommun,"Norra Hisingen, Glöstorp"
14801031,1480,14,16,Göteborgs kommun,"Norra Hisingen, Tuve Norra"
14801032,1480,14,16,Göteborgs kommun,"Norra Hisingen, Norumshöjd"
14801033,1480,14,16,Göteborgs kommun,"Norra Hisingen, Tången"
14801034,1480,14,16,Göteborgs kommun,"Norra Hisingen, Säve"
14810101,1481,14,17,Västra Götalands läns västra,Stadshuset Södra
14810102,1481,14,17,Västra Götalands läns västra,Fässberg Östra
14810103,1481,14,17,Västra Götalands läns västra,Fässberg Västra
14810104,1481,14,17,Västra Götalands läns västra,Ekhaga
14810105,1481,14,17,Västra Götalands läns västra,Västerberg
14810106,1481,14,17,Västra Götalands läns västra,Balltorp Västra
14810107,1481,14,17,Västra Götalands läns västra,Broslätt Västra
14810108,1481,14,17,Västra Götalands läns västra,Åby Östra
14810109,1481,14,17,Västra Götalands läns västra,Åby Västra
14810110,1481,14,17,Västra Götalands läns västra,Toltorp Södra
14810111,1481,14,17,Västra Götalands läns västra,Bosgården Norra
14810112,1481,14,17,Västra Götalands läns västra,Toltorp Norra
14810113,1481,14,17,Västra Götalands läns västra,Krokslätt Södra
14810114,1481,14,17,Västra Götalands läns västra,Sörgården Östra
14810115,1481,14,17,Västra Götalands läns västra,Sörgården Västra
14810116,1481,14,17,Västra Götalands läns västra,Eklanda Västra
14810117,1481,14,17,Västra Götalands läns västra,Balltorp Östra
14810118,1481,14,17,Västra Götalands läns västra,Broslätt Östra
14810119,1481,14,17,Västra Götalands läns västra,Bosgården Södra
14810120,1481,14,17,Västra Götalands läns västra,Eklanda Östra
14810121,1481,14,17,Västra Götalands läns västra,Stadshuset Norra
14810122,1481,14,17,Västra Götalands läns västra,Stallbacken Östra
14810123,1481,14,17,Västra Götalands läns västra,Stallbacken Västra
14810124,1481,14,17,Västra Götalands läns västra,Krokslätt Norra
14810201,1481,14,17,Västra Götalands läns västra,Hallen Norra
14810202,1481,14,17,Västra Götalands läns västra,Brattås Norra
14810203,1481,14,17,Västra Götalands läns västra,Brattås Södra
14810204,1481,14,17,Västra Götalands läns västra,Stretered
14810205,1481,14,17,Västra Götalands läns västra,Hallen Södra
14810301,1481,14,17,Västra Götalands läns västra,Skånhälla Västra
14810302,1481,14,17,Västra Götalands läns västra,Almås
14810303,1481,14,17,Västra Götalands läns västra,Valås
14810304,1481,14,17,Västra Götalands läns västra,Sinntorp Norra
14810305,1481,14,17,Västra Götalands läns västra,Hällesåker
14810306,1481,14,17,Västra Götalands läns västra,Sinntorp Östra
14810307,1481,14,17,Västra Götalands läns västra,Skånhälla Bräcka
14810308,1481,14,17,Västra Götalands läns västra,Skånhälla Fågelsten
14810309,1481,14,17,Västra Götalands läns västra,Sinntorp Västra
14810401,1481,14,17,Västra Götalands läns västra,Lackarebäck Norra
14810402,1481,14,17,Västra Götalands läns västra,Kvarnbyn Norra
14810403,1481,14,17,Västra Götalands läns västra,Glasberget Norra
14810404,1481,14,17,Västra Götalands läns västra,Rävekärr Norra
14810405,1481,14,17,Västra Götalands läns västra,Rävekärr Södra
14810406,1481,14,17,Västra Götalands läns västra,Lackarebäck Södra
14810407,1481,14,17,Västra Götalands läns västra,Glasberget Södra
14810408,1481,14,17,Västra Götalands läns västra,Kvarnbyn Södra
14821150,1482,14,17,Västra Götalands läns västra,Ingetorp-Skålldal-Lundby
14821151,1482,14,17,Västra Götalands läns västra,Norrmannebo-Solberg-Duvesjön
14821152,1482,14,17,Västra Götalands läns västra,Diseröd-Häljeröd
14821153,1482,14,17,Västra Götalands läns västra,Olseröd-Rävsal
14821154,1482,14,17,Västra Götalands läns västra,Rishammar-Ullstorp
14821155,1482,14,17,Västra Götalands läns västra,Ulvegärde-Munkegärde
14821156,1482,14,17,Västra Götalands läns västra,Fridhem-Rostock-Marieberg
14821157,1482,14,17,Västra Götalands läns västra,Centrum N
14821158,1482,14,17,Västra Götalands läns västra,Kongahälla
14821159,1482,14,17,Västra Götalands läns västra,Centrum S
14821160,1482,14,17,Västra Götalands läns västra,Tveten
14821161,1482,14,17,Västra Götalands läns västra,Fontin-Gamla Staden
14829901,1482,14,17,Västra Götalands läns västra,Kode
14829902,1482,14,17,Västra Götalands läns västra,Solberga-Rörtången-Aröd
14829903,1482,14,17,Västra Götalands läns västra,Marstrand-Instön-Klåverön
14829904,1482,14,17,Västra Götalands läns västra,Tjuvkil-Tofta
14829905,1482,14,17,Västra Götalands läns västra,Hålta-Lökeberg-Skårby
14829906,1482,14,17,Västra Götalands läns västra,Rollsbo-Bredsten-Vena
14829907,1482,14,17,Västra Götalands läns västra,Kärna-Staby
14829908,1482,14,17,Västra Götalands läns västra,Torsby-Kovikshamn-Glose
14829909,1482,14,17,Västra Götalands läns västra,Harestad-Ulvesund
14829910,1482,14,17,Västra Götalands läns västra,Tega
14829911,1482,14,17,Västra Götalands läns västra,Sparrås-Nordtag
14829912,1482,14,17,Västra Götalands läns västra,Björkås-Tornhaga-Stället
14829913,1482,14,17,Västra Götalands läns västra,Ytterby C-Kastellegården
14829914,1482,14,17,Västra Götalands läns västra,Grinden-Komarken V
14829915,1482,14,17,Västra Götalands läns västra,Komarken N
14829916,1482,14,17,Västra Götalands läns västra,Komarken S
14840101,1484,14,18,Västra Götalands läns norra,Lysekil Kyrkvik
14840102,1484,14,18,Västra Götalands läns norra,Lysekil Bansvik
14840103,1484,14,18,Västra Götalands läns norra,Lysekil Centrum
14840104,1484,14,18,Västra Götalands läns norra,Lysekil Slätten
14840105,1484,14,18,Västra Götalands läns norra,Lysekil Dalskogen
14840201,1484,14,18,Västra Götalands läns norra,Lyse
14840301,1484,14,18,Västra Götalands läns norra,Skaftö
14840401,1484,14,18,Västra Götalands läns norra,Bro
14840501,1484,14,18,Västra Götalands läns norra,Brastad väster
14840502,1484,14,18,Västra Götalands läns norra,Brastad öster
14850101,1485,14,18,Västra Götalands läns norra,Äsperöd-Ängebacken
14850102,1485,14,18,Västra Götalands läns norra,Stenbacken-Karlsberg
14850103,1485,14,18,Västra Götalands läns norra,Hönseberget-Östberget
14850104,1485,14,18,Västra Götalands läns norra,Kapelle
14850105,1485,14,18,Västra Götalands läns norra,Håljuteberget
14850106,1485,14,18,Västra Götalands läns norra,Ridhuset-Folkets park
14850107,1485,14,18,Västra Götalands läns norra,Walkesborg-Bohusgården
14850108,1485,14,18,Västra Götalands läns norra,Kampenhof-Strömstadsvägen
14850109,1485,14,18,Västra Götalands läns norra,Centrum-Margretegärde
14850110,1485,14,18,Västra Götalands läns norra,Tureborg-Vadbacken
14850301,1485,14,18,Västra Götalands läns norra,Berg-Simmersröd
14850302,1485,14,18,Västra Götalands läns norra,Hälle-Skafteröd
14850303,1485,14,18,Västra Götalands läns norra,Lyckorna-Grinneröd
14850501,1485,14,18,Västra Götalands läns norra,Ammenäs-Sund-Bratteröd
14850502,1485,14,18,Västra Götalands läns norra,Dramsvik-Forshälla-Stenshult
14850503,1485,14,18,Västra Götalands läns norra,Ulvesund-Resteröd-Vassbovik
14850701,1485,14,18,Västra Götalands läns norra,Bokenäs-Dragsmark
14850901,1485,14,18,Västra Götalands läns norra,Skredsvik-Hogstorp
14850902,1485,14,18,Västra Götalands läns norra,Högås-Sundsandvik
14851001,1485,14,18,Västra Götalands läns norra,Utby-Lanesund
14851002,1485,14,18,Västra Götalands läns norra,Kissleberg-Smedseröd
14851003,1485,14,18,Västra Götalands läns norra,Källdal-Misteröd-Sunningen
14851101,1485,14,18,Västra Götalands läns norra,Lane-Ryr
14851201,1485,14,18,Västra Götalands läns norra,Unneröd-Ramneröd
14851202,1485,14,18,Västra Götalands läns norra,Skogslyckan
14851204,1485,14,18,Västra Götalands läns norra,Karlsruhe-Elseberg
14851205,1485,14,18,Västra Götalands läns norra,Hedegärde-Vännerberg
14851206,1485,14,18,Västra Götalands läns norra,Bleket-Södra Dalaberg-Vindfället
14851207,1485,14,18,Västra Götalands läns norra,Dalaberg-Norra Hovhult
14851208,1485,14,18,Västra Götalands läns norra,Hovhult
14851209,1485,14,18,Västra Götalands läns norra,Fasseröd
14851210,1485,14,18,Västra Götalands läns norra,Boxhult-Norra Unneröd
14851211,1485,14,18,Västra Götalands läns norra,Helenedal-Norra Uddevalla
14851212,1485,14,18,Västra Götalands läns norra,Kurveröd
14860101,1486,14,18,Västra Götalands läns norra,Centrum nord
14860102,1486,14,18,Västra Götalands läns norra,Centrum syd
14860103,1486,14,18,Västra Götalands läns norra,Strömstad södra
14860104,1486,14,18,Västra Götalands läns norra,Seläter-Hällestrand
14860105,1486,14,18,Västra Götalands läns norra,Bojar
14860203,1486,14,18,Västra Götalands läns norra,Skee-Strömstad östra
14860401,1486,14,18,Västra Götalands läns norra,Strömstad norra
14860701,1486,14,18,Västra Götalands läns norra,Tjärnö/Koster
14870101,1487,14,18,Västra Götalands läns norra,Frändefors/Sundals Ryr
14870102,1487,14,18,Västra Götalands läns norra,Brålanda
14870103,1487,14,18,Västra Götalands läns norra,Vänerkusten
14870104,1487,14,18,Västra Götalands läns norra,Siviken/Väne Ryr
14870105,1487,14,18,Västra Götalands läns norra,Blåsut
14870106,1487,14,18,Västra Götalands läns norra,Öxnered/Vassända Naglum/Båberg
14870107,1487,14,18,Västra Götalands läns norra,Centrala Vänersborg norra
14870108,1487,14,18,Västra Götalands läns norra,Centrala Vänersborg
14870109,1487,14,18,Västra Götalands läns norra,Centrala Vänersborg södra
14870110,1487,14,18,Västra Götalands läns norra,Holmängen
14870111,1487,14,18,Västra Götalands läns norra,Lyckhem V/Fredriksberg/Centrum V
14870112,1487,14,18,Västra Götalands läns norra,Hedmanstorget/Mariero östra
14870113,1487,14,18,Västra Götalands läns norra,Lyckhem södra/Tenggrenstorp
14870114,1487,14,18,Västra Götalands läns norra,Flanaden
14870115,1487,14,18,Västra Götalands läns norra,Torpa
14870116,1487,14,18,Västra Götalands läns norra,Mariedal/Fridhem
14870117,1487,14,18,Västra Götalands läns norra,Onsjö norra
14870118,1487,14,18,Västra Götalands läns norra,Onsjö södra
14870119,1487,14,18,Västra Götalands läns norra,Brinketorp/Restad
14870120,1487,14,18,Västra Götalands läns norra,Vargön norra/Nordkroken
14870121,1487,14,18,Västra Götalands läns norra,Vargön östra
14870122,1487,14,18,Västra Götalands läns norra,Centrala Vargön/Västra Tunhem
14870123,1487,14,18,Västra Götalands läns norra,Vänersnäs/Lilleskog
14880106,1488,14,18,Västra Götalands läns norra,Strömslund
14880107,1488,14,18,Västra Götalands läns norra,Torsred
14880108,1488,14,18,Västra Götalands läns norra,Björndalen
14880109,1488,14,18,Västra Götalands läns norra,Centrum N
14880110,1488,14,18,Västra Götalands läns norra,Centrum V
14880111,1488,14,18,Västra Götalands läns norra,Centrum S
14880113,1488,14,18,Västra Götalands läns norra,Centrum Ö
14880114,1488,14,18,Västra Götalands läns norra,Hjortmossen
14880119,1488,14,18,Västra Götalands läns norra,Skoftebyn N
14880120,1488,14,18,Västra Götalands läns norra,Skoftebyn V
14880125,1488,14,18,Västra Götalands läns norra,Skogshöjden
14880135,1488,14,18,Västra Götalands läns norra,Källstorp
14880137,1488,14,18,Västra Götalands läns norra,Skoftebyn Ö
14880327,1488,14,18,Västra Götalands läns norra,Åsaka-Norra Björke
14880428,1488,14,18,Västra Götalands läns norra,Halvorstorp
14880429,1488,14,18,Västra Götalands läns norra,Velanda
14880530,1488,14,18,Västra Götalands läns norra,Upphärad
14880632,1488,14,18,Västra Götalands läns norra,Sjuntorp S
14880731,1488,14,18,Västra Götalands läns norra,Sjuntorp N
14880916,1488,14,18,Västra Götalands läns norra,Karlstorp
14880917,1488,14,18,Västra Götalands läns norra,Kronogården N
14880918,1488,14,18,Västra Götalands läns norra,Kronogården S
14880921,1488,14,18,Västra Götalands läns norra,Sylte S
14880922,1488,14,18,Västra Götalands läns norra,Sylte N
14880923,1488,14,18,Västra Götalands läns norra,Lextorp N
14880924,1488,14,18,Västra Götalands läns norra,Lextorp S
14880936,1488,14,18,Västra Götalands läns norra,Kronogården V
14881001,1488,14,18,Västra Götalands läns norra,Dannebacken
14881002,1488,14,18,Västra Götalands läns norra,Hjulkvarn
14881003,1488,14,18,Västra Götalands läns norra,Stavre Ö
14881004,1488,14,18,Västra Götalands läns norra,Stavre V
14881005,1488,14,18,Västra Götalands läns norra,Sandhem
14881033,1488,14,18,Västra Götalands läns norra,Tingvalla S
14881034,1488,14,18,Västra Götalands läns norra,Tingvalla N
14890101,1489,14,17,Västra Götalands läns västra,Stora Mellby/Magra
14890102,1489,14,17,Västra Götalands läns västra,Erska/Sollebrunn
14890103,1489,14,17,Västra Götalands läns västra,Långared
14890104,1489,14,17,Västra Götalands läns västra,Anten/Gräfsnäs
14890105,1489,14,17,Västra Götalands läns västra,Tegelbruket/Simmenäs
14890106,1489,14,17,Västra Götalands läns västra,Kvarnbacken
14890107,1489,14,17,Västra Götalands läns västra,Nolby V/Bolltorp
14890108,1489,14,17,Västra Götalands läns västra,Nolby Ö/Rödene
14890109,1489,14,17,Västra Götalands läns västra,Noltorp V
14890110,1489,14,17,Västra Götalands läns västra,Noltorp Ö
14890111,1489,14,17,Västra Götalands läns västra,Stadsskogen
14890112,1489,14,17,Västra Götalands läns västra,Sörhaga
14890113,1489,14,17,Västra Götalands läns västra,Kullingsberg
14890114,1489,14,17,Västra Götalands läns västra,Centrum N
14890115,1489,14,17,Västra Götalands läns västra,Centrum S/Tuvebo
14890116,1489,14,17,Västra Götalands läns västra,Östlyckan/Brogården
14890117,1489,14,17,Västra Götalands läns västra,Stockslycke/Holmalund
14890118,1489,14,17,Västra Götalands läns västra,Bälinge
14890119,1489,14,17,Västra Götalands läns västra,Hemsjö/V Bodarne
14890120,1489,14,17,Västra Götalands läns västra,Dammen/Prästeryd
14890121,1489,14,17,Västra Götalands läns västra,Ängabo/Maryd
14890122,1489,14,17,Västra Götalands läns västra,Ingared
14890123,1489,14,17,Västra Götalands läns västra,Hemsjö S
14890124,1489,14,17,Västra Götalands läns västra,Ödenäs/Skaftared
14890125,1489,14,17,Västra Götalands läns västra,Lövekulle
14900101,1490,14,19,Västra Götalands läns södra,Aplared
14900102,1490,14,19,Västra Götalands läns södra,Bergsbo-Trandared
14900103,1490,14,19,Västra Götalands läns södra,Bergsäter-Bergsbo
14900104,1490,14,19,Västra Götalands läns södra,Boda-Brämhult
14900105,1490,14,19,Västra Götalands läns södra,Brotorp
14900106,1490,14,19,Västra Götalands läns södra,Brämhult-Ön
14900107,1490,14,19,Västra Götalands läns södra,Brämhult-Kärra
14900108,1490,14,19,Västra Götalands läns södra,Dalsjöfors Västra
14900109,1490,14,19,Västra Götalands läns södra,Dalsjöfors Östra
14900110,1490,14,19,Västra Götalands läns södra,Dannike-Draered
14900112,1490,14,19,Västra Götalands läns södra,Gånghester
14900114,1490,14,19,Västra Götalands läns södra,Hulta Östra
14900115,1490,14,19,Västra Götalands läns södra,Hässleholmen-Brämhult
14900116,1490,14,19,Västra Götalands läns södra,Hässleholmen-Distansgatan
14900117,1490,14,19,Västra Götalands läns södra,Hässleholmen-Tunnlandsgatan
14900118,1490,14,19,Västra Götalands läns södra,Hässleholmen-Våglängdsgatan
14900119,1490,14,19,Västra Götalands läns södra,Målsryd
14900122,1490,14,19,Västra Götalands läns södra,Svensgärde-Sörmarken
14900123,1490,14,19,Västra Götalands läns södra,Trandared Södra
14900124,1490,14,19,Västra Götalands läns södra,Trandared Västra
14900125,1490,14,19,Västra Götalands läns södra,Trandared Östra
14900126,1490,14,19,Västra Götalands läns södra,Äspered-Rångedala
14900168,1490,14,19,Västra Götalands läns södra,Hulta Västra
14900169,1490,14,19,Västra Götalands läns södra,Dalsjöfors Centrum
14900227,1490,14,19,Västra Götalands läns södra,Bergdalen-Liljeberget
14900228,1490,14,19,Västra Götalands läns södra,Bergdalen Södra
14900229,1490,14,19,Västra Götalands läns södra,Bosnäs-Viared
14900230,1490,14,19,Västra Götalands läns södra,Centrum
14900231,1490,14,19,Västra Götalands läns södra,Centrum Norra
14900232,1490,14,19,Västra Götalands läns södra,Centrum Östra
14900234,1490,14,19,Västra Götalands läns södra,Druvefors Västra
14900235,1490,14,19,Västra Götalands läns södra,Druvefors Östra
14900236,1490,14,19,Västra Götalands läns södra,Göta
14900237,1490,14,19,Västra Götalands läns södra,Göta-Kristineberg
14900238,1490,14,19,Västra Götalands läns södra,Göta-Regementet
14900242,1490,14,19,Västra Götalands läns södra,Kristineberg
14900243,1490,14,19,Västra Götalands läns södra,Lugnet
14900244,1490,14,19,Västra Götalands läns södra,Norrmalm-Sagavallen
14900245,1490,14,19,Västra Götalands läns södra,Norrmalm-Hornsgatan
14900246,1490,14,19,Västra Götalands läns södra,Norrmalm-Nedre
14900247,1490,14,19,Västra Götalands läns södra,Norrmalm-Kype
14900248,1490,14,19,Västra Götalands läns södra,Rydboholm
14900249,1490,14,19,Västra Götalands läns södra,Salängen-Villastaden
14900251,1490,14,19,Västra Götalands läns södra,Svaneholm-Seglora
14900252,1490,14,19,Västra Götalands läns södra,Villastaden
14900253,1490,14,19,Västra Götalands läns södra,Viskafors-Kinnarumma
14900254,1490,14,19,Västra Götalands läns södra,Viskafors Centrum
14900255,1490,14,19,Västra Götalands läns södra,Östermalm
14900256,1490,14,19,Västra Götalands läns södra,Kristineberg-Dammsvedjan
14900257,1490,14,19,Västra Götalands läns södra,Hedvigsborg
14900258,1490,14,19,Västra Götalands läns södra,Dammsvedjan-Gässlösa-Kråkered
14900357,1490,14,19,Västra Götalands läns södra,Borgstena-Tämta-Vänga
14900358,1490,14,19,Västra Götalands läns södra,Bredared
14900359,1490,14,19,Västra Götalands läns södra,Byttorp
14900360,1490,14,19,Västra Götalands läns södra,Ekås-Hestra
14900361,1490,14,19,Västra Götalands läns södra,Fristad-Kvarbo
14900362,1490,14,19,Västra Götalands läns södra,Fristad-Gingri
14900363,1490,14,19,Västra Götalands läns södra,Fristad-Asklanda
14900365,1490,14,19,Västra Götalands läns södra,Frufällan-Tosseryd
14900366,1490,14,19,Västra Götalands läns södra,Hestra-Byttorp
14900367,1490,14,19,Västra Götalands läns södra,Hestra Parkstad
14900369,1490,14,19,Västra Götalands läns södra,Knalleland-Alideberg
14900370,1490,14,19,Västra Götalands läns södra,Lundaskog-Lyckebo
14900371,1490,14,19,Västra Götalands läns södra,Sjöbo-Almenäs
14900372,1490,14,19,Västra Götalands läns södra,Sjöbo-Långesten
14900373,1490,14,19,Västra Götalands läns södra,Sjöbo-Nolhaga
14900374,1490,14,19,Västra Götalands läns södra,Norrby Norra
14900375,1490,14,19,Västra Götalands läns södra,Norrby Södra
14900377,1490,14,19,Västra Götalands läns södra,Parkstaden-Byttorp
14900378,1490,14,19,Västra Götalands läns södra,Sandared Centrum
14900379,1490,14,19,Västra Götalands läns södra,Sandared Västra
14900380,1490,14,19,Västra Götalands läns södra,Sandared Östra
14900381,1490,14,19,Västra Götalands läns södra,Sandhult-Hedared
14900382,1490,14,19,Västra Götalands läns södra,Sjöbo-Ryda
14900383,1490,14,19,Västra Götalands läns södra,Sjöbo-Johannelund
14900384,1490,14,19,Västra Götalands läns södra,Sjömarken Norra
14900385,1490,14,19,Västra Götalands läns södra,Sjömarken Södra
14900386,1490,14,19,Västra Götalands läns södra,Sparsör
14900387,1490,14,19,Västra Götalands läns södra,Tullen
14900388,1490,14,19,Västra Götalands läns södra,Fristad Centrum
14910101,1491,14,19,Västra Götalands läns södra,Gunnarshill/Borgmästarhagen
14910102,1491,14,19,Västra Götalands läns södra,Villastaden/Bronäs/Ekhagen/Karlsnäs
14910103,1491,14,19,Västra Götalands läns södra,Centrum/Tingsholm N.
14910104,1491,14,19,Västra Götalands läns södra,Skarpås/Furet/Hemryd/Tingsholm S.
14910105,1491,14,19,Västra Götalands läns södra,Fridhem/Paradiset/Centrum S.
14910106,1491,14,19,Västra Götalands läns södra,Markuslyckan/Karlslätt/Härstorp
14910107,1491,14,19,Västra Götalands läns södra,Marbäck/Fredriksberg/Fållorna
14910108,1491,14,19,Västra Götalands läns södra,Blidsberg/Dalum/Trädet
14910109,1491,14,19,Västra Götalands läns södra,Gällstad/Rånnaväg/Grönahög
14910110,1491,14,19,Västra Götalands läns södra,Hökerum/Nitta
14910111,1491,14,19,Västra Götalands läns södra,Hössna/Liared
14910112,1491,14,19,Västra Götalands läns södra,Timmele/Älmestad
14910113,1491,14,19,Västra Götalands läns södra,Tvärred/Vegby
14920101,1492,14,18,Västra Götalands läns norra,Åmål norra - Mo
14920102,1492,14,18,Västra Götalands läns norra,Åmål nordvästra
14920103,1492,14,18,Västra Götalands läns norra,Åmål sydvästra
14920104,1492,14,18,Västra Götalands läns norra,Åmål södra
14920105,1492,14,18,Västra Götalands läns norra,Åmål centrala
14920607,1492,14,18,Västra Götalands läns norra,Tösse - Fröskog - Ånimskog
14930101,1493,14,20,Västra Götalands läns östra,Näset
14930102,1493,14,20,Västra Götalands läns östra,Madlyckan
14930103,1493,14,20,Västra Götalands läns östra,Ladukärr
14930104,1493,14,20,Västra Götalands läns östra,Grangärdet
14930105,1493,14,20,Västra Götalands läns östra,Trädgården
14930118,1493,14,20,Västra Götalands läns östra,Högelid
14930206,1493,14,20,Västra Götalands läns östra,Marieholm
14930207,1493,14,20,Västra Götalands läns östra,Leksberg
14930208,1493,14,20,Västra Götalands läns östra,Leverstad
14930216,1493,14,20,Västra Götalands läns östra,Lockerud-Ekudden
14930217,1493,14,20,Västra Götalands läns östra,Bråten-Västra skogen-Marieäng
14930314,1493,14,20,Västra Götalands läns östra,Ullervad
14930315,1493,14,20,Västra Götalands läns östra,Tidavad
14931011,1493,14,20,Västra Götalands läns östra,Lugnås
14931409,1493,14,20,Västra Götalands läns östra,Hassle-Torsö
14931813,1493,14,20,Västra Götalands läns östra,Lyrestad-Sjötorp
14940101,1494,14,20,Västra Götalands läns östra,Gamla stadens centrum
14940102,1494,14,20,Västra Götalands läns östra,Margretelund N
14940103,1494,14,20,Västra Götalands läns östra,Fredriksdal
14940104,1494,14,20,Västra Götalands läns östra,Wennerberg
14940105,1494,14,20,Västra Götalands läns östra,Lidåker-Ljunghed
14940106,1494,14,20,Västra Götalands läns östra,Margretelund S
14940107,1494,14,20,Västra Götalands läns östra,Nya staden N
14940108,1494,14,20,Västra Götalands läns östra,Nya staden S
14940109,1494,14,20,Västra Götalands läns östra,Ågårdsområdet
14940110,1494,14,20,Västra Götalands läns östra,Dalängen
14940111,1494,14,20,Västra Götalands läns östra,Framnäs
14940213,1494,14,20,Västra Götalands läns östra,Järpås
14940514,1494,14,20,Västra Götalands läns östra,Råda
14940622,1494,14,20,Västra Götalands läns östra,Tun-Gillstad
14940816,1494,14,20,Västra Götalands läns östra,Sunnersberg
14941117,1494,14,20,Västra Götalands läns östra,Otterstad
14941315,1494,14,20,Västra Götalands läns östra,Stenhammar
14941325,1494,14,20,Västra Götalands läns östra,Tofta-Ulriksdal
14942020,1494,14,20,Västra Götalands läns östra,Hovby-Majåker
14942121,1494,14,20,Västra Götalands läns östra,Saleby-Norra Härene
14942424,1494,14,20,Västra Götalands läns östra,Vinninga-Filsbäck
14942923,1494,14,20,Västra Götalands läns östra,Örslösa
14950101,1495,14,20,Västra Götalands läns östra,Marieberg
14950102,1495,14,20,Västra Götalands läns östra,Västermalm-Domprostegården
14950103,1495,14,20,Västra Götalands läns östra,Centrum
14950104,1495,14,20,Västra Götalands läns östra,Skaraberg-Tveta
14950105,1495,14,20,Västra Götalands läns östra,Gällkvist västra-Härlunda
14950106,1495,14,20,Västra Götalands läns östra,Gällkvist östra-Skånings Åsaka
14950107,1495,14,20,Västra Götalands läns östra,Hindsbo-Händene
14950514,1495,14,20,Västra Götalands läns östra,Varnhem-Eggby
14950813,1495,14,20,Västra Götalands läns östra,Axvall
14951609,1495,14,20,Västra Götalands läns östra,Ardala
14960101,1496,14,20,Västra Götalands läns östra,Centrum västra
14960102,1496,14,20,Västra Götalands läns östra,Kullen
14960103,1496,14,20,Västra Götalands läns östra,Billingssluttningen
14960104,1496,14,20,Västra Götalands läns östra,Dälderna
14960105,1496,14,20,Västra Götalands läns östra,Centrum östra
14960106,1496,14,20,Västra Götalands läns östra,Havstena
14960107,1496,14,20,Västra Götalands läns östra,Norrmalm
14960108,1496,14,20,Västra Götalands läns östra,Västra Fältet
14960109,1496,14,20,Västra Götalands läns östra,Rosenhaga
14960110,1496,14,20,Västra Götalands läns östra,Lunden
14960111,1496,14,20,Västra Götalands läns östra,Mariesjö
14960112,1496,14,20,Västra Götalands läns östra,Östermalm
14960113,1496,14,20,Västra Götalands läns östra,Trädgårdsstaden
14960115,1496,14,20,Västra Götalands läns östra,Källegården
14960129,1496,14,20,Västra Götalands läns östra,Ekängen
14960132,1496,14,20,Västra Götalands läns östra,Aspö/Ulveket
14960134,1496,14,20,Västra Götalands läns östra,Högskolan/Trängen
14960316,1496,14,20,Västra Götalands läns östra,Våmb
14960331,1496,14,20,Västra Götalands läns östra,Hentorp
14960417,1496,14,20,Västra Götalands läns östra,Södra Ryd
14960418,1496,14,20,Västra Götalands läns östra,Ryds Centrum
14960419,1496,14,20,Västra Götalands läns östra,Norra Ryd
14960521,1496,14,20,Västra Götalands läns östra,Skultorps centrum
14960533,1496,14,20,Västra Götalands läns östra,Skultorp nordväst
14960820,1496,14,20,Västra Götalands läns östra,Skultorpsbygden
14961223,1496,14,20,Västra Götalands läns östra,Värsås
14961322,1496,14,20,Västra Götalands läns östra,Igelstorp
14961625,1496,14,20,Västra Götalands läns östra,Väring
14961824,1496,14,20,Västra Götalands läns östra,Frösve/Säter
14962226,1496,14,20,Västra Götalands läns östra,Berg
14962427,1496,14,20,Västra Götalands läns östra,Timmersdala
14962628,1496,14,20,Västra Götalands läns östra,Tidan
14970101,1497,14,20,Västra Götalands läns östra,"Hjo södra, Grevbäck"
14970102,1497,14,20,Västra Götalands läns östra,"Hjo västra, Mofalla, Långeruder m fl"
14970103,1497,14,20,Västra Götalands läns östra,"Hjo mellersta, Hammarsjorden"
14970104,1497,14,20,Västra Götalands läns östra,"Hjo norra, Smedstorp, Sanna"
14970505,1497,14,20,Västra Götalands läns östra,"Norra och Södra Fågelås, Gate"
14970706,1497,14,20,Västra Götalands läns östra,"Korsberga, Blikstorp"
14980101,1498,14,20,Västra Götalands läns östra,Tidaholms Innerstad
14980102,1498,14,20,Västra Götalands läns östra,Tidaholm Östra
14980103,1498,14,20,Västra Götalands läns östra,Tidaholm Västra
14980104,1498,14,20,Västra Götalands läns östra,Tidaholm Norra
14980110,1498,14,20,Västra Götalands läns östra,Hökensås Norra
14980207,1498,14,20,Västra Götalands läns östra,Hökensås Södra/Västra
14981512,1498,14,20,Västra Götalands läns östra,Dimbo m.fl.
14990101,1499,14,20,Västra Götalands läns östra,Centrum
14990102,1499,14,20,Västra Götalands läns östra,Kyrkerör
14990103,1499,14,20,Västra Götalands läns östra,Dotorp-Tåstorp
14990104,1499,14,20,Västra Götalands läns östra,Bestorp-Mösseberg
14990105,1499,14,20,Västra Götalands läns östra,Fredriksberg
14990106,1499,14,20,Västra Götalands läns östra,Ranten-Grönelund
14990107,1499,14,20,Västra Götalands läns östra,Vilhelmsberg-Åttagård
14990108,1499,14,20,Västra Götalands läns östra,Södra Bestorp-Nedre Mösseberg
14990209,1499,14,20,Västra Götalands läns östra,Bergsliden
14990310,1499,14,20,Västra Götalands läns östra,Vilske
14990512,1499,14,20,Västra Götalands läns östra,Floby
14990711,1499,14,20,Västra Götalands läns östra,Odensberg
14991428,1499,14,20,Västra Götalands läns östra,Åsarp-Kättilstorp
14991513,1499,14,20,Västra Götalands läns östra,Kinnarp-Slutarp
14992016,1499,14,20,Västra Götalands läns östra,Vartofta
14993123,1499,14,20,Västra Götalands läns östra,Stenstorpsbygden
14993422,1499,14,20,Västra Götalands läns östra,Stenstorp
14994125,1499,14,20,Västra Götalands läns östra,Gudhem-Broddetorp
17150101,1715,17,21,Värmlands län,Vikstad
17150102,1715,17,21,Värmlands län,Tolita
17150103,1715,17,21,Värmlands län,Dalliden
17150109,1715,17,21,Värmlands län,Stenåsen
17150110,1715,17,21,Värmlands län,Sannerud
17150205,1715,17,21,Värmlands län,Fagerås
17150206,1715,17,21,Värmlands län,Frykerud
17150308,1715,17,21,Värmlands län,Boda
17300101,1730,17,21,Värmlands län,Charlottenbergs tätort
17300102,1730,17,21,Värmlands län,Charlottenbergs omland
17300105,1730,17,21,Värmlands län,Åmotfors
17300307,1730,17,21,Värmlands län,Koppom
17300511,1730,17,21,Värmlands län,Köla-Skillingmark
17370101,1737,17,21,Värmlands län,Torsby Norra
17370102,1737,17,21,Värmlands län,Oleby
17370105,1737,17,21,Värmlands län,Svenneby
17370106,1737,17,21,Värmlands län,Torsby Södra
17370309,1737,17,21,Värmlands län,Vitsand
17370512,1737,17,21,Värmlands län,Östmark
17370617,1737,17,21,Värmlands län,Sysslebäck
17370822,1737,17,21,Värmlands län,Likenäs
17370923,1737,17,21,Värmlands län,Stöllet
17600103,1760,17,21,Värmlands län,Storfors Centrala
17600201,1760,17,21,Värmlands län,Bjurtjärn
17600302,1760,17,21,Värmlands län,Lungsund
17610101,1761,17,21,Värmlands län,Skoghall
17610102,1761,17,21,Värmlands län,Haga
17610103,1761,17,21,Värmlands län,Gunnarskär
17610104,1761,17,21,Värmlands län,Mörmon
17610105,1761,17,21,Värmlands län,Klöverud
17610106,1761,17,21,Värmlands län,Hammar
17610107,1761,17,21,Värmlands län,Lövnäs
17610108,1761,17,21,Värmlands län,Hallersrud
17610109,1761,17,21,Värmlands län,Östra Bärstad-Rud
17620203,1762,17,21,Värmlands län,Munkfors Sydvästra
17620205,1762,17,21,Värmlands län,Munkfors Centrala
17630101,1763,17,21,Värmlands län,Forshaga öst
17630102,1763,17,21,Värmlands län,Forshaga väst-Dyvelsten
17630103,1763,17,21,Värmlands län,Grossbol
17630104,1763,17,21,Värmlands län,Skived öst
17630105,1763,17,21,Värmlands län,Skived väst
17630212,1763,17,21,Värmlands län,Deje
17630315,1763,17,21,Värmlands län,Dejefors
17640102,1764,17,21,Värmlands län,Grums Västra
17640103,1764,17,21,Värmlands län,Grums Centrala
17640106,1764,17,21,Värmlands län,Grums Södra-Gamla Slottsbron
17640107,1764,17,21,Värmlands län,Segmon-Slottsbron
17640108,1764,17,21,Värmlands län,Värmskog-Grums Norra
17650101,1765,17,21,Värmlands län,Årjäng N
17650102,1765,17,21,Värmlands län,Årjäng Ö
17650203,1765,17,21,Värmlands län,Sillerud
17650307,1765,17,21,Värmlands län,Holmedal-Karlanda
17650509,1765,17,21,Värmlands län,Årjäng V
17650711,1765,17,21,Värmlands län,Töcksfors
17660101,1766,17,21,Värmlands län,Klockaregården
17660102,1766,17,21,Värmlands län,Åmberg
17660103,1766,17,21,Värmlands län,Leran
17660106,1766,17,21,Värmlands län,Södra Borgeby
17660109,1766,17,21,Värmlands län,Rottneros
17660110,1766,17,21,Värmlands län,Stöpafors
17660119,1766,17,21,Värmlands län,Gräsmark
17660124,1766,17,21,Värmlands län,Brobyäng
17660215,1766,17,21,Värmlands län,Västra Ämtervik
17660317,1766,17,21,Värmlands län,Östra Ämtervik
17660523,1766,17,21,Värmlands län,Lysvik
17800101,1780,17,21,Värmlands län,Tingvallastaden
17800102,1780,17,21,Värmlands län,Viken
17800103,1780,17,21,Värmlands län,Sommarro
17800104,1780,17,21,Värmlands län,Orrholmen söder
17800105,1780,17,21,Värmlands län,Kvarnberget
17800106,1780,17,21,Värmlands län,Tullholmen öst
17800107,1780,17,21,Värmlands län,Inre hamn
17800111,1780,17,21,Värmlands län,Tingvalla
17800112,1780,17,21,Värmlands län,Klara
17800113,1780,17,21,Värmlands län,Råtorp-Älvåker
17800114,1780,17,21,Värmlands län,Haga öst
17800115,1780,17,21,Värmlands län,Herrhagen 1
17800116,1780,17,21,Värmlands län,Herrhagen 2
17800117,1780,17,21,Värmlands län,Herrhagen 3
17800118,1780,17,21,Värmlands län,Tormestad-Lamberget
17800119,1780,17,21,Värmlands län,Råtorp söder
17800120,1780,17,21,Värmlands län,Haga väst
17800123,1780,17,21,Värmlands län,Tullholmen väst
17800125,1780,17,21,Värmlands län,Orrholmen norr
17800126,1780,17,21,Värmlands län,Marieberg
17800230,1780,17,21,Värmlands län,Sundsta
17800231,1780,17,21,Värmlands län,Norrstrand centrum
17800232,1780,17,21,Värmlands län,Norrstrand norr
17800233,1780,17,21,Värmlands län,Norrstrand-Sjöstad
17800234,1780,17,21,Värmlands län,Norrstrand söder
17800235,1780,17,21,Värmlands län,Kroppkärr
17800236,1780,17,21,Värmlands län,Färjestad norr
17800238,1780,17,21,Värmlands län,Lorensberg
17800239,1780,17,21,Värmlands län,Rud norr
17800240,1780,17,21,Värmlands län,Rud söder
17800241,1780,17,21,Värmlands län,Kronoparken väst
17800242,1780,17,21,Värmlands län,Kronoparken söder
17800243,1780,17,21,Värmlands län,Stockfallet
17800244,1780,17,21,Värmlands län,Universitetet
17800245,1780,17,21,Värmlands län,Kronoparken öst
17800246,1780,17,21,Värmlands län,Kronoparken centrum
17800247,1780,17,21,Värmlands län,Alster söder
17800249,1780,17,21,Värmlands län,Färjestad söder
17800250,1780,17,21,Värmlands län,Långtäppan-Rud
17800251,1780,17,21,Värmlands län,Kronoparken norr
17800350,1780,17,21,Värmlands län,Skattkärr
17800351,1780,17,21,Värmlands län,Östra Fågelvik
17800456,1780,17,21,Värmlands län,Väse
17800665,1780,17,21,Värmlands län,Molkom
17800667,1780,17,21,Värmlands län,Nyed
17800775,1780,17,21,Värmlands län,Alster norr
17800880,1780,17,21,Värmlands län,Skåre
17800881,1780,17,21,Värmlands län,Soldattorpet
17800882,1780,17,21,Värmlands län,Grava
17800883,1780,17,21,Värmlands län,Stodene
17800990,1780,17,21,Värmlands län,Vålberg-Nor
17800991,1780,17,21,Värmlands län,Vålberg
17800992,1780,17,21,Värmlands län,Edsvalla
17801106,1780,17,21,Värmlands län,Romstad-Strand
17801107,1780,17,21,Värmlands län,Gruvlyckan
17801108,1780,17,21,Värmlands län,Våxnäs söder
17801109,1780,17,21,Värmlands län,Hagalund
17801110,1780,17,21,Värmlands län,Våxnäs norr
17801119,1780,17,21,Värmlands län,Bergvik-Zakrisdal
17801120,1780,17,21,Värmlands län,Hultsberg
17801121,1780,17,21,Värmlands län,Björkås-Dingelsundet
17810101,1781,17,21,Värmlands län,Innerstaden
17810102,1781,17,21,Värmlands län,Södermalm
17810103,1781,17,21,Värmlands län,Enserud
17810104,1781,17,21,Värmlands län,Fältet
17810105,1781,17,21,Värmlands län,Djurgården
17810106,1781,17,21,Värmlands län,Kurlanda
17810107,1781,17,21,Värmlands län,Östra Vålösundet
17810108,1781,17,21,Värmlands län,Stenstaliden
17810109,1781,17,21,Värmlands län,Strand
17810110,1781,17,21,Värmlands län,Ölme
17810111,1781,17,21,Värmlands län,Kristinehamn norra
17810112,1781,17,21,Värmlands län,Kristinehamn nord-östra
17810113,1781,17,21,Värmlands län,Kristinehamn östra
17810114,1781,17,21,Värmlands län,Björneborg
17810115,1781,17,21,Värmlands län,Kristinehamn södra
17820101,1782,17,21,Värmlands län,Filipstads norra
17820102,1782,17,21,Värmlands län,Filipstads västra
17820103,1782,17,21,Värmlands län,Filipstads södra
17820104,1782,17,21,Värmlands län,Filipstads östra
17820712,1782,17,21,Värmlands län,Lesjöfors
17830101,1783,17,21,Värmlands län,Hagfors Centrum
17830105,1783,17,21,Värmlands län,Hagfors Östra
17830210,1783,17,21,Värmlands län,Ekshärad-Västanberg
17830315,1783,17,21,Värmlands län,Hagfors Norra-Gustav Adolf
17830418,1783,17,21,Värmlands län,Råda-Höje
17830522,1783,17,21,Värmlands län,Sunnemo-Uddeholm
17840102,1784,17,21,Värmlands län,Haga
17840103,1784,17,21,Värmlands län,Minneberg
17840104,1784,17,21,Värmlands län,Solberga
17840105,1784,17,21,Värmlands län,Styckåsen
17840106,1784,17,21,Värmlands län,Degerängen
17840125,1784,17,21,Värmlands län,Rosendal
17840207,1784,17,21,Värmlands län,Dottevik
17840208,1784,17,21,Värmlands län,Solvik
17840209,1784,17,21,Värmlands län,Agneteberg
17840210,1784,17,21,Värmlands län,Jössefors
17840228,1784,17,21,Värmlands län,Taserud
17840311,1784,17,21,Värmlands län,Stavnäs-Högerud
17840514,1784,17,21,Värmlands län,Glava
17840617,1784,17,21,Värmlands län,Gunnarskog-Bogen
17840920,1784,17,21,Värmlands län,Älgå-Ny
17841123,1784,17,21,Värmlands län,Edane
17841124,1784,17,21,Värmlands län,Mangskog
17850101,1785,17,21,Värmlands län,Tegnér
17850102,1785,17,21,Värmlands län,Tingvalla
17850103,1785,17,21,Värmlands län,Trätälja
17850105,1785,17,21,Värmlands län,Värmlandsnäs Södra
17850206,1785,17,21,Värmlands län,Höglunda
17850308,1785,17,21,Värmlands län,Värmlandsnäs Norra
17851018,1785,17,21,Värmlands län,Annelund
17851120,1785,17,21,Värmlands län,Svaneholm
17851223,1785,17,21,Värmlands län,Nysäter
18140100,1814,18,22,Örebro län,Lanna
18140200,1814,18,22,Örebro län,Hidinge
18140301,1814,18,22,Örebro län,Fjugesta Västra
18140302,1814,18,22,Örebro län,Fjugesta Östra
18140400,1814,18,22,Örebro län,Mullhyttan
18140500,1814,18,22,Örebro län,Kräcklinge m.fl.
18600101,1860,18,22,Örebro län,Laxå Centrala
18600103,1860,18,22,Örebro län,Laxå-Kanalområdet
18600205,1860,18,22,Örebro län,Finnerödja
18600407,1860,18,22,Örebro län,Skagershult
18610111,1861,18,22,Örebro län,Hässleberg
18610113,1861,18,22,Örebro län,Kårstahult
18610114,1861,18,22,Örebro län,Vingen
18610115,1861,18,22,Örebro län,Vadsbron
18610116,1861,18,22,Örebro län,Långängen
18610221,1861,18,22,Örebro län,Vretstorp
18610231,1861,18,22,Örebro län,Östansjö
18610441,1861,18,22,Örebro län,Sköllersta
18610451,1861,18,22,Örebro län,Pålsboda
18610671,1861,18,22,Örebro län,Sottern
18620101,1862,18,22,Örebro län,Jannelund
18620102,1862,18,22,Örebro län,Bossåsen
18620103,1862,18,22,Örebro län,Bruket
18620105,1862,18,22,Örebro län,Stora Valla
18620108,1862,18,22,Örebro län,Strömtorp
18620210,1862,18,22,Örebro län,Åtorp
18620211,1862,18,22,Örebro län,Svartå
18630101,1863,18,22,Örebro län,Gillershöjden
18630102,1863,18,22,Örebro län,Centrum
18630104,1863,18,22,Örebro län,Hjulsjö-Kronhagen
18630208,1863,18,22,Örebro län,Grythyttan
18640101,1864,18,22,Örebro län,Hörken-Ställdalen
18640103,1864,18,22,Örebro län,Bångbro-Kyrkbacksskolan
18640105,1864,18,22,Örebro län,"Tingshuset, Kopparberg"
18800101,1880,18,22,Örebro län,Örnsro
18800102,1880,18,22,Örebro län,Näbbtorget
18800103,1880,18,22,Örebro län,Våghustorget
18800104,1880,18,22,Örebro län,Oskarsparken
18800105,1880,18,22,Örebro län,Wadköping
18800106,1880,18,22,Örebro län,Sveaparken
18800107,1880,18,22,Örebro län,Stadsparken
18800108,1880,18,22,Örebro län,Krämartorget
18800109,1880,18,22,Örebro län,Eklunda
18800110,1880,18,22,Örebro län,Södermalm
18800111,1880,18,22,Örebro län,Eyra
18800112,1880,18,22,Örebro län,Gustavsvik
18800113,1880,18,22,Örebro län,Ladugårdsängen västra
18800114,1880,18,22,Örebro län,Ladugårdsängen östra
18800115,1880,18,22,Örebro län,Olivplan
18800116,1880,18,22,Örebro län,Sörbyängen
18800216,1880,18,22,Örebro län,Bettorp
18800217,1880,18,22,Örebro län,Olaus Petri
18800218,1880,18,22,Örebro län,Åkullen
18800219,1880,18,22,Örebro län,Längbrotorg
18800220,1880,18,22,Örebro län,Hagaby-Ringstorp
18800221,1880,18,22,Örebro län,Norrby
18800222,1880,18,22,Örebro län,Bromsplan
18800223,1880,18,22,Örebro län,Svampen
18800224,1880,18,22,Örebro län,Rynningeåsen
18800225,1880,18,22,Örebro län,Rynninge
18800226,1880,18,22,Örebro län,Tegnér
18800227,1880,18,22,Örebro län,Sofia
18800228,1880,18,22,Örebro län,Nobel
18800229,1880,18,22,Örebro län,Malmplan
18800230,1880,18,22,Örebro län,Vasastan
18800231,1880,18,22,Örebro län,Järntorget
18800232,1880,18,22,Örebro län,Universitetssjukhuset
18800233,1880,18,22,Örebro län,Slottet
18800234,1880,18,22,Örebro län,Centrum
18800235,1880,18,22,Örebro län,Centralstationen
18800339,1880,18,22,Örebro län,Heden
18800340,1880,18,22,Örebro län,Mellringe
18800341,1880,18,22,Örebro län,Björkhaga
18800342,1880,18,22,Örebro län,Varberga västra
18800343,1880,18,22,Örebro län,Varberga östra
18800344,1880,18,22,Örebro län,Karlslund
18800345,1880,18,22,Örebro län,Oxhagen
18800346,1880,18,22,Örebro län,Solhaga
18800347,1880,18,22,Örebro län,Västhaga
18800348,1880,18,22,Örebro län,Rosta västra
18800349,1880,18,22,Örebro län,Rosta östra
18800350,1880,18,22,Örebro län,Hagastrand
18800479,1880,18,22,Örebro län,Skebäck
18800480,1880,18,22,Örebro län,Sörby norra
18800481,1880,18,22,Örebro län,Sörby södra
18800482,1880,18,22,Örebro län,Tybble
18800483,1880,18,22,Örebro län,Ekeby Almby
18800484,1880,18,22,Örebro län,Almby
18800485,1880,18,22,Örebro län,Brickeberg
18800486,1880,18,22,Örebro län,Brickebacken norra
18800487,1880,18,22,Örebro län,Brickebacken södra
18800488,1880,18,22,Örebro län,Grönpepparparken
18800489,1880,18,22,Örebro län,Näsby
18800490,1880,18,22,Örebro län,Tybblelund
18800491,1880,18,22,Örebro län,Universitetet
18800492,1880,18,22,Örebro län,Ormesta
18800493,1880,18,22,Örebro län,Norra Ormesta
18800494,1880,18,22,Örebro län,Tybblekullen
18800501,1880,18,22,Örebro län,Marieberg
18800502,1880,18,22,Örebro län,Mosås
18800503,1880,18,22,Örebro län,Täby
18800701,1880,18,22,Örebro län,Vintrosa
18800801,1880,18,22,Örebro län,Garphyttan
18800802,1880,18,22,Örebro län,Latorp
18801001,1880,18,22,Örebro län,Kil
18801101,1880,18,22,Örebro län,Ervalla
18801201,1880,18,22,Örebro län,Axberg
18801301,1880,18,22,Örebro län,Hovsta västra
18801302,1880,18,22,Örebro län,Lillån västra
18801303,1880,18,22,Örebro län,Lillån östra
18801304,1880,18,22,Örebro län,Hovsta östra
18801401,1880,18,22,Örebro län,Hampetorp
18801501,1880,18,22,Örebro län,Kilsmo-Brevens Bruk
18801502,1880,18,22,Örebro län,Asker
18801503,1880,18,22,Örebro län,Odensbacken
18801601,1880,18,22,Örebro län,Stora Mellösa västra
18801602,1880,18,22,Örebro län,Stora Mellösa östra
18801701,1880,18,22,Örebro län,Norrbyås
18801801,1880,18,22,Örebro län,Gällersta
18802601,1880,18,22,Örebro län,Rinkaby
18802701,1880,18,22,Örebro län,Glanshammar
18802901,1880,18,22,Örebro län,Lillkyrka
18803060,1880,18,22,Örebro län,Lundby norra
18803061,1880,18,22,Örebro län,Lundby södra
18803062,1880,18,22,Örebro län,Vivalla västra
18803063,1880,18,22,Örebro län,Vivalla norra
18803064,1880,18,22,Örebro län,Vivalla östra
18803066,1880,18,22,Örebro län,Nyponlunden
18803067,1880,18,22,Örebro län,Nya Hjärsta
18803068,1880,18,22,Örebro län,Baronbackarna
18803070,1880,18,22,Örebro län,Gamla Hjärsta
18803071,1880,18,22,Örebro län,Mikael
18803072,1880,18,22,Örebro län,Karla
18803073,1880,18,22,Örebro län,Trängen
18803074,1880,18,22,Örebro län,Markbacken
18803189,1880,18,22,Örebro län,Brunnsgärdet
18803190,1880,18,22,Örebro län,Nasta
18803191,1880,18,22,Örebro län,Lindhult norra
18803192,1880,18,22,Örebro län,Adolfsberg västra
18803193,1880,18,22,Örebro län,Adolfsberg östra
18803194,1880,18,22,Örebro län,Ladugårdsängen södra
18803195,1880,18,22,Örebro län,Ladugårdsängen Hagen
18803196,1880,18,22,Örebro län,Lindhult södra
18810102,1881,18,22,Örebro län,Hällabrottet
18810104,1881,18,22,Örebro län,Åbytorp-Hardemo
18810105,1881,18,22,Örebro län,Skogstorp
18810106,1881,18,22,Örebro län,Malmen
18810107,1881,18,22,Örebro län,Fylsta
18810108,1881,18,22,Örebro län,Stadshuset
18810109,1881,18,22,Örebro län,Åsen
18810112,1881,18,22,Örebro län,Haga
18810114,1881,18,22,Örebro län,Kumlaby
18810115,1881,18,22,Örebro län,Sörby
18810116,1881,18,22,Örebro län,Vialund
18810310,1881,18,22,Örebro län,Ekeby-Kvarntorp
18820101,1882,18,22,Örebro län,Sjöängen
18820102,1882,18,22,Örebro län,Närlunda
18820103,1882,18,22,Örebro län,Klockarbacken-Olshammar
18820304,1882,18,22,Örebro län,Åsbro
18820306,1882,18,22,Örebro län,Rönneshytta-Mariedamm
18820408,1882,18,22,Örebro län,Snavlunda
18820511,1882,18,22,Örebro län,Hammar
18820513,1882,18,22,Örebro län,Åmmeberg-Zinkgruvan
18830101,1883,18,22,Örebro län,Aggerud
18830102,1883,18,22,Örebro län,Stråningstorp
18830103,1883,18,22,Örebro län,Landa
18830104,1883,18,22,Örebro län,Skranta
18830105,1883,18,22,Örebro län,Häsängen
18830106,1883,18,22,Örebro län,Ekeby
18830107,1883,18,22,Örebro län,Karlberg
18830108,1883,18,22,Örebro län,Rävåsen
18830109,1883,18,22,Örebro län,Sandmo
18830110,1883,18,22,Örebro län,Karls-Åby
18830111,1883,18,22,Örebro län,Bohult
18830112,1883,18,22,Örebro län,Bregården
18830113,1883,18,22,Örebro län,Bofors
18830114,1883,18,22,Örebro län,Sandviken
18830115,1883,18,22,Örebro län,Österleden
18830116,1883,18,22,Örebro län,Bråten
18830117,1883,18,22,Örebro län,Granbergsdal
18840306,1884,18,22,Örebro län,Järnboås-Klacka-Lerberg
18840401,1884,18,22,Örebro län,Hagby-Esstorp
18840403,1884,18,22,Örebro län,Karlsäng-Pershyttan
18840404,1884,18,22,Örebro län,Gyttorp-Viker
18840405,1884,18,22,Örebro län,Hitorp-Alntorp
18840407,1884,18,22,Örebro län,Ås-Ringshyttan
18840409,1884,18,22,Örebro län,Dalsta-Born
18840410,1884,18,22,Örebro län,Torget-Gunnarsberg
18850203,1885,18,22,Örebro län,Gusselby
18850204,1885,18,22,Örebro län,Lindesbergs Norra
18850206,1885,18,22,Örebro län,Linde
18850207,1885,18,22,Örebro län,Lindesbergs Mellersta
18850209,1885,18,22,Örebro län,Vedevåg
18850210,1885,18,22,Örebro län,Lindesbergs Västra
18850212,1885,18,22,Örebro län,Lindesbergs Sydöstra
18850216,1885,18,22,Örebro län,Lindesbergs Nordöstra
18850302,1885,18,22,Örebro län,Guldsmedshyttan
18850305,1885,18,22,Örebro län,Storå
18850413,1885,18,22,Örebro län,Frövi Västra
18850414,1885,18,22,Örebro län,Frövi Östra
18850518,1885,18,22,Örebro län,Fellingsbro Västra
18850519,1885,18,22,Örebro län,Fellingsbro Östra
18850522,1885,18,22,Örebro län,Rockhammar
18850728,1885,18,22,Örebro län,Ramshyttan
19040201,1904,19,23,Västmanlands län,Skinnskatteberg Södra
19040202,1904,19,23,Västmanlands län,Skinnskatteberg Norra
19070101,1907,19,23,Västmanlands län,Bruket och Landsbygd
19070103,1907,19,23,Västmanlands län,Stavtorpet
19070104,1907,19,23,Västmanlands län,Skogslund
19070105,1907,19,23,Västmanlands län,Dalskogen
19070207,1907,19,23,Västmanlands län,Ramnäs
19070208,1907,19,23,Västmanlands län,Virsbo
19600101,1960,19,23,Västmanlands län,Runna - Granhammar
19600102,1960,19,23,Västmanlands län,Centrum
19600103,1960,19,23,Västmanlands län,Haga - Skillinge
19600104,1960,19,23,Västmanlands län,Torpa - Malmberga
19600506,1960,19,23,Västmanlands län,Valskog - Kungs-Barkarö
19610103,1961,19,23,Västmanlands län,Nibble
19610104,1961,19,23,Västmanlands län,Fredhem
19610105,1961,19,23,Västmanlands län,Barnängen
19610106,1961,19,23,Västmanlands län,Eldsboda
19610107,1961,19,23,Västmanlands län,Tuna
19610108,1961,19,23,Västmanlands län,Näs
19610109,1961,19,23,Västmanlands län,Lövboås
19610310,1961,19,23,Västmanlands län,Tunbo
19610311,1961,19,23,Västmanlands län,Kolbäcks Centrum
19610312,1961,19,23,Västmanlands län,Strömsholm
19620101,1962,19,23,Västmanlands län,Kärrgruvan
19620103,1962,19,23,Västmanlands län,Skallberget
19620104,1962,19,23,Västmanlands län,Björkängen
19620205,1962,19,23,Västmanlands län,Karbenning
19800101,1980,19,23,Västmanlands län,101 Centrum
19800102,1980,19,23,Västmanlands län,102 Kyrkbacken
19800103,1980,19,23,Västmanlands län,103 Herrgärdet
19800104,1980,19,23,Västmanlands län,104 Kopparlunden
19800105,1980,19,23,Västmanlands län,105 Östermalm
19800106,1980,19,23,Västmanlands län,106 Östra Hamnen/Slottsträdgården
19800107,1980,19,23,Västmanlands län,107 Lillåudden
19800108,1980,19,23,Västmanlands län,108 Norrmalm/Blåsbo
19800109,1980,19,23,Västmanlands län,109 Aroslund/Iggebygärdet
19800110,1980,19,23,Västmanlands län,110 Kristiansborg/Karlsdal
19800111,1980,19,23,Västmanlands län,111 Annedal/Stallhagen
19800112,1980,19,23,Västmanlands län,112 Oxbacken C/Västermalm
19800113,1980,19,23,Västmanlands län,113 Pettersberg Ö
19800114,1980,19,23,Västmanlands län,114 Pettersberg V
19800115,1980,19,23,Västmanlands län,115 Jakobsberg
19800116,1980,19,23,Västmanlands län,116 Hammarby Stadshage
19800117,1980,19,23,Västmanlands län,117 Vetterslund
19800118,1980,19,23,Västmanlands län,118 Pettersberg S
19800119,1980,19,23,Västmanlands län,119 Mälarporten/Ängsgärdet
19800201,1980,19,23,Västmanlands län,201 Hammarby Ö
19800202,1980,19,23,Västmanlands län,202 Hammarby V
19800203,1980,19,23,Västmanlands län,203 Bäckby Ö
19800204,1980,19,23,Västmanlands län,204 Bäckby N/Hälleborg
19800205,1980,19,23,Västmanlands län,205 Bäckby V
19800206,1980,19,23,Västmanlands län,206 Bäckby C
19800207,1980,19,23,Västmanlands län,207 Bäckby S
19800208,1980,19,23,Västmanlands län,208 Skälby V
19800209,1980,19,23,Västmanlands län,209 Skälby Ö
19800210,1980,19,23,Västmanlands län,210 Stohagen/Spantgatan
19800211,1980,19,23,Västmanlands län,211 Enhagen-Ekbacken/Örtagården
19800212,1980,19,23,Västmanlands län,212 Barkarö/Tidö-Lindö
19800213,1980,19,23,Västmanlands län,213 Barkarö tätort
19800214,1980,19,23,Västmanlands län,214 Dingtuna-Lillhärad landsbygd
19800215,1980,19,23,Västmanlands län,215 Dingtuna tätort
19800216,1980,19,23,Västmanlands län,216 Kvicksund/Rytterne
19800301,1980,19,23,Västmanlands län,301 Skallberget S
19800302,1980,19,23,Västmanlands län,302 Skallberget N
19800303,1980,19,23,Västmanlands län,303 Nordanby
19800304,1980,19,23,Västmanlands län,304 Gryta NÖ
19800305,1980,19,23,Västmanlands län,305 Gryta NV
19800306,1980,19,23,Västmanlands län,306 Önsta
19800307,1980,19,23,Västmanlands län,307 Gryta SÖ
19800308,1980,19,23,Västmanlands län,308 Gryta SV
19800309,1980,19,23,Västmanlands län,309 Tunby/Vega
19800310,1980,19,23,Västmanlands län,310 Rönnby S
19800311,1980,19,23,Västmanlands län,311 Rönnby N
19800312,1980,19,23,Västmanlands län,312 Fredriksberg
19800313,1980,19,23,Västmanlands län,313 Råby S
19800314,1980,19,23,Västmanlands län,314 Råby N
19800315,1980,19,23,Västmanlands län,315 Råby Ö
19800316,1980,19,23,Västmanlands län,316 Vallby S
19800317,1980,19,23,Västmanlands län,317 Eriksborg/Hagaberg
19800318,1980,19,23,Västmanlands län,318 Brottberga/Vallby N
19800319,1980,19,23,Västmanlands län,319 Vallby C/Bjärby/Skerike
19800320,1980,19,23,Västmanlands län,320 Skultuna landsbygd
19800321,1980,19,23,Västmanlands län,321 Skultuna Ö
19800322,1980,19,23,Västmanlands län,322 Haraker Romfartuna
19800323,1980,19,23,Västmanlands län,323 Vallby C
19800324,1980,19,23,Västmanlands län,324 Skultuna V
19800401,1980,19,23,Västmanlands län,401 Emaus
19800402,1980,19,23,Västmanlands län,402 Bergslagsparken
19800403,1980,19,23,Västmanlands län,403 Gideonsberg
19800404,1980,19,23,Västmanlands län,404 Skälängen
19800405,1980,19,23,Västmanlands län,405 Nordanby gärde
19800406,1980,19,23,Västmanlands län,406 Sandgärdet
19800407,1980,19,23,Västmanlands län,407 Haga
19800408,1980,19,23,Västmanlands län,408 Skjutbanegatan
19800409,1980,19,23,Västmanlands län,409 Hemdal
19800410,1980,19,23,Västmanlands län,410 Malmaberg S
19800411,1980,19,23,Västmanlands län,411 Malmaberg N
19800412,1980,19,23,Västmanlands län,412 Klockartorp
19800413,1980,19,23,Västmanlands län,413 Skiljebo S
19800414,1980,19,23,Västmanlands län,414 Skiljebo N
19800415,1980,19,23,Västmanlands län,415 Odensviplatsen
19800416,1980,19,23,Västmanlands län,416 Brandthovda
19800417,1980,19,23,Västmanlands län,417 Bjurhovda SV
19800418,1980,19,23,Västmanlands län,418 Bjurhovda SO
19800419,1980,19,23,Västmanlands län,419 Bjurhovda N/Badelunda
19800420,1980,19,23,Västmanlands län,420 Hökåsen/Tillberga landsbygd
19800421,1980,19,23,Västmanlands län,421 Hökåsen tätort
19800422,1980,19,23,Västmanlands län,422 Tillberga tätort
19800423,1980,19,23,Västmanlands län,423 Tortuna/Sevalla
19800501,1980,19,23,Västmanlands län,501 Viksäng V/Ängsgärdet
19800502,1980,19,23,Västmanlands län,502 Viksäng/Stenhagen
19800503,1980,19,23,Västmanlands län,503 Viksäng Ö
19800504,1980,19,23,Västmanlands län,504 Talltorp/Lillhamra
19800505,1980,19,23,Västmanlands län,505 Notudden
19800506,1980,19,23,Västmanlands län,506 Mälarparken
19800507,1980,19,23,Västmanlands län,507 Framnäs/Öster Mälarstrand
19800508,1980,19,23,Västmanlands län,508 Berghamra/Hamre
19800509,1980,19,23,Västmanlands län,509 Gäddeholm
19800510,1980,19,23,Västmanlands län,510 Irsta S
19800511,1980,19,23,Västmanlands län,511 Irsta N
19800512,1980,19,23,Västmanlands län,512 Björksta/Kungsåra/Ängsö
19800513,1980,19,23,Västmanlands län,513 Öster Mälarstrand V
19800514,1980,19,23,Västmanlands län,514 Kärrbolandet
19800515,1980,19,23,Västmanlands län,515 Öster Mälarstrand Ö
19800516,1980,19,23,Västmanlands län,516 Förseglet
19810101,1981,19,23,Västmanlands län,Centrum
19810102,1981,19,23,Västmanlands län,Åkra
19810103,1981,19,23,Västmanlands län,"Jakobsberg, Bryggeriet, Turbo m.fl"
19810104,1981,19,23,Västmanlands län,Kungsängen-Valla-Vasastaden
19810105,1981,19,23,Västmanlands län,Sala Norra
19810106,1981,19,23,Västmanlands län,Sala Östra
19810107,1981,19,23,Västmanlands län,Sala Södra
19810108,1981,19,23,Västmanlands län,"Dalhem, Gärdesta, Hagaberg m.fl."
19810210,1981,19,23,Västmanlands län,Västerfärnebo - Västerbykil
19810312,1981,19,23,Västmanlands län,Kila - Fläckebo
19810514,1981,19,23,Västmanlands län,Kumla-Ransta-Tärna
19810818,1981,19,23,Västmanlands län,Möklinta
19820101,1982,19,23,Västmanlands län,Kolarbyn
19820102,1982,19,23,Västmanlands län,Centrum
19820103,1982,19,23,Västmanlands län,Risbron
19820104,1982,19,23,Västmanlands län,Västanfors
19820106,1982,19,23,Västmanlands län,Per Ols
19820108,1982,19,23,Västmanlands län,Meling
19820207,1982,19,23,Västmanlands län,Åvestbo-Västervåla
19830101,1983,19,23,Västmanlands län,Byjorden-Odensvi
19830102,1983,19,23,Västmanlands län,Karlsdal
19830103,1983,19,23,Västmanlands län,Tunadal
19830104,1983,19,23,Västmanlands län,Karlberg
19830105,1983,19,23,Västmanlands län,Skogsborg
19830106,1983,19,23,Västmanlands län,Nyckelberget
19830107,1983,19,23,Västmanlands län,Elund-Ållesta
19830108,1983,19,23,Västmanlands län,Östanås
19830109,1983,19,23,Västmanlands län,Ullvi
19830110,1983,19,23,Västmanlands län,Nygård-Skogsbrynet
19830111,1983,19,23,Västmanlands län,Hästhagen-Skogshöjden-Himmeta-Bro
19830422,1983,19,23,Västmanlands län,Kolsva Ö
19830423,1983,19,23,Västmanlands län,Kolsva V
19830625,1983,19,23,Västmanlands län,Munktorp
19840101,1984,19,23,Västmanlands län,Ladubacksgärdena-N Skogen
19840102,1984,19,23,Västmanlands län,Prästgärdet
19840103,1984,19,23,Västmanlands län,Sturestaden-Nästkvarn
19840104,1984,19,23,Västmanlands län,Ringsborg-Strömsborg
19840106,1984,19,23,Västmanlands län,Herrängen-Ekbacken-Södra Landsförsam
19840107,1984,19,23,Västmanlands län,Brattberget-Strömsnäs
19840208,1984,19,23,Västmanlands län,Norra Landsförsam-Vasastaden-Medåker
19840309,1984,19,23,Västmanlands län,Götlunda
20210101,2021,20,24,Dalarnas län,Vansbro
20210103,2021,20,24,Dalarnas län,Järna
20210301,2021,20,24,Dalarnas län,Nås
20210401,2021,20,24,Dalarnas län,Äppelbo
20230203,2023,20,24,Dalarnas län,Malung södra
20230205,2023,20,24,Dalarnas län,Malung västra
20230206,2023,20,24,Dalarnas län,Malung norra
20230301,2023,20,24,Dalarnas län,Lima
20230502,2023,20,24,Dalarnas län,Transtrand
20260105,2026,20,24,Dalarnas län,Mockfjärd
20260201,2026,20,24,Dalarnas län,Gagnef
20260202,2026,20,24,Dalarnas län,Djurås
20260203,2026,20,24,Dalarnas län,Bäsna
20260204,2026,20,24,Dalarnas län,Djurmo
20260301,2026,20,24,Dalarnas län,Floda
20260302,2026,20,24,Dalarnas län,Björbo
20290102,2029,20,24,Dalarnas län,Edshult - Åkerö - Övermo mfl
20290103,2029,20,24,Dalarnas län,Häradsbygden - Heden - Djura mfl
20290104,2029,20,24,Dalarnas län,Leksandsnoret
20290106,2029,20,24,Dalarnas län,Leksand Ö
20290108,2029,20,24,Dalarnas län,Tällberg mfl
20290110,2029,20,24,Dalarnas län,Leksand V
20290301,2029,20,24,Dalarnas län,Insjön Ö
20290311,2029,20,24,Dalarnas län,Insjön V - Ål-Kilen
20290401,2029,20,24,Dalarnas län,Siljansnäs
20310101,2031,20,24,Dalarnas län,Rättvik C
20310102,2031,20,24,Dalarnas län,Rättvik S
20310104,2031,20,24,Dalarnas län,Vikarbyn
20310105,2031,20,24,Dalarnas län,Boda-Gärdsjö
20310106,2031,20,24,Dalarnas län,Rättvik V
20310401,2031,20,24,Dalarnas län,Ore
20340201,2034,20,24,Dalarnas län,Orsa Mellersta
20340202,2034,20,24,Dalarnas län,Skattungbyn-Kallmora
20340203,2034,20,24,Dalarnas län,Orsa Södra
20340204,2034,20,24,Dalarnas län,Orsa Västra
20340206,2034,20,24,Dalarnas län,Orsa Östra
20390206,2039,20,24,Dalarnas län,Kyrkbyn
20390209,2039,20,24,Dalarnas län,Rot
20390210,2039,20,24,Dalarnas län,Väster-Myckeläng
20390211,2039,20,24,Dalarnas län,Åsen
20390401,2039,20,24,Dalarnas län,Särna
20390501,2039,20,24,Dalarnas län,Idre
20610101,2061,20,24,Dalarnas län,Morgårdshammar-Gubbo
20610103,2061,20,24,Dalarnas län,Hagge-Harnäs m.fl.
20610105,2061,20,24,Dalarnas län,Smedjebacken N
20610106,2061,20,24,Dalarnas län,Smedjebacken S
20610108,2061,20,24,Dalarnas län,Smedjebacken C
20610201,2061,20,24,Dalarnas län,Söderbärke-Malingsbo
20610205,2061,20,24,Dalarnas län,Sörbo-Vad
20620103,2062,20,24,Dalarnas län,Färnäs-Nusnäs-Garsås
20620107,2062,20,24,Dalarnas län,Noret Norra-Bergkarlås
20620110,2062,20,24,Dalarnas län,Stranden
20620111,2062,20,24,Dalarnas län,Vika-Venjan-Selbäck
20620114,2062,20,24,Dalarnas län,Morkarlby
20620115,2062,20,24,Dalarnas län,Noret Södra
20620116,2062,20,24,Dalarnas län,Öna-Kråkberg
20620117,2062,20,24,Dalarnas län,Utmeland-Hånåkni
20620118,2062,20,24,Dalarnas län,Klockarhagen
20620201,2062,20,24,Dalarnas län,Våmhus-Bonäs
20620202,2062,20,24,Dalarnas län,Östnor-Hemus-Långlet-Oxberg
20620301,2062,20,24,Dalarnas län,Sollerö-Isunda
20800101,2080,20,24,Dalarnas län,Källviken och V Främby
20800102,2080,20,24,Dalarnas län,Kvarnberget och Ö Främby
20800103,2080,20,24,Dalarnas län,Elsborg
20800104,2080,20,24,Dalarnas län,Hyttgården
20800105,2080,20,24,Dalarnas län,Kämparvet
20800106,2080,20,24,Dalarnas län,Nedre Norslund
20800107,2080,20,24,Dalarnas län,Övre Norslund
20800109,2080,20,24,Dalarnas län,Hälsingberg
20800110,2080,20,24,Dalarnas län,Gruvriset
20800111,2080,20,24,Dalarnas län,Kristine
20800112,2080,20,24,Dalarnas län,Pilbo-Samuelsdal
20800210,2080,20,24,Dalarnas län,Grycksbo
20800301,2080,20,24,Dalarnas län,Gruvan
20800303,2080,20,24,Dalarnas län,Herrhagen
20800304,2080,20,24,Dalarnas län,Ångbryggeriet
20800306,2080,20,24,Dalarnas län,Bojsenburg
20800307,2080,20,24,Dalarnas län,Kyrkbacken
20800308,2080,20,24,Dalarnas län,Lugnet
20800309,2080,20,24,Dalarnas län,Slätta
20800311,2080,20,24,Dalarnas län,Östanfors
20800401,2080,20,24,Dalarnas län,Aspeboda
20800501,2080,20,24,Dalarnas län,Vika
20800601,2080,20,24,Dalarnas län,Hosjö Näs
20800602,2080,20,24,Dalarnas län,Hosjö Sandviken
20800701,2080,20,24,Dalarnas län,Sundbornsbyn
20800702,2080,20,24,Dalarnas län,Danholn och Karlsbyheden
20800801,2080,20,24,Dalarnas län,Linghed
20800802,2080,20,24,Dalarnas län,Boda och Toftbyn
20800803,2080,20,24,Dalarnas län,Borgärdet och Lumsheden
20800935,2080,20,24,Dalarnas län,Haraldsbo
20800980,2080,20,24,Dalarnas län,Hälsinggården
20801001,2080,20,24,Dalarnas län,Enviken
20801060,2080,20,24,Dalarnas län,Britsarvet
20801101,2080,20,24,Dalarnas län,Bjursås Ö och Sågmyra
20801102,2080,20,24,Dalarnas län,Bjursås V
20801138,2080,20,24,Dalarnas län,Karlberg
20801140,2080,20,24,Dalarnas län,Stenslund
20801154,2080,20,24,Dalarnas län,Varpan
20810101,2081,20,24,Dalarnas län,Bergslagsbyn
20810103,2081,20,24,Dalarnas län,Bullermyren
20810105,2081,20,24,Dalarnas län,Hagalund N
20810107,2081,20,24,Dalarnas län,Hagalund V
20810109,2081,20,24,Dalarnas län,Hagalund Ö - Ringen
20810111,2081,20,24,Dalarnas län,Jakobsgårdarna
20810113,2081,20,24,Dalarnas län,Kvarnsveden V
20810114,2081,20,24,Dalarnas län,Kvarnsveden Södra
20810115,2081,20,24,Dalarnas län,Kvarnsveden Ö
20810117,2081,20,24,Dalarnas län,Mats Knuts - Nygårdarna
20810119,2081,20,24,Dalarnas län,Norr Amsberg
20810121,2081,20,24,Dalarnas län,Skräddarbacken
20810123,2081,20,24,Dalarnas län,Tjärna Ängar - Paradiset
20810124,2081,20,24,Dalarnas län,Tjärna Allé
20810125,2081,20,24,Dalarnas län,Tjärna Ängar - Övre Tjärna
20810201,2081,20,24,Dalarnas län,Centrum - Norra
20810202,2081,20,24,Dalarnas län,Centrum - Mjälga
20810203,2081,20,24,Dalarnas län,Domnarvet V
20810205,2081,20,24,Dalarnas län,Domnarvet Ö
20810207,2081,20,24,Dalarnas län,Färjegårdarna - Årby - Hytting
20810209,2081,20,24,Dalarnas län,Gylletäppan
20810211,2081,20,24,Dalarnas län,Gylle-Åselby-Buskåker
20810213,2081,20,24,Dalarnas län,Hushagen - Forssa
20810215,2081,20,24,Dalarnas län,Kyrkbygden - Söder Tuna
20810217,2081,20,24,Dalarnas län,Ornäs
20810219,2081,20,24,Dalarnas län,Torsång
20810221,2081,20,24,Dalarnas län,Väster Tuna - Idkerberget
20810223,2081,20,24,Dalarnas län,Östermalm
20820101,2082,20,24,Dalarnas län,Säter S
20820102,2082,20,24,Dalarnas län,Säter N
20820103,2082,20,24,Dalarnas län,Säter omland
20820207,2082,20,24,Dalarnas län,Stora Skedvi
20820304,2082,20,24,Dalarnas län,Gustafs N
20820406,2082,20,24,Dalarnas län,Gustafs S
20830101,2083,20,24,Dalarnas län,Hedemora SV
20830102,2083,20,24,Dalarnas län,Hedemora NÖ
20830103,2083,20,24,Dalarnas län,Hedemora NV
20830104,2083,20,24,Dalarnas län,Hedemora SÖ
20830105,2083,20,24,Dalarnas län,Vikmanshyttan
20830307,2083,20,24,Dalarnas län,Husby
20830308,2083,20,24,Dalarnas län,Långshyttan
20840101,2084,20,24,Dalarnas län,Avesta norra-Högbo
20840102,2084,20,24,Dalarnas län,Avesta centrum
20840103,2084,20,24,Dalarnas län,Avesta västra
20840104,2084,20,24,Dalarnas län,Avesta södra
20840301,2084,20,24,Dalarnas län,Horndal
20840302,2084,20,24,Dalarnas län,By
20840401,2084,20,24,Dalarnas län,Folkärna
20840402,2084,20,24,Dalarnas län,Fors
20840403,2084,20,24,Dalarnas län,Krylbo
20840404,2084,20,24,Dalarnas län,Karlbo
20840601,2084,20,24,Dalarnas län,Skogsbo - Rutbo-Grytnäs
20840602,2084,20,24,Dalarnas län,Skogsbo - Grytnäs gärde
20850101,2085,20,24,Dalarnas län,Ludvika Ulrika
20850102,2085,20,24,Dalarnas län,Marnäs
20850103,2085,20,24,Dalarnas län,Magneten
20850104,2085,20,24,Dalarnas län,Högberget
20850105,2085,20,24,Dalarnas län,Sörvik-Håksberg
20850108,2085,20,24,Dalarnas län,Blötberget-Gonäs
20850110,2085,20,24,Dalarnas län,Lorentsberga
20850111,2085,20,24,Dalarnas län,Näset
20850113,2085,20,24,Dalarnas län,Ludvika gård
20850114,2085,20,24,Dalarnas län,Knutsbo
20850203,2085,20,24,Dalarnas län,Björkås-Stallbacken
20850204,2085,20,24,Dalarnas län,Öraberget
20850307,2085,20,24,Dalarnas län,Kyrkbyn-Nyhammar
20850311,2085,20,24,Dalarnas län,Sunnansjö-Saxdalen
20850401,2085,20,24,Dalarnas län,Fredriksberg
21010201,2101,21,25,Gävleborgs län,Ockelbo Södra
21010203,2101,21,25,Gävleborgs län,Ockelbo Byar
21010205,2101,21,25,Gävleborgs län,Ockelbo Norra
21040102,2104,21,25,Gävleborgs län,Hofors Norra
21040103,2104,21,25,Gävleborgs län,Hofors Södra
21040104,2104,21,25,Gävleborgs län,Hofors Centrum
21040105,2104,21,25,Gävleborgs län,Hofors Västra
21040201,2104,21,25,Gävleborgs län,Torsåker
21210105,2121,21,25,Gävleborgs län,Ovanåker N
21210106,2121,21,25,Gävleborgs län,Edsbyn
21210201,2121,21,25,Gävleborgs län,Ovanåker V
21210301,2121,21,25,Gävleborgs län,Alfta S
21210303,2121,21,25,Gävleborgs län,Alfta N
21320201,2132,21,25,Gävleborgs län,Harmånger-Ilsbo
21320301,2132,21,25,Gävleborgs län,Jättendal-Stocka-Strömsbruk
21320401,2132,21,25,Gävleborgs län,Gnarp
21320501,2132,21,25,Gävleborgs län,Bergsjö
21320601,2132,21,25,Gävleborgs län,Hassela-Älgered
21610101,2161,21,25,Gävleborgs län,Ljusdal CV
21610102,2161,21,25,Gävleborgs län,Tallåsen-Ramsjö
21610104,2161,21,25,Gävleborgs län,Ljusdal CÖ
21610105,2161,21,25,Gävleborgs län,Ljusdal CS
21610106,2161,21,25,Gävleborgs län,Ljusdal CN
21610107,2161,21,25,Gävleborgs län,Ljusdal C
21610301,2161,21,25,Gävleborgs län,Korskrogen-Los
21610401,2161,21,25,Gävleborgs län,Färila
21610701,2161,21,25,Gävleborgs län,Järvsö Ö
21610702,2161,21,25,Gävleborgs län,Järvsö V
21610703,2161,21,25,Gävleborgs län,Järvsö N
21800101,2180,21,25,Gävleborgs län,Väster N
21800102,2180,21,25,Gävleborgs län,Villastaden
21800103,2180,21,25,Gävleborgs län,Väster S
21800105,2180,21,25,Gävleborgs län,Norr
21800106,2180,21,25,Gävleborgs län,Öster-Alderholmen
21800107,2180,21,25,Gävleborgs län,Söder V
21800108,2180,21,25,Gävleborgs län,Stigslund
21800109,2180,21,25,Gävleborgs län,Strömsbro
21800110,2180,21,25,Gävleborgs län,Norrlandet-Utvalnäs
21800111,2180,21,25,Gävleborgs län,Vallbacken
21800112,2180,21,25,Gävleborgs län,Lindbacka
21800113,2180,21,25,Gävleborgs län,Nordost
21800114,2180,21,25,Gävleborgs län,Gävle Strand
21800201,2180,21,25,Gävleborgs län,Söder Ö
21800202,2180,21,25,Gävleborgs län,Brynäs V
21800203,2180,21,25,Gävleborgs län,Brynäs C
21800204,2180,21,25,Gävleborgs län,Brynäs Ö
21800206,2180,21,25,Gävleborgs län,Brynäs S
21800208,2180,21,25,Gävleborgs län,Hemsta
21800213,2180,21,25,Gävleborgs län,Furuvik-Ytterharnäs
21800214,2180,21,25,Gävleborgs län,Hemlingby
21800301,2180,21,25,Gävleborgs län,Bergby-Axmar
21800302,2180,21,25,Gävleborgs län,Norrsundet-Hamrångefjärden
21800401,2180,21,25,Gävleborgs län,Hedesunda N
21800402,2180,21,25,Gävleborgs län,Hedesunda S
21800501,2180,21,25,Gävleborgs län,Hille
21800502,2180,21,25,Gävleborgs län,Åbyggeby
21800503,2180,21,25,Gävleborgs län,Björke-Trödje
21800604,2180,21,25,Gävleborgs län,Valbo C
21800605,2180,21,25,Gävleborgs län,Valbo N
21800607,2180,21,25,Gävleborgs län,Valbo V
21800608,2180,21,25,Gävleborgs län,Forsbacka
21800609,2180,21,25,Gävleborgs län,Hagaström C
21800701,2180,21,25,Gävleborgs län,Södertull
21800702,2180,21,25,Gävleborgs län,Olsbacka
21800703,2180,21,25,Gävleborgs län,Sörby
21800704,2180,21,25,Gävleborgs län,Fridhem
21800705,2180,21,25,Gävleborgs län,Andersberg C
21800706,2180,21,25,Gävleborgs län,Andersberg N
21800707,2180,21,25,Gävleborgs län,Andersberg S-Sälgsjön-Hästbo
21800801,2180,21,25,Gävleborgs län,Sätra C
21800802,2180,21,25,Gävleborgs län,Sätra NO
21800804,2180,21,25,Gävleborgs län,Sätra Ö-Gavlehov
21800805,2180,21,25,Gävleborgs län,Sätra V
21800806,2180,21,25,Gävleborgs län,Sätra NV
21800901,2180,21,25,Gävleborgs län,Bomhus V
21800902,2180,21,25,Gävleborgs län,Bomhus N
21800903,2180,21,25,Gävleborgs län,Bomhus Ö
21800904,2180,21,25,Gävleborgs län,Bomhus C
21800906,2180,21,25,Gävleborgs län,Bomhus SV
21800907,2180,21,25,Gävleborgs län,Bomhus SO
21801002,2180,21,25,Gävleborgs län,Norrtull-Lexe
21801003,2180,21,25,Gävleborgs län,Valbo Ö-Hagaström N
21810101,2181,21,25,Gävleborgs län,Sandviken Norra
21810102,2181,21,25,Gävleborgs län,Jäderfors-Norrsätra
21810103,2181,21,25,Gävleborgs län,Murgården
21810104,2181,21,25,Gävleborgs län,Sandbacka
21810105,2181,21,25,Gävleborgs län,Barrsätra
21810106,2181,21,25,Gävleborgs län,Sandviken Centrum
21810109,2181,21,25,Gävleborgs län,Jernvallen Norra
21810110,2181,21,25,Gävleborgs län,Jernvallen Södra
21810113,2181,21,25,Gävleborgs län,Björksätra
21810115,2181,21,25,Gävleborgs län,Vallhov
21810202,2181,21,25,Gävleborgs län,Kungsgården-Åshammar
21810204,2181,21,25,Gävleborgs län,Säljan
21810205,2181,21,25,Gävleborgs län,Storvik Norra
21810206,2181,21,25,Gävleborgs län,Gästrike-Hammarby-Storvik Södra
21810301,2181,21,25,Gävleborgs län,Järbo
21810401,2181,21,25,Gävleborgs län,Årsunda
21810501,2181,21,25,Gävleborgs län,Österfärnebo
21810601,2181,21,25,Gävleborgs län,Stadsparken
21820101,2182,21,25,Gävleborgs län,Söderhamn Centrum-Väster
21820102,2182,21,25,Gävleborgs län,Söderhamn Norrtull-Granskär
21820103,2182,21,25,Gävleborgs län,Söderhamn Norrberget-Hägnan m fl
21820105,2182,21,25,Gävleborgs län,Söderhamn Klossdammen-Stormyran m fl
21820106,2182,21,25,Gävleborgs län,Söderhamn Öster-Broberg-Färssjön
21820107,2182,21,25,Gävleborgs län,Stugsund
21820201,2182,21,25,Gävleborgs län,Sandarne
21820401,2182,21,25,Gävleborgs län,Ljusne
21820501,2182,21,25,Gävleborgs län,Söderala
21820502,2182,21,25,Gävleborgs län,Marma-Mo
21820503,2182,21,25,Gävleborgs län,Bergvik – Skog
21820901,2182,21,25,Gävleborgs län,Vågbro
21820902,2182,21,25,Gävleborgs län,Norrala-Trönö
21830301,2183,21,25,Gävleborgs län,Bollnäs Centrum
21830302,2183,21,25,Gävleborgs län,Bollnäs-Sävsberg
21830303,2183,21,25,Gävleborgs län,Bollnäs-Granberg
21830304,2183,21,25,Gävleborgs län,Bollnäs-Gärdet
21830306,2183,21,25,Gävleborgs län,Bollnäs-Hamre
21830307,2183,21,25,Gävleborgs län,Bollnäs-Björktjära
21830308,2183,21,25,Gävleborgs län,Bollnäs-Lottefors
21830309,2183,21,25,Gävleborgs län,Bollnäs-Ren
21830310,2183,21,25,Gävleborgs län,Bollnäs-Söräng
21830311,2183,21,25,Gävleborgs län,Bollnäs-Hå
21830312,2183,21,25,Gävleborgs län,Bollnäs-Kilberg
21830401,2183,21,25,Gävleborgs län,Rengsjö
21830501,2183,21,25,Gävleborgs län,Hanebo-Segersta
21830602,2183,21,25,Gävleborgs län,Hanebo Centrum
21830902,2183,21,25,Gävleborgs län,Arbrå Centrum
21830903,2183,21,25,Gävleborgs län,Arbrå-Undersvik
21830904,2183,21,25,Gävleborgs län,Arbrå-Flästa
21840101,2184,21,25,Gävleborgs län,Öster
21840103,2184,21,25,Gävleborgs län,Kålhagen
21840104,2184,21,25,Gävleborgs län,Sandvalla-Kristineberg
21840105,2184,21,25,Gävleborgs län,Väster
21840106,2184,21,25,Gävleborgs län,Centrum
21840107,2184,21,25,Gävleborgs län,Fridhem-Åvik
21840201,2184,21,25,Gävleborgs län,Idenor-Saltvik
21840302,2184,21,25,Gävleborgs län,Björkberg-Maln-Lingarö
21840303,2184,21,25,Gävleborgs län,Håsta
21840401,2184,21,25,Gävleborgs län,Rogsta-Malsta
21840501,2184,21,25,Gävleborgs län,Njutånger
21840503,2184,21,25,Gävleborgs län,Iggesund  Norra
21840504,2184,21,25,Gävleborgs län,Iggesund Södra
21840701,2184,21,25,Gävleborgs län,Enånger
21840803,2184,21,25,Gävleborgs län,Bobygden-Kalvstigen-Långbacka
21840804,2184,21,25,Gävleborgs län,Ava-Gåsbacka-Myra
21840805,2184,21,25,Gävleborgs län,Stömne-Smedsbo-Överälve
21840901,2184,21,25,Gävleborgs län,Bjuråker-Norrbo
21840902,2184,21,25,Gävleborgs län,Svågadalen
21841101,2184,21,25,Gävleborgs län,Näsviken
21841102,2184,21,25,Gävleborgs län,Forsa
21841201,2184,21,25,Gävleborgs län,Hög-Sanna
22600201,2260,22,26,Västernorrlands län,Ånge
22600202,2260,22,26,Västernorrlands län,Ånge centrum
22600205,2260,22,26,Västernorrlands län,Borgsjö-Erikslund-Hallsta
22600306,2260,22,26,Västernorrlands län,Alby-Östavall-Överturingen
22600409,2260,22,26,Västernorrlands län,Ljungaverk
22600410,2260,22,26,Västernorrlands län,Fränsta
22600412,2260,22,26,Västernorrlands län,Torpshammar-Naggen-Munkbysjön
22620106,2262,22,26,Västernorrlands län,Bergeforsen
22620107,2262,22,26,Västernorrlands län,Sörberge
22620109,2262,22,26,Västernorrlands län,Centrum
22620110,2262,22,26,Västernorrlands län,Böle
22620114,2262,22,26,Västernorrlands län,Nyvivsta
22620116,2262,22,26,Västernorrlands län,Vivsta
22620117,2262,22,26,Västernorrlands län,Timrådalen
22620205,2262,22,26,Västernorrlands län,Ljustorp
22620302,2262,22,26,Västernorrlands län,Söråker
22620303,2262,22,26,Västernorrlands län,Ala
22620401,2262,22,26,Västernorrlands län,Tynderö
22800101,2280,22,26,Västernorrlands län,Centrum
22800102,2280,22,26,Västernorrlands län,Norrstaden
22800103,2280,22,26,Västernorrlands län,Norra Brännan
22800104,2280,22,26,Västernorrlands län,Hovsjorden
22800105,2280,22,26,Västernorrlands län,Geresta-Gånsvik
22800106,2280,22,26,Västernorrlands län,Rotudden-Gådeå
22800107,2280,22,26,Västernorrlands län,Änget-Murberget
22800108,2280,22,26,Västernorrlands län,Hälletorp-Framnäs
22800109,2280,22,26,Västernorrlands län,Kullen-Haga
22800226,2280,22,26,Västernorrlands län,Högsjö
22800323,2280,22,26,Västernorrlands län,Häggdånger
22800424,2280,22,26,Västernorrlands län,Stigsjö-Viksjö
22800620,2280,22,26,Västernorrlands län,Bondsjö-Säbrå
22800622,2280,22,26,Västernorrlands län,Älandsbro
22810106,2281,22,26,Västernorrlands län,Inre hamnen
22810107,2281,22,26,Västernorrlands län,Södermalm Ö
22810108,2281,22,26,Västernorrlands län,Södermalm N
22810109,2281,22,26,Västernorrlands län,Södermalm V
22810110,2281,22,26,Västernorrlands län,Stenstaden
22810111,2281,22,26,Västernorrlands län,Norrliden
22810112,2281,22,26,Västernorrlands län,Norrmalm
22810113,2281,22,26,Västernorrlands län,Västermalm N
22810114,2281,22,26,Västernorrlands län,Västermalm S
22810115,2281,22,26,Västernorrlands län,Sallyhill
22810116,2281,22,26,Västernorrlands län,Nacksta Ö
22810118,2281,22,26,Västernorrlands län,Nacksta V
22810119,2281,22,26,Västernorrlands län,Sidsjö-Böle
22810201,2281,22,26,Västernorrlands län,Kubikenborg
22810203,2281,22,26,Västernorrlands län,Skönsmon
22810204,2281,22,26,Västernorrlands län,Östermalm
22810330,2281,22,26,Västernorrlands län,Haga N
22810331,2281,22,26,Västernorrlands län,Haga S
22810333,2281,22,26,Västernorrlands län,Heffners
22810334,2281,22,26,Västernorrlands län,Skönsberg
22810335,2281,22,26,Västernorrlands län,Korsta
22810336,2281,22,26,Västernorrlands län,Bydalen
22810337,2281,22,26,Västernorrlands län,Bosvedjan
22810338,2281,22,26,Västernorrlands län,Bosvedjan C
22810339,2281,22,26,Västernorrlands län,Ljustadalen-Johannedal
22810340,2281,22,26,Västernorrlands län,Birsta
22810341,2281,22,26,Västernorrlands län,Finsta
22810420,2281,22,26,Västernorrlands län,Alnö S
22810421,2281,22,26,Västernorrlands län,Alnö-Vi S
22810422,2281,22,26,Västernorrlands län,Alnö-Vi N
22810423,2281,22,26,Västernorrlands län,Alnö N
22810424,2281,22,26,Västernorrlands län,Alnö Ö
22810545,2281,22,26,Västernorrlands län,Sättna
22810624,2281,22,26,Västernorrlands län,Granloholm Ö
22810625,2281,22,26,Västernorrlands län,Bergsåker V
22810626,2281,22,26,Västernorrlands län,Bergsåker Ö
22810627,2281,22,26,Västernorrlands län,Granlo S
22810628,2281,22,26,Västernorrlands län,Granlo N
22810646,2281,22,26,Västernorrlands län,Granloholm mellersta
22810647,2281,22,26,Västernorrlands län,Granloholm V
22810701,2281,22,26,Västernorrlands län,Stöde N
22810702,2281,22,26,Västernorrlands län,Stöde S
22810802,2281,22,26,Västernorrlands län,Vattjom-Ängom
22810803,2281,22,26,Västernorrlands län,Tuna V
22810804,2281,22,26,Västernorrlands län,Allsta
22810805,2281,22,26,Västernorrlands län,Matfors
22810901,2281,22,26,Västernorrlands län,Attmar
22811002,2281,22,26,Västernorrlands län,Njurunda S
22811003,2281,22,26,Västernorrlands län,Nolby
22811004,2281,22,26,Västernorrlands län,Skottsund
22811006,2281,22,26,Västernorrlands län,Svartvik
22811007,2281,22,26,Västernorrlands län,Njurundabommen
22811008,2281,22,26,Västernorrlands län,Kvissleby
22811009,2281,22,26,Västernorrlands län,Bredsand
22811010,2281,22,26,Västernorrlands län,Essvik
22811103,2281,22,26,Västernorrlands län,Indal
22811301,2281,22,26,Västernorrlands län,Liden-Holm
22820101,2282,22,26,Västernorrlands län,Björsta
22820102,2282,22,26,Västernorrlands län,Gumås
22820103,2282,22,26,Västernorrlands län,Centrum
22820105,2282,22,26,Västernorrlands län,Frånö-Lunde
22820109,2282,22,26,Västernorrlands län,Östby
22820211,2282,22,26,Västernorrlands län,Nora-Skog
22820415,2282,22,26,Västernorrlands län,Nordingrå
22820517,2282,22,26,Västernorrlands län,Docksta
22820618,2282,22,26,Västernorrlands län,Ullånger
22820719,2282,22,26,Västernorrlands län,Bjärtrå
22821125,2282,22,26,Västernorrlands län,Bollsta
22821128,2282,22,26,Västernorrlands län,Blästa
22821129,2282,22,26,Västernorrlands län,Nyland
22830111,2283,22,26,Västernorrlands län,Skärvsta
22830112,2283,22,26,Västernorrlands län,Trästa
22830113,2283,22,26,Västernorrlands län,Hullsta
22830114,2283,22,26,Västernorrlands län,Önsta
22830115,2283,22,26,Västernorrlands län,Remsle
22830116,2283,22,26,Västernorrlands län,Prästbordet
22830308,2283,22,26,Västernorrlands län,Graninge
22830406,2283,22,26,Västernorrlands län,Österforse
22830407,2283,22,26,Västernorrlands län,Långsele
22830505,2283,22,26,Västernorrlands län,Ed
22830604,2283,22,26,Västernorrlands län,Resele
22830709,2283,22,26,Västernorrlands län,Helgum
22830803,2283,22,26,Västernorrlands län,Ådalsliden
22830901,2283,22,26,Västernorrlands län,Junsele
22831121,2283,22,26,Västernorrlands län,Boteå
22831424,2283,22,26,Västernorrlands län,Edsele
22831525,2283,22,26,Västernorrlands län,Ramsele
22840101,2284,22,26,Västernorrlands län,Centrum
22840102,2284,22,26,Västernorrlands län,Östra
22840103,2284,22,26,Västernorrlands län,Övre
22840105,2284,22,26,Västernorrlands län,Sjukhuset
22840106,2284,22,26,Västernorrlands län,Åsdalen
22840107,2284,22,26,Västernorrlands län,Skyttis
22840108,2284,22,26,Västernorrlands län,Valhalla
22840201,2284,22,26,Västernorrlands län,Arnäsvall
22840202,2284,22,26,Västernorrlands län,Bonäset
22840205,2284,22,26,Västernorrlands län,Gimåt-Högland
22840206,2284,22,26,Västernorrlands län,Järved
22840207,2284,22,26,Västernorrlands län,Svartby-Brösta
22840208,2284,22,26,Västernorrlands län,Idbyn-Ovansjö
22840401,2284,22,26,Västernorrlands län,Mellansel
22840402,2284,22,26,Västernorrlands län,Bredbyn-Sörflärke
22840403,2284,22,26,Västernorrlands län,Norrflärke-Solberg
22840501,2284,22,26,Västernorrlands län,Sidensjö-Skorped
22840701,2284,22,26,Västernorrlands län,Bjästa
22840702,2284,22,26,Västernorrlands län,Nätra-Landsbygd
22840704,2284,22,26,Västernorrlands län,Köpmanholmen
22840801,2284,22,26,Västernorrlands län,Billsta
22840802,2284,22,26,Västernorrlands län,Domsjö Södra
22840803,2284,22,26,Västernorrlands län,Domsjö Västra
22840804,2284,22,26,Västernorrlands län,Gene
22840806,2284,22,26,Västernorrlands län,Haffsta
22840807,2284,22,26,Västernorrlands län,Hörnett
22840809,2284,22,26,Västernorrlands län,Kroksta
22840812,2284,22,26,Västernorrlands län,Norrlungånger
22840813,2284,22,26,Västernorrlands län,Prästbordet
22840814,2284,22,26,Västernorrlands län,Sund
22840815,2284,22,26,Västernorrlands län,Gullänget
22840818,2284,22,26,Västernorrlands län,Översjäla
22840901,2284,22,26,Västernorrlands län,Mo
22841001,2284,22,26,Västernorrlands län,Grundsunda Södra
22841002,2284,22,26,Västernorrlands län,Grundsunda Norra
22841003,2284,22,26,Västernorrlands län,Husum
22841101,2284,22,26,Västernorrlands län,Gideå
22841201,2284,22,26,Västernorrlands län,Björna Södra
22841202,2284,22,26,Västernorrlands län,Björna Norra-Trehörningsjö
23030101,2303,23,27,Jämtlands län,Döviken
23030103,2303,23,27,Jämtlands län,Hammaren
23030205,2303,23,27,Jämtlands län,Fors
23030409,2303,23,27,Jämtlands län,Stugubyn
23050101,2305,23,27,Jämtlands län,Bräcke-Bodsjö
23050404,2305,23,27,Jämtlands län,Kälarne
23050612,2305,23,27,Jämtlands län,Gällö-Sundsjö-Pilgrimstad
23090101,2309,23,27,Jämtlands län,Krokom
23090102,2309,23,27,Jämtlands län,Rödöbygden
23090103,2309,23,27,Jämtlands län,Dvärsätt
23090206,2309,23,27,Jämtlands län,Nälden
23090305,2309,23,27,Jämtlands län,Aspås
23090408,2309,23,27,Jämtlands län,Ås Södra
23090409,2309,23,27,Jämtlands län,Ås Norra
23090611,2309,23,27,Jämtlands län,Föllingebygden
23090815,2309,23,27,Jämtlands län,Offerdalsbygden
23091017,2309,23,27,Jämtlands län,Alsenbygden
23130101,2313,23,27,Jämtlands län,Östra Bredgård
23130102,2313,23,27,Jämtlands län,Strömsund
23130103,2313,23,27,Jämtlands län,Västra Bredgård
23130418,2313,23,27,Jämtlands län,Hammerdal
23130528,2313,23,27,Jämtlands län,Gäddede
23130632,2313,23,27,Jämtlands län,Backe-Rossön
23130835,2313,23,27,Jämtlands län,Hoting-Kyrktåsjö-Norråker
23210101,2321,23,27,Jämtlands län,Duved Tegefors
23210102,2321,23,27,Jämtlands län,Duved Västra
23210106,2321,23,27,Jämtlands län,Åre Östra
23210107,2321,23,27,Jämtlands län,Åre Västra
23210207,2321,23,27,Jämtlands län,Mattmar
23210308,2321,23,27,Jämtlands län,Mörsil
23210410,2321,23,27,Jämtlands län,Kall
23210513,2321,23,27,Jämtlands län,Järpen
23210514,2321,23,27,Jämtlands län,Undersåker
23210616,2321,23,27,Jämtlands län,Hallen-Marby
23260102,2326,23,27,Jämtlands län,Svenstavik-Vigge-Gillhov
23260207,2326,23,27,Jämtlands län,Hackås
23260308,2326,23,27,Jämtlands län,Oviksbygden
23260614,2326,23,27,Jämtlands län,Storsjö-Åsarna
23260817,2326,23,27,Jämtlands län,Klövsjö-Rätan
23610101,2361,23,27,Jämtlands län,Sveg-Glöte
23610102,2361,23,27,Jämtlands län,Sveg-Ytterhogdal
23610119,2361,23,27,Jämtlands län,Lillhärdal-Ängersjö
23610509,2361,23,27,Jämtlands län,Hede-Vemdalen
23610712,2361,23,27,Jämtlands län,Funäsdalen
23800101,2380,23,27,Jämtlands län,Sjukhusområdet
23800102,2380,23,27,Jämtlands län,Östersund övre centrum
23800103,2380,23,27,Jämtlands län,Östersund nedre centrum
23800104,2380,23,27,Jämtlands län,Universitetet
23800105,2380,23,27,Jämtlands län,Norra Odenslund
23800106,2380,23,27,Jämtlands län,Söder
23800107,2380,23,27,Jämtlands län,Erikslund-Övre Blomängen
23800108,2380,23,27,Jämtlands län,Karlslund
23800109,2380,23,27,Jämtlands län,Eriksberg-Solliden-Fyrvalla
23800110,2380,23,27,Jämtlands län,Brittsbo-Lugnviksstrand
23800111,2380,23,27,Jämtlands län,Körfältet
23800112,2380,23,27,Jämtlands län,Nedre Blomängen
23800113,2380,23,27,Jämtlands län,Södra Odenslund
23800114,2380,23,27,Jämtlands län,Storsjöstrand-Odensvik-Fagervallen
23800115,2380,23,27,Jämtlands län,Marielund-Odenskog
23800116,2380,23,27,Jämtlands län,Odensala Tavelbäcken
23800118,2380,23,27,Jämtlands län,Odensala Övre
23800119,2380,23,27,Jämtlands län,Odensala Nedre
23800120,2380,23,27,Jämtlands län,Lugnviks Centrum
23800121,2380,23,27,Jämtlands län,Norr
23800225,2380,23,27,Jämtlands län,Hornsberg Nedre
23800226,2380,23,27,Jämtlands län,Hornsberg Övre
23800227,2380,23,27,Jämtlands län,Östberg
23800228,2380,23,27,Jämtlands län,Frösödal
23800229,2380,23,27,Jämtlands län,Norra Frösön-Lövsta
23800230,2380,23,27,Jämtlands län,Västra Frösön
23800232,2380,23,27,Jämtlands län,Södra Valla-Mjälle
23800538,2380,23,27,Jämtlands län,Fåker-Tandsbyn med landsbygd
23800639,2380,23,27,Jämtlands län,Marieby med landsbygd
23800640,2380,23,27,Jämtlands län,Orrviken med landsbygd
23800740,2380,23,27,Jämtlands län,Brunflo Södergård
23800741,2380,23,27,Jämtlands län,Brunflo Storviken
23800743,2380,23,27,Jämtlands län,Brunflo Änge
23800749,2380,23,27,Jämtlands län,Torvalla Fjällmon
23800751,2380,23,27,Jämtlands län,Torvalla Centrum
23800752,2380,23,27,Jämtlands län,Torvalla Skogsmon
23800753,2380,23,27,Jämtlands län,Torvalla Ängsmon
23800754,2380,23,27,Jämtlands län,Torvalla By-Ope
23800945,2380,23,27,Jämtlands län,Centrala Lit
23800946,2380,23,27,Jämtlands län,Lit med landsbygd
23801047,2380,23,27,Jämtlands län,Häggenås med landsbygd
24010206,2401,24,28,Västerbottens län,Gräsmyr
24010208,2401,24,28,Västerbottens län,Håknäs
24010212,2401,24,28,Västerbottens län,Levar
24010214,2401,24,28,Västerbottens län,Lögdeå-Rundvik
24010216,2401,24,28,Västerbottens län,Norrfors
24010224,2401,24,28,Västerbottens län,Vallen
24030104,2403,24,28,Västerbottens län,Bjurholm
24040103,2404,24,28,Västerbottens län,Vindelns västra
24040104,2404,24,28,Västerbottens län,Vindelns östra
24040107,2404,24,28,Västerbottens län,Hällnäs
24040120,2404,24,28,Västerbottens län,Tvärålund
24090101,2409,24,28,Västerbottens län,Bygdeå
24090112,2409,24,28,Västerbottens län,Överklinten
24090306,2409,24,28,Västerbottens län,Robertsfors
24090406,2409,24,28,Västerbottens län,Nysätra-Ånäset
24170204,2417,24,28,Västerbottens län,Norsjö Norra
24170207,2417,24,28,Västerbottens län,Norsjö Södra
24180102,2418,24,28,Västerbottens län,Malå 1
24180103,2418,24,28,Västerbottens län,Malå 2
24210122,2421,24,28,Västerbottens län,Storuman Östra
24210124,2421,24,28,Västerbottens län,Storuman Luspen
24210314,2421,24,28,Västerbottens län,Storuman Västra
24220100,2422,24,28,Västerbottens län,Sorsele
24250104,2425,24,28,Västerbottens län,Dorotea
24601001,2460,24,28,Västerbottens län,Västra byarna-Älvdala
24601002,2460,24,28,Västerbottens län,Lägret-Nyby
24601003,2460,24,28,Västerbottens län,Myran-Centrum
24601004,2460,24,28,Västerbottens län,Vännäsby
24601005,2460,24,28,Västerbottens län,Östra byarna
24620101,2462,24,28,Västerbottens län,Baksjönäs
24620105,2462,24,28,Västerbottens län,Dikanäs
24620110,2462,24,28,Västerbottens län,Latikberg
24620113,2462,24,28,Västerbottens län,Lövliden
24620116,2462,24,28,Västerbottens län,Nästansjö
24620118,2462,24,28,Västerbottens län,Vilhelmina-Saxnäs
24620120,2462,24,28,Västerbottens län,Skansholm
24620126,2462,24,28,Västerbottens län,Vilhelmina
24630121,2463,24,28,Västerbottens län,Åsele C
24630123,2463,24,28,Västerbottens län,Åsele omland
24800101,2480,24,28,Västerbottens län,Berghem Norra
24800102,2480,24,28,Västerbottens län,Berghem Södra
24800103,2480,24,28,Västerbottens län,Sandabrånet
24800104,2480,24,28,Västerbottens län,Sandbacka
24800105,2480,24,28,Västerbottens län,Haga Norra
24800106,2480,24,28,Västerbottens län,Haga Södra
24800107,2480,24,28,Västerbottens län,Centrum Västra
24800108,2480,24,28,Västerbottens län,Ytterhiske
24800109,2480,24,28,Västerbottens län,Centrum
24800110,2480,24,28,Västerbottens län,Centrum Östra
24800111,2480,24,28,Västerbottens län,Östermalm - Fridhem
24800112,2480,24,28,Västerbottens län,Västerslätt
24800114,2480,24,28,Västerbottens län,Ersmark
24800115,2480,24,28,Västerbottens län,Ersboda Östra
24800116,2480,24,28,Västerbottens län,Ersboda Västra
24800117,2480,24,28,Västerbottens län,Ersboda Mellan
24800119,2480,24,28,Västerbottens län,Dragonfältet
24800120,2480,24,28,Västerbottens län,Öbackastrand
24800121,2480,24,28,Västerbottens län,Ersboda Norra
24800122,2480,24,28,Västerbottens län,Haga Östra
24800123,2480,24,28,Västerbottens län,Brinkvägen
24800124,2480,24,28,Västerbottens län,Öbacka - Rosendal
24800220,2480,24,28,Västerbottens län,Grubbe Södra
24800221,2480,24,28,Västerbottens län,Grubbe Norra
24800222,2480,24,28,Västerbottens län,Kronoparken
24800223,2480,24,28,Västerbottens län,Backen
24800224,2480,24,28,Västerbottens län,Umedalen Östra
24800225,2480,24,28,Västerbottens län,Brännland
24800226,2480,24,28,Västerbottens län,Hissjö
24800227,2480,24,28,Västerbottens län,Umedalen Västra
24800228,2480,24,28,Västerbottens län,Sandåkern
24800229,2480,24,28,Västerbottens län,Brattby – Sörfors – Överboda
24800330,2480,24,28,Västerbottens län,Tavelsjö Södra
24800331,2480,24,28,Västerbottens län,Tavelsjö Norra
24800440,2480,24,28,Västerbottens län,Östteg
24800441,2480,24,28,Västerbottens län,Västteg
24800442,2480,24,28,Västerbottens län,Böleå
24800443,2480,24,28,Västerbottens län,Böleäng Östra
24800444,2480,24,28,Västerbottens län,Röbäck Östra - Klabböle
24800445,2480,24,28,Västerbottens län,Stöcke
24800446,2480,24,28,Västerbottens län,Böleäng Västra
24800447,2480,24,28,Västerbottens län,Yttersjö
24800448,2480,24,28,Västerbottens län,Södra Teg
24800449,2480,24,28,Västerbottens län,Röbäck Västra - Skravelsjö
24800450,2480,24,28,Västerbottens län,Stöcksjö - Degernäs
24800535,2480,24,28,Västerbottens län,Ålidhem Östra
24800536,2480,24,28,Västerbottens län,Innertavle
24800538,2480,24,28,Västerbottens län,Tomtebo
24800549,2480,24,28,Västerbottens län,Universitetsområdet
24800550,2480,24,28,Västerbottens län,Sofiehem
24800551,2480,24,28,Västerbottens län,Ålidhem Västra
24800552,2480,24,28,Västerbottens län,Ålidhem Södra
24800553,2480,24,28,Västerbottens län,Carlshem Västra
24800554,2480,24,28,Västerbottens län,Carlshem Östra
24800555,2480,24,28,Västerbottens län,Universitetsområdet Östra
24800556,2480,24,28,Västerbottens län,Tomtebo Södra
24800557,2480,24,28,Västerbottens län,Tomtebo Norra
24800558,2480,24,28,Västerbottens län,Ålidbacken
24800559,2480,24,28,Västerbottens län,Tavleliden – Tomtebo gård
24800660,2480,24,28,Västerbottens län,Holmsund Östra
24800661,2480,24,28,Västerbottens län,Holmsund Västra
24800662,2480,24,28,Västerbottens län,Holmsund Södra
24800663,2480,24,28,Västerbottens län,Obbola Norra
24800664,2480,24,28,Västerbottens län,Obbola Södra
24800770,2480,24,28,Västerbottens län,Hörnefors Östra
24800771,2480,24,28,Västerbottens län,Hörnefors Västra
24800772,2480,24,28,Västerbottens län,Sörmjöle - Norrmjöle
24800990,2480,24,28,Västerbottens län,Bullmark
24800991,2480,24,28,Västerbottens län,Sävar Östra
24800992,2480,24,28,Västerbottens län,Sävar Västra
24800993,2480,24,28,Västerbottens län,Täfteå
24801137,2480,24,28,Västerbottens län,Nydalahöjd
24801155,2480,24,28,Västerbottens län,Mariehem
24801157,2480,24,28,Västerbottens län,Mariehemshöjd
24801158,2480,24,28,Västerbottens län,Mariedal
24801159,2480,24,28,Västerbottens län,Marieberg
24801160,2480,24,28,Västerbottens län,Mariestrand
24801161,2480,24,28,Västerbottens län,Olovsdal
24810101,2481,24,28,Västerbottens län,Lycksele
24810102,2481,24,28,Västerbottens län,Södermalm
24810103,2481,24,28,Västerbottens län,Norrmalm
24810104,2481,24,28,Västerbottens län,Villaryd
24810105,2481,24,28,Västerbottens län,Forsdala
24810113,2481,24,28,Västerbottens län,Kattisavan
24810114,2481,24,28,Västerbottens län,Knaften
24810305,2481,24,28,Västerbottens län,Björksele
24820101,2482,24,28,Västerbottens län,Centrum Ö
24820102,2482,24,28,Västerbottens län,Centrum S
24820103,2482,24,28,Västerbottens län,Norrhammar
24820104,2482,24,28,Västerbottens län,Erikslid
24820105,2482,24,28,Västerbottens län,Älvsbacka V
24820106,2482,24,28,Västerbottens län,Älvsbacka Ö
24820107,2482,24,28,Västerbottens län,Getberget
24820108,2482,24,28,Västerbottens län,Alhem-Norvalla
24820109,2482,24,28,Västerbottens län,Morön-Hedensbyn
24820110,2482,24,28,Västerbottens län,Moröhöjden
24820111,2482,24,28,Västerbottens län,Morö backe V
24820112,2482,24,28,Västerbottens län,Morö backe C
24820113,2482,24,28,Västerbottens län,Morö backe Ö
24820114,2482,24,28,Västerbottens län,Bergsbyn
24820115,2482,24,28,Västerbottens län,Centrum V
24820116,2482,24,28,Västerbottens län,Klockarberget
24820201,2482,24,28,Västerbottens län,Inre Ursviken
24820202,2482,24,28,Västerbottens län,Yttre Ursviken
24820204,2482,24,28,Västerbottens län,Skelleftehamn V
24820205,2482,24,28,Västerbottens län,Skelleftehamn Ö
24820206,2482,24,28,Västerbottens län,Furunäs
24820301,2482,24,28,Västerbottens län,Bureå N
24820302,2482,24,28,Västerbottens län,Bureå S
24820303,2482,24,28,Västerbottens län,Hjoggböle
24820401,2482,24,28,Västerbottens län,Prästbordet
24820402,2482,24,28,Västerbottens län,Brännan-Mobacken
24820403,2482,24,28,Västerbottens län,Sjungande dalen
24820404,2482,24,28,Västerbottens län,Sunnanå S
24820405,2482,24,28,Västerbottens län,Sunnanå Ö
24820406,2482,24,28,Västerbottens län,Sörböle
24820407,2482,24,28,Västerbottens län,Anderstorp N
24820408,2482,24,28,Västerbottens län,Anderstorp S
24820409,2482,24,28,Västerbottens län,Anderstorp Ö
24820410,2482,24,28,Västerbottens län,Stackgrönnan-Örviken
24820411,2482,24,28,Västerbottens län,Skråmträsk-Klutmark
24820412,2482,24,28,Västerbottens län,Myckle-Medle
24820413,2482,24,28,Västerbottens län,Stämningsgården
24820414,2482,24,28,Västerbottens län,Sunnanå V
24820501,2482,24,28,Västerbottens län,Boliden
24820601,2482,24,28,Västerbottens län,Kåge N
24820602,2482,24,28,Västerbottens län,Kåge S
24820603,2482,24,28,Västerbottens län,Kågedalen
24820701,2482,24,28,Västerbottens län,Byske C
24820702,2482,24,28,Västerbottens län,Byske-Fällfors
24820703,2482,24,28,Västerbottens län,Drängsmark-Ostvik
24820901,2482,24,28,Västerbottens län,Jörn
24821001,2482,24,28,Västerbottens län,Lövånger
24821101,2482,24,28,Västerbottens län,Burträsk C
24821102,2482,24,28,Västerbottens län,Burträsk V
24821103,2482,24,28,Västerbottens län,Burträsk Ö
25050001,2505,25,29,Norrbottens län,Arvidsjaur Norra
25050002,2505,25,29,Norrbottens län,Arvidsjaur Östra
25050003,2505,25,29,Norrbottens län,Arvidsjaur Västra
25060203,2506,25,29,Norrbottens län,Arjeplog
25100202,2510,25,29,Norrbottens län,Jokkmokks Östra
25100217,2510,25,29,Norrbottens län,Jokkmokks Västra
25100409,2510,25,29,Norrbottens län,Porjus
25100516,2510,25,29,Norrbottens län,Vuollerim
25130001,2513,25,29,Norrbottens län,Överkalix övre
25130002,2513,25,29,Norrbottens län,Överkalix nedre
25140103,2514,25,29,Norrbottens län,Gammelgården-Morjärv
25140105,2514,25,29,Norrbottens län,Innanbäcken
25140106,2514,25,29,Norrbottens län,Kalix V
25140107,2514,25,29,Norrbottens län,Näsbyn
25140108,2514,25,29,Norrbottens län,Risön
25140115,2514,25,29,Norrbottens län,Sangis
25140118,2514,25,29,Norrbottens län,Ytterbyn
25140123,2514,25,29,Norrbottens län,Kalix C
25140125,2514,25,29,Norrbottens län,Stenbäcken
25140221,2514,25,29,Norrbottens län,Töre
25180101,2518,25,29,Norrbottens län,Hedenäset
25180102,2518,25,29,Norrbottens län,Kuivakangas
25180103,2518,25,29,Norrbottens län,Svanstein
25180104,2518,25,29,Norrbottens län,Övertorneå
25210001,2521,25,29,Norrbottens län,Pajala norra
25210002,2521,25,29,Norrbottens län,Pajala södra
25210004,2521,25,29,Norrbottens län,Junosuando - Tärendö
25210005,2521,25,29,Norrbottens län,Korpilombolo
25230001,2523,25,29,Norrbottens län,Gällivare Södra
25230002,2523,25,29,Norrbottens län,Gällivare Norra
25230003,2523,25,29,Norrbottens län,Gällivare Västra
25230005,2523,25,29,Norrbottens län,Heden
25230006,2523,25,29,Norrbottens län,Koskullskulle
25230007,2523,25,29,Norrbottens län,Maria
25230008,2523,25,29,Norrbottens län,Mellanområdet
25230009,2523,25,29,Norrbottens län,Sjöparken
25230011,2523,25,29,Norrbottens län,Dundret
25230012,2523,25,29,Norrbottens län,Gällivare Centrum V
25230013,2523,25,29,Norrbottens län,Gällivare Centrum Ö
25600209,2560,25,29,Norrbottens län,Vidsel
25600211,2560,25,29,Norrbottens län,Älvsbyns N
25600212,2560,25,29,Norrbottens län,Älvsbyns Ö
25600214,2560,25,29,Norrbottens län,Älvsbyns V
25800101,2580,25,29,Norrbottens län,Varvet
25800102,2580,25,29,Norrbottens län,Stadsparken
25800103,2580,25,29,Norrbottens län,Kulturens hus
25800104,2580,25,29,Norrbottens län,Gültzauudden-Norra hamn
25800105,2580,25,29,Norrbottens län,Östermalm
25800106,2580,25,29,Norrbottens län,Bergviken
25800107,2580,25,29,Norrbottens län,Kallkällan
25800108,2580,25,29,Norrbottens län,Munkeberg
25800109,2580,25,29,Norrbottens län,Mjölkudden
25800111,2580,25,29,Norrbottens län,Notviken
25800112,2580,25,29,Norrbottens län,Köpmantorget
25800113,2580,25,29,Norrbottens län,Södra hamn
25800212,2580,25,29,Norrbottens län,Burströmska
25800213,2580,25,29,Norrbottens län,Malmudden
25800214,2580,25,29,Norrbottens län,Svartöstan-Lövskatan
25800215,2580,25,29,Norrbottens län,Södra Örnäset
25800216,2580,25,29,Norrbottens län,Skurholmen
25800217,2580,25,29,Norrbottens län,Norra Örnäset
25800220,2580,25,29,Norrbottens län,Klintbacken
25800221,2580,25,29,Norrbottens län,Lulsundet
25800222,2580,25,29,Norrbottens län,Kronan
25800223,2580,25,29,Norrbottens län,Hällbacken
25800237,2580,25,29,Norrbottens län,Hertsöcentrum
25800259,2580,25,29,Norrbottens län,Hertsölund
25800260,2580,25,29,Norrbottens län,Hertsöängar
25800267,2580,25,29,Norrbottens län,Björkskatan norra
25800268,2580,25,29,Norrbottens län,Björkskatan södra
25800270,2580,25,29,Norrbottens län,Bredviken-Lerbäcken
25800323,2580,25,29,Norrbottens län,Alvik-Ersnäs
25800324,2580,25,29,Norrbottens län,Antnäs-Måttsund
25800325,2580,25,29,Norrbottens län,Avan-Bälinge-Klöverträsk
25800326,2580,25,29,Norrbottens län,Bensbyn-Brändön
25800327,2580,25,29,Norrbottens län,G:a Bergnäset-Kallax-Gäddvik
25800328,2580,25,29,Norrbottens län,Trollstaden
25800335,2580,25,29,Norrbottens län,Gammelstad
25800344,2580,25,29,Norrbottens län,Persön
25800346,2580,25,29,Norrbottens län,Rutvik
25800349,2580,25,29,Norrbottens län,Öhemmanet-Karlsvik
25800350,2580,25,29,Norrbottens län,Hammaren
25800355,2580,25,29,Norrbottens län,Bergstaden
25800361,2580,25,29,Norrbottens län,Stadsön
25800362,2580,25,29,Norrbottens län,Porsöudden
25800363,2580,25,29,Norrbottens län,Porsöberget
25800364,2580,25,29,Norrbottens län,Universitetet
25800365,2580,25,29,Norrbottens län,Lillporsön
25800371,2580,25,29,Norrbottens län,Sunderbyn
25800439,2580,25,29,Norrbottens län,Jämtön-Vitå
25800442,2580,25,29,Norrbottens län,Niemisel-Prästholm
25800447,2580,25,29,Norrbottens län,Råneå
25810001,2581,25,29,Norrbottens län,Roknäs Lillpite Markbygden
25810002,2581,25,29,Norrbottens län,Sjulsmark Alterdalen Sikfors
25810003,2581,25,29,Norrbottens län,Sjulnäs Böle
25810004,2581,25,29,Norrbottens län,Svensbyn
25810005,2581,25,29,Norrbottens län,Porsnäs Östra
25810006,2581,25,29,Norrbottens län,Porsnäs Västra
25810007,2581,25,29,Norrbottens län,Rosvik
25810008,2581,25,29,Norrbottens län,Bergsviken Västra
25810009,2581,25,29,Norrbottens län,Bergsviken Östra
25810010,2581,25,29,Norrbottens län,Hortlax
25810011,2581,25,29,Norrbottens län,Öjebyn Centrala
25810012,2581,25,29,Norrbottens län,Öjebyn Norra
25810013,2581,25,29,Norrbottens län,Öjebyn Södra
25810014,2581,25,29,Norrbottens län,Djupviken Norra
25810015,2581,25,29,Norrbottens län,Djupviken Södra
25810016,2581,25,29,Norrbottens län,Backen Annelund
25810017,2581,25,29,Norrbottens län,Backen Källbo
25810018,2581,25,29,Norrbottens län,Häggholmen Västra
25810019,2581,25,29,Norrbottens län,Norrmalm
25810020,2581,25,29,Norrbottens län,Häggholmen Östra
25810021,2581,25,29,Norrbottens län,Strömnäs
25810022,2581,25,29,Norrbottens län,Pitholm
25810023,2581,25,29,Norrbottens län,Klubbgärdet
25810024,2581,25,29,Norrbottens län,Munksund Norra
25810025,2581,25,29,Norrbottens län,Munksund Södra
25810026,2581,25,29,Norrbottens län,Blåsmark Hemmingsmark
25810027,2581,25,29,Norrbottens län,Jävre
25820101,2582,25,29,Norrbottens län,Sveafältet
25820102,2582,25,29,Norrbottens län,Björknäs
25820103,2582,25,29,Norrbottens län,Centrum norra
25820104,2582,25,29,Norrbottens län,Prästholmen
25820105,2582,25,29,Norrbottens län,Erikslund- Fagernäs
25820113,2582,25,29,Norrbottens län,Svartbjörsbyn-Skogså
25820115,2582,25,29,Norrbottens län,Heden - Södra Bredåker
25820116,2582,25,29,Norrbottens län,Bodsvedjan - Unbyn
25820117,2582,25,29,Norrbottens län,Vittjärv - Norra Bredåker
25820124,2582,25,29,Norrbottens län,Centrum södra
25820132,2582,25,29,Norrbottens län,Torpgärdan
25820133,2582,25,29,Norrbottens län,Sanden
25820136,2582,25,29,Norrbottens län,Svartbyn
25820139,2582,25,29,Norrbottens län,Trångfors
25820220,2582,25,29,Norrbottens län,Gunnarsbyn
25820328,2582,25,29,Norrbottens län,Harads
25820409,2582,25,29,Norrbottens län,Sävastön
25820440,2582,25,29,Norrbottens län,Sävast
25830101,2583,25,29,Norrbottens län,Haparanda Norra
25830102,2583,25,29,Norrbottens län,Nikkala
25830103,2583,25,29,Norrbottens län,Seskarö
25830114,2583,25,29,Norrbottens län,Haparanda Södra
25830115,2583,25,29,Norrbottens län,Marielund
25830116,2583,25,29,Norrbottens län,Grankullen
25830408,2583,25,29,Norrbottens län,Karungi
25840001,2584,25,29,Norrbottens län,Tuolluvaara-Nya Centrum
25840002,2584,25,29,Norrbottens län,Högalid och Sandstensberget
25840003,2584,25,29,Norrbottens län,Övre Norrmalm-Gamla Centrum
25840004,2584,25,29,Norrbottens län,Kiruna nordost
25840005,2584,25,29,Norrbottens län,Bolaget-Triangeln
25840006,2584,25,29,Norrbottens län,Kurra – Jägarområdet – N Stråket
25840007,2584,25,29,Norrbottens län,Östermalm
25840009,2584,25,29,Norrbottens län,Lombolo västra
25840010,2584,25,29,Norrbottens län,Jukkasjärvi
25840011,2584,25,29,Norrbottens län,Lombolo mellersta
25840012,2584,25,29,Norrbottens län,Kiruna sydost
25840013,2584,25,29,Norrbottens län,Luossavaara-Abisko
25840015,2584,25,29,Norrbottens län,Lombolo östra-Nikkaluoktavägen
